date,predicted_wh
2016-01-18 23:00:00,57.70582030067027
2016-01-18 23:10:00,49.47202220459326
2016-01-18 23:20:00,57.10010191110855
2016-01-18 23:30:00,55.55630726162198
2016-01-18 23:40:00,53.58699680942171
2016-01-18 23:50:00,49.884362173006394
2016-01-19 00:00:00,45.14690351607489
2016-01-19 00:10:00,50.03610980923359
2016-01-19 00:20:00,54.877628515292635
2016-01-19 00:30:00,50.53405668589588
2016-01-19 00:40:00,44.50685529897151
2016-01-19 00:50:00,39.58110096313458
2016-01-19 01:00:00,47.22717691989703
2016-01-19 01:10:00,47.97357457879597
2016-01-19 01:20:00,50.0416734384105
2016-01-19 01:30:00,46.04793800848404
2016-01-19 01:40:00,46.95808102571904
2016-01-19 01:50:00,47.063665607035944
2016-01-19 02:00:00,40.426413877386096
2016-01-19 02:10:00,40.82347629674606
2016-01-19 02:20:00,41.199544733690104
2016-01-19 02:30:00,41.11138562446818
2016-01-19 02:40:00,45.244532296163364
2016-01-19 02:50:00,52.057814987057796
2016-01-19 03:00:00,53.25096063908963
2016-01-19 03:10:00,47.93639433884382
2016-01-19 03:20:00,48.04014083459688
2016-01-19 03:30:00,48.08588546356129
2016-01-19 03:40:00,43.42764863883479
2016-01-19 03:50:00,42.33005249594865
2016-01-19 04:00:00,47.8727024736224
2016-01-19 04:10:00,48.88632552024805
2016-01-19 04:20:00,46.115063026360886
2016-01-19 04:30:00,38.752837819035825
2016-01-19 04:40:00,42.134724720681184
2016-01-19 04:50:00,36.421114457656756
2016-01-19 05:00:00,41.50912608684996
2016-01-19 05:10:00,41.430818527640305
2016-01-19 05:20:00,52.71261612105393
2016-01-19 05:30:00,56.163186819785224
2016-01-19 05:40:00,51.23846922775284
2016-01-19 05:50:00,52.00903212760137
2016-01-19 06:00:00,48.509321502034275
2016-01-19 06:10:00,47.12341056727677
2016-01-19 06:20:00,48.691695556005456
2016-01-19 06:30:00,59.34132682856077
2016-01-19 06:40:00,55.49613886768293
2016-01-19 06:50:00,52.457622374041414
2016-01-19 07:00:00,48.01170595060828
2016-01-19 07:10:00,43.56028795283632
2016-01-19 07:20:00,50.593136805137675
2016-01-19 07:30:00,54.30456328987135
2016-01-19 07:40:00,58.86817105971043
2016-01-19 07:50:00,55.650034809804175
2016-01-19 08:00:00,50.99281804482802
2016-01-19 08:10:00,49.28507827212671
2016-01-19 08:20:00,42.69158406016313
2016-01-19 08:30:00,44.09861500094467
2016-01-19 08:40:00,52.797461244301985
2016-01-19 08:50:00,51.418502818006274
2016-01-19 09:00:00,46.43953865474256
2016-01-19 09:10:00,43.35814033017515
2016-01-19 09:20:00,44.72300465552892
2016-01-19 09:30:00,39.14942168751105
2016-01-19 09:40:00,47.0607844565207
2016-01-19 09:50:00,53.1798319490165
2016-01-19 10:00:00,54.24486408200704
2016-01-19 10:10:00,51.35011461422158
2016-01-19 10:20:00,47.14554215425903
2016-01-19 10:30:00,51.68087969040427
2016-01-19 10:40:00,52.81738849708022
2016-01-19 10:50:00,50.64104130740346
2016-01-19 11:00:00,42.859534913604406
2016-01-19 11:10:00,43.05409847789477
2016-01-19 11:20:00,48.22747430351938
2016-01-19 11:30:00,42.235538114033595
2016-01-19 11:40:00,42.97986298489483
2016-01-19 11:50:00,52.574016492250344
2016-01-19 12:00:00,57.872865919064495
2016-01-19 12:10:00,53.33328887629256
2016-01-19 12:20:00,52.86297156166656
2016-01-19 12:30:00,47.83824897316341
2016-01-19 12:40:00,48.11763159888577
2016-01-19 12:50:00,52.6564588677991
2016-01-19 13:00:00,54.331594325205
2016-01-19 13:10:00,55.697986704894916
2016-01-19 13:20:00,53.43798734721548
2016-01-19 13:30:00,49.008039804034965
2016-01-19 13:40:00,39.99846892782071
2016-01-19 13:50:00,44.73281962997939
2016-01-19 14:00:00,49.21573494829309
2016-01-19 14:10:00,50.93420658081726
2016-01-19 14:20:00,57.24375601742459
2016-01-19 14:30:00,56.25495750207813
2016-01-19 14:40:00,53.54240113304754
2016-01-19 14:50:00,45.55354291086915
2016-01-19 15:00:00,46.457654757670845
2016-01-19 15:10:00,51.156533473603176
2016-01-19 15:20:00,51.83402628520485
2016-01-19 15:30:00,49.673309711596545
2016-01-19 15:40:00,50.45724450201707
2016-01-19 15:50:00,52.83963835793525
2016-01-19 16:00:00,38.821842963903045
2016-01-19 16:10:00,39.28008952818823
2016-01-19 16:20:00,50.82584254479328
2016-01-19 16:30:00,56.689847578169285
2016-01-19 16:40:00,54.267539441395556
2016-01-19 16:50:00,53.571887617790075
2016-01-19 17:00:00,48.29585830026008
2016-01-19 17:10:00,48.8294394184402
2016-01-19 17:20:00,51.27022968144485
2016-01-19 17:30:00,47.09054366067486
2016-01-19 17:40:00,46.86466238297045
2016-01-19 17:50:00,55.694414552534454
2016-01-19 18:00:00,65.55766944293853
2016-01-19 18:10:00,250.2372769992581
2016-01-19 18:20:00,201.23809255155993
2016-01-19 18:30:00,137.10940174802246
2016-01-19 18:40:00,123.28280738340318
2016-01-19 18:50:00,112.49196887769595
2016-01-19 19:00:00,128.58663370813304
2016-01-19 19:10:00,147.01745210182025
2016-01-19 19:20:00,177.85091719542243
2016-01-19 19:30:00,350.2897884841581
2016-01-19 19:40:00,273.7740451877719
2016-01-19 19:50:00,277.8554151973046
2016-01-19 20:00:00,251.37878931312477
2016-01-19 20:10:00,264.1832974252241
2016-01-19 20:20:00,210.64384485397582
2016-01-19 20:30:00,279.83460142366584
2016-01-19 20:40:00,243.66092899595876
2016-01-19 20:50:00,217.17122662527862
2016-01-19 21:00:00,248.59957080813112
2016-01-19 21:10:00,217.6503974670762
2016-01-19 21:20:00,189.3802725735872
2016-01-19 21:30:00,106.17620150327917
2016-01-19 21:40:00,112.74671755189668
2016-01-19 21:50:00,121.04760971241458
2016-01-19 22:00:00,116.28748190420225
2016-01-19 22:10:00,107.9534829296119
2016-01-19 22:20:00,97.61130105688554
2016-01-19 22:30:00,67.15906037757222
2016-01-19 22:40:00,48.12435017088822
2016-01-19 22:50:00,47.64818346185168
2016-01-19 23:00:00,50.354847193137985
2016-01-19 23:10:00,51.5996667236581
2016-01-19 23:20:00,55.13557833799362
2016-01-19 23:30:00,53.393276796371325
2016-01-19 23:40:00,50.63331600204102
2016-01-19 23:50:00,43.997931513533075
2016-01-20 00:00:00,47.02677359154561
2016-01-20 00:10:00,45.19399553961553
2016-01-20 00:20:00,45.179060287738466
2016-01-20 00:30:00,48.612542284927436
2016-01-20 00:40:00,45.58139546736834
2016-01-20 00:50:00,39.72303921926559
2016-01-20 01:00:00,41.67541010956843
2016-01-20 01:10:00,46.994193851303464
2016-01-20 01:20:00,48.46958060100969
2016-01-20 01:30:00,51.6438670408282
2016-01-20 01:40:00,48.70060521157704
2016-01-20 01:50:00,48.1817970094863
2016-01-20 02:00:00,46.956122546901206
2016-01-20 02:10:00,45.10464507791187
2016-01-20 02:20:00,39.62316515798163
2016-01-20 02:30:00,40.22512871959457
2016-01-20 02:40:00,44.97896575842534
2016-01-20 02:50:00,42.63763762361039
2016-01-20 03:00:00,38.35923469209364
2016-01-20 03:10:00,41.99070431658575
2016-01-20 03:20:00,49.90132878153517
2016-01-20 03:30:00,53.21636405611669
2016-01-20 03:40:00,52.209626435440235
2016-01-20 03:50:00,48.115924295281175
2016-01-20 04:00:00,48.78078690735744
2016-01-20 04:10:00,45.482614191359026
2016-01-20 04:20:00,43.279881284835845
2016-01-20 04:30:00,47.544722334476006
2016-01-20 04:40:00,48.21286421666599
2016-01-20 04:50:00,45.47679050655612
2016-01-20 05:00:00,37.13116963549263
2016-01-20 05:10:00,38.30504558991211
2016-01-20 05:20:00,42.14576832878523
2016-01-20 05:30:00,47.82201270645204
2016-01-20 05:40:00,54.28636947376011
2016-01-20 05:50:00,55.29095970771005
2016-01-20 06:00:00,53.64100104779706
2016-01-20 06:10:00,51.269509148695875
2016-01-20 06:20:00,45.421227103652754
2016-01-20 06:30:00,57.72440104113281
2016-01-20 06:40:00,52.060125147827335
2016-01-20 06:50:00,52.23324700410079
2016-01-20 07:00:00,176.71052153994992
2016-01-20 07:10:00,80.6295176675916
2016-01-20 07:20:00,62.475953165414936
2016-01-20 07:30:00,54.77919019357174
2016-01-20 07:40:00,67.20644218629974
2016-01-20 07:50:00,71.28481004139466
2016-01-20 08:00:00,66.26351081642657
2016-01-20 08:10:00,84.8195974121432
2016-01-20 08:20:00,145.9079494147477
2016-01-20 08:30:00,157.05378499782435
2016-01-20 08:40:00,178.5360681291575
2016-01-20 08:50:00,181.6022348626126
2016-01-20 09:00:00,212.51376271871771
2016-01-20 09:10:00,112.78415646744945
2016-01-20 09:20:00,57.18252162807544
2016-01-20 09:30:00,58.368274737018616
2016-01-20 09:40:00,60.45688239531717
2016-01-20 09:50:00,65.86513772849945
2016-01-20 10:00:00,54.15073473803742
2016-01-20 10:10:00,62.09059018614347
2016-01-20 10:20:00,79.15344013216793
2016-01-20 10:30:00,92.54780151480313
2016-01-20 10:40:00,68.0568795222397
2016-01-20 10:50:00,98.3269508069716
2016-01-20 11:00:00,72.96429009549173
2016-01-20 11:10:00,75.61912582382986
2016-01-20 11:20:00,92.00136640809038
2016-01-20 11:30:00,81.25461039794969
2016-01-20 11:40:00,105.89808207747402
2016-01-20 11:50:00,81.2094077878709
2016-01-20 12:00:00,85.35485391359292
2016-01-20 12:10:00,89.25217235367045
2016-01-20 12:20:00,137.55422200166615
2016-01-20 12:30:00,83.08232171819323
2016-01-20 12:40:00,60.40848434549206
2016-01-20 12:50:00,59.70369676760384
2016-01-20 13:00:00,59.38095924737744
2016-01-20 13:10:00,60.81813930301358
2016-01-20 13:20:00,62.13596722379286
2016-01-20 13:30:00,58.667250259882636
2016-01-20 13:40:00,64.35484085566927
2016-01-20 13:50:00,61.98228969298631
2016-01-20 14:00:00,69.30061708609024
2016-01-20 14:10:00,65.99632539642151
2016-01-20 14:20:00,72.53461987537756
2016-01-20 14:30:00,54.424789426758984
2016-01-20 14:40:00,51.39033178906261
2016-01-20 14:50:00,53.35697206040923
2016-01-20 15:00:00,65.2492746241695
2016-01-20 15:10:00,74.17061622405095
2016-01-20 15:20:00,71.06264185678985
2016-01-20 15:30:00,70.4867923892436
2016-01-20 15:40:00,64.21602679118173
2016-01-20 15:50:00,75.2698924463304
2016-01-20 16:00:00,76.84028523098578
2016-01-20 16:10:00,80.36064050174586
2016-01-20 16:20:00,85.16434134496127
2016-01-20 16:30:00,82.69470887342148
2016-01-20 16:40:00,77.56906554261678
2016-01-20 16:50:00,73.1196628156063
2016-01-20 17:00:00,100.3739192134358
2016-01-20 17:10:00,91.61014937711731
2016-01-20 17:20:00,72.2539197348778
2016-01-20 17:30:00,75.67639858251565
2016-01-20 17:40:00,239.65849400851798
2016-01-20 17:50:00,193.14327481638566
2016-01-20 18:00:00,104.93095179398533
2016-01-20 18:10:00,104.53074878677084
2016-01-20 18:20:00,103.36334826704031
2016-01-20 18:30:00,114.55879804975902
2016-01-20 18:40:00,134.76234817668987
2016-01-20 18:50:00,147.40284170118358
2016-01-20 19:00:00,410.28043792997744
2016-01-20 19:10:00,403.86142276166873
2016-01-20 19:20:00,334.31950379409545
2016-01-20 19:30:00,320.06690197545885
2016-01-20 19:40:00,333.6566221331741
2016-01-20 19:50:00,279.0389862474876
2016-01-20 20:00:00,247.16362287120805
2016-01-20 20:10:00,137.10199515977249
2016-01-20 20:20:00,130.25248628181268
2016-01-20 20:30:00,116.29558011844291
2016-01-20 20:40:00,148.72417070156277
2016-01-20 20:50:00,261.4085378472834
2016-01-20 21:00:00,253.6275036285006
2016-01-20 21:10:00,221.64478900728142
2016-01-20 21:20:00,243.27287107580804
2016-01-20 21:30:00,177.7859324755801
2016-01-20 21:40:00,170.28358533492874
2016-01-20 21:50:00,105.43063766024491
2016-01-20 22:00:00,87.9944639534612
2016-01-20 22:10:00,73.68249725972143
2016-01-20 22:20:00,71.57728911134787
2016-01-20 22:30:00,74.66854590966226
2016-01-20 22:40:00,89.18651458881612
2016-01-20 22:50:00,110.99537933593625
2016-01-20 23:00:00,86.65669591157616
2016-01-20 23:10:00,52.6308182268398
2016-01-20 23:20:00,50.86437333884168
2016-01-20 23:30:00,49.76515721516156
2016-01-20 23:40:00,52.154560972604386
2016-01-20 23:50:00,55.17501245266864
2016-01-21 00:00:00,54.371714164976304
2016-01-21 00:10:00,51.97601462243428
2016-01-21 00:20:00,52.31612444393272
2016-01-21 00:30:00,48.22129303489873
2016-01-21 00:40:00,44.0554371231787
2016-01-21 00:50:00,41.64657575688255
2016-01-21 01:00:00,49.57520475160118
2016-01-21 01:10:00,54.36965529662518
2016-01-21 01:20:00,53.07646455994763
2016-01-21 01:30:00,52.420027922229536
2016-01-21 01:40:00,50.56248010842059
2016-01-21 01:50:00,49.00600357001138
2016-01-21 02:00:00,40.17727011703184
2016-01-21 02:10:00,47.987901502792994
2016-01-21 02:20:00,46.131708983538715
2016-01-21 02:30:00,42.52078728147956
2016-01-21 02:40:00,43.0477636255499
2016-01-21 02:50:00,40.48829880764891
2016-01-21 03:00:00,46.445871247414104
2016-01-21 03:10:00,52.19887675565072
2016-01-21 03:20:00,50.189521966941605
2016-01-21 03:30:00,46.42110732919583
2016-01-21 03:40:00,39.97788898502493
2016-01-21 03:50:00,46.35984294421863
2016-01-21 04:00:00,48.81935085098782
2016-01-21 04:10:00,50.061950131187565
2016-01-21 04:20:00,44.41085241117487
2016-01-21 04:30:00,37.318958786571955
2016-01-21 04:40:00,37.40413501745339
2016-01-21 04:50:00,43.5103893650452
2016-01-21 05:00:00,51.110661795743525
2016-01-21 05:10:00,53.293312120058914
2016-01-21 05:20:00,51.104126777981925
2016-01-21 05:30:00,50.84174116241786
2016-01-21 05:40:00,49.520109972253735
2016-01-21 05:50:00,43.061845035299584
2016-01-21 06:00:00,39.72262831131641
2016-01-21 06:10:00,48.15183309371262
2016-01-21 06:20:00,53.03104639458127
2016-01-21 06:30:00,55.775192035414435
2016-01-21 06:40:00,44.481117742987074
2016-01-21 06:50:00,44.436952722020074
2016-01-21 07:00:00,61.5519450217366
2016-01-21 07:10:00,63.26089738020133
2016-01-21 07:20:00,62.9704834446532
2016-01-21 07:30:00,56.072153843870524
2016-01-21 07:40:00,67.38893133619523
2016-01-21 07:50:00,57.28669362688995
2016-01-21 08:00:00,58.14120426481655
2016-01-21 08:10:00,49.57852798051501
2016-01-21 08:20:00,42.873489918818095
2016-01-21 08:30:00,41.631811926835866
2016-01-21 08:40:00,48.32676829035782
2016-01-21 08:50:00,63.11074727361698
2016-01-21 09:00:00,58.37481980541036
2016-01-21 09:10:00,55.9021380151928
2016-01-21 09:20:00,55.77055729360239
2016-01-21 09:30:00,55.44562195249703
2016-01-21 09:40:00,57.25497893532394
2016-01-21 09:50:00,53.897503396406364
2016-01-21 10:00:00,50.77036636483618
2016-01-21 10:10:00,47.05906424952838
2016-01-21 10:20:00,51.92347831195217
2016-01-21 10:30:00,66.42950896624065
2016-01-21 10:40:00,73.43745190783295
2016-01-21 10:50:00,67.37988836563403
2016-01-21 11:00:00,61.21291542497047
2016-01-21 11:10:00,62.87201483433577
2016-01-21 11:20:00,65.82557629322658
2016-01-21 11:30:00,61.48832847046192
2016-01-21 11:40:00,56.98596450631596
2016-01-21 11:50:00,55.92486380613279
2016-01-21 12:00:00,45.4223944470248
2016-01-21 12:10:00,53.391625956971
2016-01-21 12:20:00,54.75343549932537
2016-01-21 12:30:00,58.49841983613122
2016-01-21 12:40:00,60.38744480462033
2016-01-21 12:50:00,46.75053216187499
2016-01-21 13:00:00,42.17810649832533
2016-01-21 13:10:00,46.209715469716144
2016-01-21 13:20:00,48.15867742168295
2016-01-21 13:30:00,45.276913361697
2016-01-21 13:40:00,145.59418937053383
2016-01-21 13:50:00,91.05031677553868
2016-01-21 14:00:00,116.90676732784956
2016-01-21 14:10:00,66.76454090260309
2016-01-21 14:20:00,70.55297070261965
2016-01-21 14:30:00,77.34218063067678
2016-01-21 14:40:00,72.33251161321424
2016-01-21 14:50:00,59.914285264681475
2016-01-21 15:00:00,53.32315381431774
2016-01-21 15:10:00,48.855898702188135
2016-01-21 15:20:00,54.35833068986959
2016-01-21 15:30:00,62.7512900922447
2016-01-21 15:40:00,47.43786354565275
2016-01-21 15:50:00,46.58616984885623
2016-01-21 16:00:00,47.39387630602473
2016-01-21 16:10:00,52.51059963932286
2016-01-21 16:20:00,44.94375784376402
2016-01-21 16:30:00,47.64116287329626
2016-01-21 16:40:00,45.63238568398789
2016-01-21 16:50:00,45.56275187222585
2016-01-21 17:00:00,48.03267215929395
2016-01-21 17:10:00,47.52783951102436
2016-01-21 17:20:00,52.13169928359883
2016-01-21 17:30:00,50.387613700201115
2016-01-21 17:40:00,43.18000942846723
2016-01-21 17:50:00,46.671393445305
2016-01-21 18:00:00,53.847232797466624
2016-01-21 18:10:00,63.95002688602024
2016-01-21 18:20:00,83.55808347211708
2016-01-21 18:30:00,158.23442095744943
2016-01-21 18:40:00,215.2202823803138
2016-01-21 18:50:00,274.8888646203538
2016-01-21 19:00:00,230.81094186429124
2016-01-21 19:10:00,242.1206536655165
2016-01-21 19:20:00,199.588233222469
2016-01-21 19:30:00,211.98524238227478
2016-01-21 19:40:00,121.62034297436244
2016-01-21 19:50:00,128.01308830372696
2016-01-21 20:00:00,133.6358845922783
2016-01-21 20:10:00,141.81869492883018
2016-01-21 20:20:00,125.24702281198977
2016-01-21 20:30:00,123.01418659881746
2016-01-21 20:40:00,146.07179995444392
2016-01-21 20:50:00,180.17376024908617
2016-01-21 21:00:00,159.92997270899622
2016-01-21 21:10:00,162.42170267869642
2016-01-21 21:20:00,157.67850277164374
2016-01-21 21:30:00,147.4600501296633
2016-01-21 21:40:00,128.68486262852107
2016-01-21 21:50:00,110.02948508470753
2016-01-21 22:00:00,97.0924187873273
2016-01-21 22:10:00,84.56983825390706
2016-01-21 22:20:00,85.05396723138887
2016-01-21 22:30:00,70.72231873812703
2016-01-21 22:40:00,56.325758661104544
2016-01-21 22:50:00,51.289876850746815
2016-01-21 23:00:00,48.87175763774203
2016-01-21 23:10:00,48.41208813015851
2016-01-21 23:20:00,47.9655324791379
2016-01-21 23:30:00,44.28334942313287
2016-01-21 23:40:00,50.46528693875257
2016-01-21 23:50:00,50.63254886804703
2016-01-22 00:00:00,44.644700275833024
2016-01-22 00:10:00,45.818734174812484
2016-01-22 00:20:00,43.32443062531123
2016-01-22 00:30:00,45.13112399399461
2016-01-22 00:40:00,45.41167000760744
2016-01-22 00:50:00,44.68146649237494
2016-01-22 01:00:00,47.06246081069364
2016-01-22 01:10:00,39.22511040105816
2016-01-22 01:20:00,39.86791886004216
2016-01-22 01:30:00,42.01231905862914
2016-01-22 01:40:00,50.09930400447198
2016-01-22 01:50:00,51.20204736596309
2016-01-22 02:00:00,50.84360294362811
2016-01-22 02:10:00,45.52131202580281
2016-01-22 02:20:00,45.86660860280533
2016-01-22 02:30:00,45.809863232920584
2016-01-22 02:40:00,39.59781400040713
2016-01-22 02:50:00,38.96494210986373
2016-01-22 03:00:00,39.091483235018885
2016-01-22 03:10:00,39.35884145217333
2016-01-22 03:20:00,47.342311955505515
2016-01-22 03:30:00,49.63022284422268
2016-01-22 03:40:00,49.92741242343887
2016-01-22 03:50:00,50.007660437256746
2016-01-22 04:00:00,44.41787405659765
2016-01-22 04:10:00,45.5353042247648
2016-01-22 04:20:00,38.3116400409824
2016-01-22 04:30:00,42.605086939640266
2016-01-22 04:40:00,46.982397207602894
2016-01-22 04:50:00,50.116476304364156
2016-01-22 05:00:00,44.88476846282633
2016-01-22 05:10:00,36.879334618552555
2016-01-22 05:20:00,39.2408743201498
2016-01-22 05:30:00,50.25087416982457
2016-01-22 05:40:00,54.78275121657479
2016-01-22 05:50:00,52.81690318695358
2016-01-22 06:00:00,53.118743241391165
2016-01-22 06:10:00,51.17119672968902
2016-01-22 06:20:00,44.27901064069026
2016-01-22 06:30:00,47.205272075391456
2016-01-22 06:40:00,45.97525017641238
2016-01-22 06:50:00,45.742658672963515
2016-01-22 07:00:00,42.98163461645799
2016-01-22 07:10:00,47.36074783222575
2016-01-22 07:20:00,47.24101335825201
2016-01-22 07:30:00,50.255899221794145
2016-01-22 07:40:00,61.215452429235235
2016-01-22 07:50:00,56.79203431671352
2016-01-22 08:00:00,58.77216550479481
2016-01-22 08:10:00,51.127488528276096
2016-01-22 08:20:00,50.85424356468497
2016-01-22 08:30:00,57.081317226086426
2016-01-22 08:40:00,69.61341673041434
2016-01-22 08:50:00,70.03942600412246
2016-01-22 09:00:00,55.522887813122395
2016-01-22 09:10:00,76.98799716759926
2016-01-22 09:20:00,139.84618194983244
2016-01-22 09:30:00,73.99765205634111
2016-01-22 09:40:00,63.688304820528444
2016-01-22 09:50:00,72.66341001912086
2016-01-22 10:00:00,78.71321179942827
2016-01-22 10:10:00,72.06860344751395
2016-01-22 10:20:00,68.5824207182351
2016-01-22 10:30:00,93.1686232264453
2016-01-22 10:40:00,125.64121496619897
2016-01-22 10:50:00,120.94887238551429
2016-01-22 11:00:00,139.02718707147469
2016-01-22 11:10:00,151.28041515546346
2016-01-22 11:20:00,142.42689581278884
2016-01-22 11:30:00,77.86980898150408
2016-01-22 11:40:00,49.35730995272676
2016-01-22 11:50:00,51.78929092660924
2016-01-22 12:00:00,53.09348230645778
2016-01-22 12:10:00,50.74622110747793
2016-01-22 12:20:00,48.911881107405335
2016-01-22 12:30:00,45.355908227050534
2016-01-22 12:40:00,41.46045327268569
2016-01-22 12:50:00,44.30502977491028
2016-01-22 13:00:00,45.07674261518534
2016-01-22 13:10:00,51.52604859568468
2016-01-22 13:20:00,53.58391218679079
2016-01-22 13:30:00,51.805128486596594
2016-01-22 13:40:00,44.24218371609933
2016-01-22 13:50:00,44.66683482464047
2016-01-22 14:00:00,49.58178109865504
2016-01-22 14:10:00,47.83586072004594
2016-01-22 14:20:00,38.957303116506125
2016-01-22 14:30:00,35.95282790688516
2016-01-22 14:40:00,36.51507136363237
2016-01-22 14:50:00,41.517210709128484
2016-01-22 15:00:00,44.39982419722446
2016-01-22 15:10:00,49.605175953101444
2016-01-22 15:20:00,50.96643026628665
2016-01-22 15:30:00,47.42130257379881
2016-01-22 15:40:00,39.69598477008134
2016-01-22 15:50:00,39.750673392478184
2016-01-22 16:00:00,43.443361010729504
2016-01-22 16:10:00,44.06842087747283
2016-01-22 16:20:00,42.8399586887202
2016-01-22 16:30:00,36.4950915370039
2016-01-22 16:40:00,41.68043362510561
2016-01-22 16:50:00,42.92174275984093
2016-01-22 17:00:00,48.29912488329779
2016-01-22 17:10:00,47.72110051744832
2016-01-22 17:20:00,42.65895671369507
2016-01-22 17:30:00,41.17395034383325
2016-01-22 17:40:00,42.306869053953214
2016-01-22 17:50:00,43.42180182830434
2016-01-22 18:00:00,47.11101642983851
2016-01-22 18:10:00,45.982263617132546
2016-01-22 18:20:00,36.97777308257211
2016-01-22 18:30:00,37.78898199468859
2016-01-22 18:40:00,46.20881338952768
2016-01-22 18:50:00,51.658474850340134
2016-01-22 19:00:00,53.2260192764782
2016-01-22 19:10:00,51.296682391001575
2016-01-22 19:20:00,53.70527185493089
2016-01-22 19:30:00,47.72844043133426
2016-01-22 19:40:00,47.836145907413304
2016-01-22 19:50:00,42.88415433944785
2016-01-22 20:00:00,39.330817696411444
2016-01-22 20:10:00,38.170713617598196
2016-01-22 20:20:00,40.22084307647634
2016-01-22 20:30:00,42.895916445751595
2016-01-22 20:40:00,53.61400798294504
2016-01-22 20:50:00,54.536401657348655
2016-01-22 21:00:00,48.19704086422458
2016-01-22 21:10:00,46.05909362885178
2016-01-22 21:20:00,45.976097407154164
2016-01-22 21:30:00,45.24508159286844
2016-01-22 21:40:00,43.17194904944148
2016-01-22 21:50:00,38.698408026719314
2016-01-22 22:00:00,36.934317285637455
2016-01-22 22:10:00,40.33869571728177
2016-01-22 22:20:00,43.22303526151712
2016-01-22 22:30:00,46.167825382742784
2016-01-22 22:40:00,43.529865170504834
2016-01-22 22:50:00,40.913551820212284
2016-01-22 23:00:00,39.50979041856695
2016-01-22 23:10:00,38.82671410197699
2016-01-22 23:20:00,42.42855676488072
2016-01-22 23:30:00,38.5046495760117
2016-01-22 23:40:00,36.18751337108294
2016-01-22 23:50:00,37.087783431919156
2016-01-23 00:00:00,41.71930743690844
2016-01-23 00:10:00,49.57400329936533
2016-01-23 00:20:00,48.537328760500095
2016-01-23 00:30:00,48.13830541298234
2016-01-23 00:40:00,42.56556457558634
2016-01-23 00:50:00,44.245127760945635
2016-01-23 01:00:00,39.76943698863093
2016-01-23 01:10:00,38.50437337059064
2016-01-23 01:20:00,36.43102831499575
2016-01-23 01:30:00,37.912838467033716
2016-01-23 01:40:00,43.96557544856039
2016-01-23 01:50:00,48.566460435535554
2016-01-23 02:00:00,50.85497897282703
2016-01-23 02:10:00,48.67596097534127
2016-01-23 02:20:00,41.78766531639909
2016-01-23 02:30:00,39.85484681335652
2016-01-23 02:40:00,40.35775142618253
2016-01-23 02:50:00,41.12040357042857
2016-01-23 03:00:00,38.226261759132505
2016-01-23 03:10:00,37.43551489921891
2016-01-23 03:20:00,43.09595062822404
2016-01-23 03:30:00,46.705027564448855
2016-01-23 03:40:00,47.81829289804306
2016-01-23 03:50:00,44.36948428268347
2016-01-23 04:00:00,45.650254709381244
2016-01-23 04:10:00,40.190190061536974
2016-01-23 04:20:00,38.913489682780536
2016-01-23 04:30:00,37.815572043167485
2016-01-23 04:40:00,48.0816814934204
2016-01-23 04:50:00,39.552101277560716
2016-01-23 05:00:00,38.61784104591358
2016-01-23 05:10:00,41.18112834517499
2016-01-23 05:20:00,51.345604045403284
2016-01-23 05:30:00,51.16314137543791
2016-01-23 05:40:00,50.321175966641306
2016-01-23 05:50:00,44.209348498588945
2016-01-23 06:00:00,41.68102197289514
2016-01-23 06:10:00,46.65991659592116
2016-01-23 06:20:00,46.81866909476422
2016-01-23 06:30:00,36.78317305623582
2016-01-23 06:40:00,39.661841859526234
2016-01-23 06:50:00,49.02205531622465
2016-01-23 07:00:00,54.33946625534659
2016-01-23 07:10:00,52.22331079545691
2016-01-23 07:20:00,48.42997763660351
2016-01-23 07:30:00,49.708314446783845
2016-01-23 07:40:00,48.181525433835446
2016-01-23 07:50:00,41.71079922856698
2016-01-23 08:00:00,41.116555231144694
2016-01-23 08:10:00,38.697704667900005
2016-01-23 08:20:00,43.107180760458306
2016-01-23 08:30:00,56.50734250051337
2016-01-23 08:40:00,120.37586156762468
2016-01-23 08:50:00,91.55889650707012
2016-01-23 09:00:00,156.99608066021614
2016-01-23 09:10:00,94.35252268779676
2016-01-23 09:20:00,144.97209948667773
2016-01-23 09:30:00,115.86197716593256
2016-01-23 09:40:00,116.37223797028494
2016-01-23 09:50:00,137.95610243850155
2016-01-23 10:00:00,117.62986246683964
2016-01-23 10:10:00,140.18967722668634
2016-01-23 10:20:00,144.93086381357537
2016-01-23 10:30:00,178.13386288317653
2016-01-23 10:40:00,211.7613801836918
2016-01-23 10:50:00,121.31892414040578
2016-01-23 11:00:00,123.58382432025526
2016-01-23 11:10:00,136.78290757077622
2016-01-23 11:20:00,140.5744477813701
2016-01-23 11:30:00,125.0148842352915
2016-01-23 11:40:00,133.86659256943486
2016-01-23 11:50:00,119.22059089112243
2016-01-23 12:00:00,129.0373710349405
2016-01-23 12:10:00,119.04865877760787
2016-01-23 12:20:00,119.69220329399428
2016-01-23 12:30:00,117.87228441866272
2016-01-23 12:40:00,114.8866272818909
2016-01-23 12:50:00,151.09711791440128
2016-01-23 13:00:00,144.88526998342627
2016-01-23 13:10:00,109.871833875348
2016-01-23 13:20:00,117.05165567967876
2016-01-23 13:30:00,113.4297616183121
2016-01-23 13:40:00,113.18141175449153
2016-01-23 13:50:00,116.83333661481815
2016-01-23 14:00:00,113.64301337228518
2016-01-23 14:10:00,116.40188721204939
2016-01-23 14:20:00,114.89747408528451
2016-01-23 14:30:00,115.6958589440905
2016-01-23 14:40:00,115.62221871828376
2016-01-23 14:50:00,112.51047352109494
2016-01-23 15:00:00,119.03932137802396
2016-01-23 15:10:00,133.96575690609637
2016-01-23 15:20:00,126.02252833554778
2016-01-23 15:30:00,120.239940123204
2016-01-23 15:40:00,92.5086607347448
2016-01-23 15:50:00,97.40973698920699
2016-01-23 16:00:00,86.04747317332829
2016-01-23 16:10:00,78.14446332746283
2016-01-23 16:20:00,65.6482106278296
2016-01-23 16:30:00,55.95974733449166
2016-01-23 16:40:00,61.24645103573739
2016-01-23 16:50:00,72.44047203820213
2016-01-23 17:00:00,77.69411051333744
2016-01-23 17:10:00,170.35787805776872
2016-01-23 17:20:00,142.11528865397167
2016-01-23 17:30:00,250.48369916544905
2016-01-23 17:40:00,154.60841411955406
2016-01-23 17:50:00,131.24545006088414
2016-01-23 18:00:00,123.6435803694043
2016-01-23 18:10:00,96.37250524973474
2016-01-23 18:20:00,113.11049153307866
2016-01-23 18:30:00,141.42495260156366
2016-01-23 18:40:00,140.52099460450398
2016-01-23 18:50:00,102.2937144730115
2016-01-23 19:00:00,94.21195683344247
2016-01-23 19:10:00,90.9203079662207
2016-01-23 19:20:00,94.70092427685218
2016-01-23 19:30:00,96.10615571461805
2016-01-23 19:40:00,82.04272270331325
2016-01-23 19:50:00,79.15048608135412
2016-01-23 20:00:00,86.00684213823308
2016-01-23 20:10:00,97.8237790756957
2016-01-23 20:20:00,97.47871136402087
2016-01-23 20:30:00,89.85044259442957
2016-01-23 20:40:00,96.80724922003294
2016-01-23 20:50:00,95.65056644725229
2016-01-23 21:00:00,93.0669773245974
2016-01-23 21:10:00,87.59759147392913
2016-01-23 21:20:00,82.16845131678465
2016-01-23 21:30:00,72.97265055916056
2016-01-23 21:40:00,73.52089852392652
2016-01-23 21:50:00,78.34585840827445
2016-01-23 22:00:00,82.77284666412649
2016-01-23 22:10:00,78.39022292239798
2016-01-23 22:20:00,77.25772587223015
2016-01-23 22:30:00,74.2274891789995
2016-01-23 22:40:00,60.172578925263274
2016-01-23 22:50:00,55.91904555549388
2016-01-23 23:00:00,51.77881486614058
2016-01-23 23:10:00,48.66377858588596
2016-01-23 23:20:00,49.642501472592
2016-01-23 23:30:00,52.93157710293736
2016-01-23 23:40:00,58.873451145158604
2016-01-23 23:50:00,55.716883891238275
2016-01-24 00:00:00,58.014337254030835
2016-01-24 00:10:00,54.73589774762877
2016-01-24 00:20:00,44.18101145766776
2016-01-24 00:30:00,38.996504147669036
2016-01-24 00:40:00,44.17497936084873
2016-01-24 00:50:00,46.319300903796304
2016-01-24 01:00:00,50.86360689259722
2016-01-24 01:10:00,54.68893762096716
2016-01-24 01:20:00,56.38828446970491
2016-01-24 01:30:00,51.400903517789544
2016-01-24 01:40:00,49.94552673129443
2016-01-24 01:50:00,44.22240175691355
2016-01-24 02:00:00,44.13645468913368
2016-01-24 02:10:00,47.74930483086089
2016-01-24 02:20:00,51.80764162317323
2016-01-24 02:30:00,44.331694149886886
2016-01-24 02:40:00,40.91112091759394
2016-01-24 02:50:00,40.81758014913752
2016-01-24 03:00:00,45.797718162507955
2016-01-24 03:10:00,53.82906092185773
2016-01-24 03:20:00,53.94229556310457
2016-01-24 03:30:00,53.37094069314498
2016-01-24 03:40:00,47.92928550741218
2016-01-24 03:50:00,48.71674852935106
2016-01-24 04:00:00,48.66049967754567
2016-01-24 04:10:00,42.44731756967253
2016-01-24 04:20:00,37.8959553276203
2016-01-24 04:30:00,46.137755175368746
2016-01-24 04:40:00,49.328395241200674
2016-01-24 04:50:00,51.568307529742526
2016-01-24 05:00:00,51.797270986452254
2016-01-24 05:10:00,51.57098273438764
2016-01-24 05:20:00,48.41634199460866
2016-01-24 05:30:00,40.90258723481229
2016-01-24 05:40:00,41.77981647564634
2016-01-24 05:50:00,47.16809723728768
2016-01-24 06:00:00,50.14894645349097
2016-01-24 06:10:00,45.05229813437851
2016-01-24 06:20:00,39.70407059610238
2016-01-24 06:30:00,46.553054016885255
2016-01-24 06:40:00,50.59620716658212
2016-01-24 06:50:00,52.22690106500124
2016-01-24 07:00:00,49.37718669515125
2016-01-24 07:10:00,49.89510919161061
2016-01-24 07:20:00,44.958589607875936
2016-01-24 07:30:00,45.1469933441105
2016-01-24 07:40:00,49.946573073864016
2016-01-24 07:50:00,55.898113365933334
2016-01-24 08:00:00,51.5937326945993
2016-01-24 08:10:00,260.64429394273617
2016-01-24 08:20:00,131.84252641192677
2016-01-24 08:30:00,228.21782121517683
2016-01-24 08:40:00,253.99764793315782
2016-01-24 08:50:00,272.28983213716185
2016-01-24 09:00:00,243.86185220949412
2016-01-24 09:10:00,285.1947938675936
2016-01-24 09:20:00,246.28768680198738
2016-01-24 09:30:00,257.1094514786707
2016-01-24 09:40:00,156.87408706201808
2016-01-24 09:50:00,175.11562244004412
2016-01-24 10:00:00,186.89148112578604
2016-01-24 10:10:00,255.43917299585218
2016-01-24 10:20:00,348.2976217355345
2016-01-24 10:30:00,301.4351192898977
2016-01-24 10:40:00,236.20827598719237
2016-01-24 10:50:00,221.4602756549802
2016-01-24 11:00:00,335.0550870309983
2016-01-24 11:10:00,319.9300992981188
2016-01-24 11:20:00,300.9401916316753
2016-01-24 11:30:00,261.68478363754366
2016-01-24 11:40:00,139.056499975837
2016-01-24 11:50:00,194.58429377520648
2016-01-24 12:00:00,132.21818658942945
2016-01-24 12:10:00,169.53641130704517
2016-01-24 12:20:00,140.9210045926304
2016-01-24 12:30:00,166.12516260153802
2016-01-24 12:40:00,182.9630719978371
2016-01-24 12:50:00,231.92614046810087
2016-01-24 13:00:00,373.0634056528176
2016-01-24 13:10:00,373.34454308213714
2016-01-24 13:20:00,376.2929659293195
2016-01-24 13:30:00,326.9133282037949
2016-01-24 13:40:00,288.19940553589197
2016-01-24 13:50:00,252.76683570178972
2016-01-24 14:00:00,207.26864319972552
2016-01-24 14:10:00,123.07459606579218
2016-01-24 14:20:00,144.9109459156029
2016-01-24 14:30:00,115.34935409059105
2016-01-24 14:40:00,111.45903030823123
2016-01-24 14:50:00,98.26678110376474
2016-01-24 15:00:00,89.28447488712506
2016-01-24 15:10:00,100.98145584749759
2016-01-24 15:20:00,100.45818633247508
2016-01-24 15:30:00,77.16674539256297
2016-01-24 15:40:00,71.90468306491285
2016-01-24 15:50:00,75.88350186102745
2016-01-24 16:00:00,87.81917600988793
2016-01-24 16:10:00,93.95721123594384
2016-01-24 16:20:00,92.5702783140311
2016-01-24 16:30:00,83.881192520963
2016-01-24 16:40:00,76.08364566667645
2016-01-24 16:50:00,61.38312489651991
2016-01-24 17:00:00,63.058551067417326
2016-01-24 17:10:00,56.72420007007312
2016-01-24 17:20:00,68.76391649170775
2016-01-24 17:30:00,76.23926715859632
2016-01-24 17:40:00,118.81077229763882
2016-01-24 17:50:00,103.03986363634398
2016-01-24 18:00:00,86.13426806406748
2016-01-24 18:10:00,80.05309895786979
2016-01-24 18:20:00,91.26668601585028
2016-01-24 18:30:00,93.7595512686345
2016-01-24 18:40:00,83.28419133706802
2016-01-24 18:50:00,91.50713546160031
2016-01-24 19:00:00,83.08705329972625
2016-01-24 19:10:00,74.36897966835728
2016-01-24 19:20:00,66.49400788240415
2016-01-24 19:30:00,69.78791140205094
2016-01-24 19:40:00,103.84190693111826
2016-01-24 19:50:00,184.28830550925483
2016-01-24 20:00:00,134.88229352680904
2016-01-24 20:10:00,90.29256596003205
2016-01-24 20:20:00,104.1088558972194
2016-01-24 20:30:00,103.97757978424477
2016-01-24 20:40:00,128.25498613567552
2016-01-24 20:50:00,118.3351088841933
2016-01-24 21:00:00,78.43313227708927
2016-01-24 21:10:00,85.9773034218364
2016-01-24 21:20:00,106.72734607581349
2016-01-24 21:30:00,111.39078721251528
2016-01-24 21:40:00,83.68623505872895
2016-01-24 21:50:00,68.50398465023923
2016-01-24 22:00:00,79.6637889965678
2016-01-24 22:10:00,105.89046392411096
2016-01-24 22:20:00,109.2304754911788
2016-01-24 22:30:00,104.28636565045001
2016-01-24 22:40:00,128.08203486664354
2016-01-24 22:50:00,110.15980615942951
2016-01-24 23:00:00,96.42541922227552
2016-01-24 23:10:00,66.47538913782272
2016-01-24 23:20:00,55.89781500394436
2016-01-24 23:30:00,51.04994897348805
2016-01-24 23:40:00,52.6886975343564
2016-01-24 23:50:00,46.41698754522854
2016-01-25 00:00:00,43.33509545953542
2016-01-25 00:10:00,53.18130739685666
2016-01-25 00:20:00,56.14483558633512
2016-01-25 00:30:00,53.37405972156191
2016-01-25 00:40:00,49.981873917899904
2016-01-25 00:50:00,46.24117152273971
2016-01-25 01:00:00,50.384125040521155
2016-01-25 01:10:00,51.46774686300593
2016-01-25 01:20:00,49.66125103227589
2016-01-25 01:30:00,47.506545760742426
2016-01-25 01:40:00,49.25693974126336
2016-01-25 01:50:00,46.3233877608549
2016-01-25 02:00:00,39.02286622407041
2016-01-25 02:10:00,42.202611157368786
2016-01-25 02:20:00,41.96799091210755
2016-01-25 02:30:00,49.75243351288506
2016-01-25 02:40:00,53.60809184218508
2016-01-25 02:50:00,53.239695690458774
2016-01-25 03:00:00,50.65046667824859
2016-01-25 03:10:00,50.23042273189402
2016-01-25 03:20:00,42.02808470020518
2016-01-25 03:30:00,45.785230545763824
2016-01-25 03:40:00,49.88722054519163
2016-01-25 03:50:00,47.723159917554995
2016-01-25 04:00:00,48.41638714603387
2016-01-25 04:10:00,50.81365985692933
2016-01-25 04:20:00,45.33963751514448
2016-01-25 04:30:00,45.15119529169044
2016-01-25 04:40:00,36.962740373745554
2016-01-25 04:50:00,42.04218552946856
2016-01-25 05:00:00,46.68094097164263
2016-01-25 05:10:00,54.67759858450857
2016-01-25 05:20:00,55.84785240977534
2016-01-25 05:30:00,53.158103073661415
2016-01-25 05:40:00,53.002139605809106
2016-01-25 05:50:00,47.74015522648468
2016-01-25 06:00:00,42.0496378576196
2016-01-25 06:10:00,50.34171870265825
2016-01-25 06:20:00,57.93083285348429
2016-01-25 06:30:00,58.98678423282803
2016-01-25 06:40:00,52.45454317354758
2016-01-25 06:50:00,50.90713713589435
2016-01-25 07:00:00,54.51902811647887
2016-01-25 07:10:00,41.99313976660775
2016-01-25 07:20:00,41.352550907056695
2016-01-25 07:30:00,54.00771945873321
2016-01-25 07:40:00,61.84530175924385
2016-01-25 07:50:00,58.77302389201906
2016-01-25 08:00:00,52.791132452535656
2016-01-25 08:10:00,59.25305082380757
2016-01-25 08:20:00,61.596908535778375
2016-01-25 08:30:00,60.195991638102456
2016-01-25 08:40:00,59.66037991576754
2016-01-25 08:50:00,60.7255669889571
2016-01-25 09:00:00,53.91430504036678
2016-01-25 09:10:00,55.85819197263443
2016-01-25 09:20:00,56.68943276814799
2016-01-25 09:30:00,43.60584060592994
2016-01-25 09:40:00,50.49993652607929
2016-01-25 09:50:00,52.06191264050841
2016-01-25 10:00:00,57.139897497340414
2016-01-25 10:10:00,49.146690444828344
2016-01-25 10:20:00,49.767061003700306
2016-01-25 10:30:00,52.05569251012157
2016-01-25 10:40:00,45.76539625238528
2016-01-25 10:50:00,50.2056057715452
2016-01-25 11:00:00,52.171984596513106
2016-01-25 11:10:00,56.38567530195763
2016-01-25 11:20:00,48.94681819657926
2016-01-25 11:30:00,45.87348478741401
2016-01-25 11:40:00,43.10172651848176
2016-01-25 11:50:00,44.76193360643466
2016-01-25 12:00:00,44.264486300601966
2016-01-25 12:10:00,41.817850363521224
2016-01-25 12:20:00,54.161440553402265
2016-01-25 12:30:00,57.92163080435049
2016-01-25 12:40:00,57.73960285413852
2016-01-25 12:50:00,47.8843063028916
2016-01-25 13:00:00,51.86938316286331
2016-01-25 13:10:00,56.90036141371533
2016-01-25 13:20:00,51.38871884613417
2016-01-25 13:30:00,54.45502941992076
2016-01-25 13:40:00,60.75914780161866
2016-01-25 13:50:00,52.75842224024212
2016-01-25 14:00:00,53.953585272633575
2016-01-25 14:10:00,44.879670346765984
2016-01-25 14:20:00,50.94580059535062
2016-01-25 14:30:00,44.53949230918238
2016-01-25 14:40:00,43.49005604132425
2016-01-25 14:50:00,44.060236004213365
2016-01-25 15:00:00,52.91095757216866
2016-01-25 15:10:00,59.69319437084088
2016-01-25 15:20:00,54.705793385404746
2016-01-25 15:30:00,51.57273912934268
2016-01-25 15:40:00,49.7986472835075
2016-01-25 15:50:00,46.04893981267093
2016-01-25 16:00:00,51.648689847065484
2016-01-25 16:10:00,53.926466154803194
2016-01-25 16:20:00,47.206497687006554
2016-01-25 16:30:00,53.49021306500521
2016-01-25 16:40:00,50.90848986056224
2016-01-25 16:50:00,47.04001053713557
2016-01-25 17:00:00,45.62135344196701
2016-01-25 17:10:00,46.03841258934156
2016-01-25 17:20:00,39.496258596411
2016-01-25 17:30:00,43.2874265121438
2016-01-25 17:40:00,51.77404093822071
2016-01-25 17:50:00,55.88084824053656
2016-01-25 18:00:00,62.48294730284256
2016-01-25 18:10:00,56.138170887229414
2016-01-25 18:20:00,51.34352669422281
2016-01-25 18:30:00,44.30872847236547
2016-01-25 18:40:00,52.42253424517963
2016-01-25 18:50:00,52.44766764056407
2016-01-25 19:00:00,55.136950939284446
2016-01-25 19:10:00,54.082913099376746
2016-01-25 19:20:00,50.25076219089096
2016-01-25 19:30:00,53.689868126938464
2016-01-25 19:40:00,52.06967038191927
2016-01-25 19:50:00,47.17374435696754
2016-01-25 20:00:00,195.47675217226134
2016-01-25 20:10:00,135.36556789124558
2016-01-25 20:20:00,134.2407233897976
2016-01-25 20:30:00,128.8934942035126
2016-01-25 20:40:00,117.78512386748986
2016-01-25 20:50:00,106.39795676224905
2016-01-25 21:00:00,106.27250196721661
2016-01-25 21:10:00,122.79746938127144
2016-01-25 21:20:00,104.33972806424323
2016-01-25 21:30:00,73.07799141160633
2016-01-25 21:40:00,70.45319147756545
2016-01-25 21:50:00,75.05011950660028
2016-01-25 22:00:00,69.5001323164949
2016-01-25 22:10:00,67.20027077291765
2016-01-25 22:20:00,51.236041281626875
2016-01-25 22:30:00,51.205251437343655
2016-01-25 22:40:00,52.098729827162444
2016-01-25 22:50:00,71.9605636232264
2016-01-25 23:00:00,76.44824225909414
2016-01-25 23:10:00,72.36005757455037
2016-01-25 23:20:00,79.5952576380436
2016-01-25 23:30:00,67.89256949666272
2016-01-25 23:40:00,114.02044593764691
2016-01-25 23:50:00,147.47359185895434
2016-01-26 00:00:00,114.76571461419388
2016-01-26 00:10:00,106.91290466340136
2016-01-26 00:20:00,148.9558306889987
2016-01-26 00:30:00,114.52080733996573
2016-01-26 00:40:00,115.26286566545546
2016-01-26 00:50:00,74.14074350257515
2016-01-26 01:00:00,60.97404528114025
2016-01-26 01:10:00,54.77335831839026
2016-01-26 01:20:00,54.82979156121734
2016-01-26 01:30:00,52.96166585548408
2016-01-26 01:40:00,53.68338112905294
2016-01-26 01:50:00,48.98166060697694
2016-01-26 02:00:00,44.82897339154749
2016-01-26 02:10:00,45.531372306022135
2016-01-26 02:20:00,49.03676648918565
2016-01-26 02:30:00,47.41422817887205
2016-01-26 02:40:00,51.306946388499796
2016-01-26 02:50:00,49.12174736148727
2016-01-26 03:00:00,46.856296677779966
2016-01-26 03:10:00,49.4305068417283
2016-01-26 03:20:00,48.30538448047042
2016-01-26 03:30:00,47.74671372096316
2016-01-26 03:40:00,41.70433520929175
2016-01-26 03:50:00,35.74575551035544
2016-01-26 04:00:00,40.315384503658635
2016-01-26 04:10:00,52.6640562378828
2016-01-26 04:20:00,55.662976484021435
2016-01-26 04:30:00,53.44861969507977
2016-01-26 04:40:00,51.336721295320544
2016-01-26 04:50:00,49.42898829264247
2016-01-26 05:00:00,47.92921553225235
2016-01-26 05:10:00,45.25043895568655
2016-01-26 05:20:00,45.80543768922026
2016-01-26 05:30:00,48.08457119673201
2016-01-26 05:40:00,51.03455495709899
2016-01-26 05:50:00,49.059344486647305
2016-01-26 06:00:00,44.9356567025554
2016-01-26 06:10:00,42.86973585082239
2016-01-26 06:20:00,35.50753990352857
2016-01-26 06:30:00,39.69327368596083
2016-01-26 06:40:00,49.986998175754294
2016-01-26 06:50:00,55.269032405387044
2016-01-26 07:00:00,55.175448731820666
2016-01-26 07:10:00,53.402257894632996
2016-01-26 07:20:00,51.9626841945255
2016-01-26 07:30:00,50.51009326112516
2016-01-26 07:40:00,45.19323948699172
2016-01-26 07:50:00,46.07841660412423
2016-01-26 08:00:00,59.50509258198891
2016-01-26 08:10:00,141.4496573430089
2016-01-26 08:20:00,80.876672966445
2016-01-26 08:30:00,62.968764927338235
2016-01-26 08:40:00,60.84462438047621
2016-01-26 08:50:00,58.33106529407797
2016-01-26 09:00:00,48.945691196107035
2016-01-26 09:10:00,47.043709214245006
2016-01-26 09:20:00,56.40151109301471
2016-01-26 09:30:00,63.994450415617436
2016-01-26 09:40:00,59.682073046866186
2016-01-26 09:50:00,74.70944299575164
2016-01-26 10:00:00,95.83096370771227
2016-01-26 10:10:00,75.85997811466198
2016-01-26 10:20:00,74.8135874037084
2016-01-26 10:30:00,68.9634920706059
2016-01-26 10:40:00,63.309309351925734
2016-01-26 10:50:00,79.00330762358611
2016-01-26 11:00:00,60.436341238795585
2016-01-26 11:10:00,50.641710095043194
2016-01-26 11:20:00,52.02381077605726
2016-01-26 11:30:00,42.75033824324581
2016-01-26 11:40:00,40.936915652136086
2016-01-26 11:50:00,46.27075372697932
2016-01-26 12:00:00,57.12391803650699
2016-01-26 12:10:00,55.13025773452545
2016-01-26 12:20:00,50.02987577773373
2016-01-26 12:30:00,50.8079606270561
2016-01-26 12:40:00,45.935380439030666
2016-01-26 12:50:00,49.53523261632026
2016-01-26 13:00:00,50.727333031877464
2016-01-26 13:10:00,44.66978473157129
2016-01-26 13:20:00,43.6086652688606
2016-01-26 13:30:00,46.48457496320527
2016-01-26 13:40:00,47.76443981871582
2016-01-26 13:50:00,50.27485347568934
2016-01-26 14:00:00,48.62362194386533
2016-01-26 14:10:00,38.44345453356977
2016-01-26 14:20:00,37.95450116220138
2016-01-26 14:30:00,46.33879466241813
2016-01-26 14:40:00,53.97485909940282
2016-01-26 14:50:00,54.84889191852752
2016-01-26 15:00:00,54.60980944734458
2016-01-26 15:10:00,48.98909907677085
2016-01-26 15:20:00,50.23767455718687
2016-01-26 15:30:00,51.111833507364416
2016-01-26 15:40:00,45.17405604048564
2016-01-26 15:50:00,49.06810723811523
2016-01-26 16:00:00,47.294906161441375
2016-01-26 16:10:00,41.07256694038912
2016-01-26 16:20:00,50.56369684958786
2016-01-26 16:30:00,49.93163285385467
2016-01-26 16:40:00,50.30581812940505
2016-01-26 16:50:00,43.19069042352313
2016-01-26 17:00:00,46.92225808982125
2016-01-26 17:10:00,43.05641915178353
2016-01-26 17:20:00,37.37972040611587
2016-01-26 17:30:00,42.22129152539167
2016-01-26 17:40:00,50.99903544259873
2016-01-26 17:50:00,55.72173056918648
2016-01-26 18:00:00,57.006036418207195
2016-01-26 18:10:00,53.6007165467114
2016-01-26 18:20:00,49.219748769201296
2016-01-26 18:30:00,42.76618314513473
2016-01-26 18:40:00,44.65293327765598
2016-01-26 18:50:00,48.18916333828418
2016-01-26 19:00:00,48.14715684704285
2016-01-26 19:10:00,45.81260802402228
2016-01-26 19:20:00,47.42026385401219
2016-01-26 19:30:00,41.35202260859342
2016-01-26 19:40:00,39.856734396839656
2016-01-26 19:50:00,39.28845282961036
2016-01-26 20:00:00,45.33863608727373
2016-01-26 20:10:00,54.083337614472605
2016-01-26 20:20:00,51.88129518924354
2016-01-26 20:30:00,60.54409820668615
2016-01-26 20:40:00,59.66049679036221
2016-01-26 20:50:00,60.69315998211222
2016-01-26 21:00:00,237.87226426563862
2016-01-26 21:10:00,142.01972673254105
2016-01-26 21:20:00,89.20778240754653
2016-01-26 21:30:00,70.44028085168831
2016-01-26 21:40:00,72.60779656075485
2016-01-26 21:50:00,77.11702694617539
2016-01-26 22:00:00,66.31197139589777
2016-01-26 22:10:00,58.7081358659356
2016-01-26 22:20:00,65.30654444570622
2016-01-26 22:30:00,114.8138979859534
2016-01-26 22:40:00,105.3127701436633
2016-01-26 22:50:00,139.69500729606705
2016-01-26 23:00:00,149.93569961618593
2016-01-26 23:10:00,293.71316601111994
2016-01-26 23:20:00,226.21177790830419
2016-01-26 23:30:00,250.84192991378683
2016-01-26 23:40:00,218.49936709212258
2016-01-26 23:50:00,199.0663370557714
2016-01-27 00:00:00,88.11994865285322
2016-01-27 00:10:00,68.98982170227315
2016-01-27 00:20:00,63.83991191210349
2016-01-27 00:30:00,62.459147438547404
2016-01-27 00:40:00,57.596065396751115
2016-01-27 00:50:00,44.92103118222537
2016-01-27 01:00:00,46.515832858593804
2016-01-27 01:10:00,43.0798182323041
2016-01-27 01:20:00,42.96677015000468
2016-01-27 01:30:00,50.03505960034582
2016-01-27 01:40:00,56.57853124005051
2016-01-27 01:50:00,54.91029441841826
2016-01-27 02:00:00,53.590057751383355
2016-01-27 02:10:00,51.14327460947552
2016-01-27 02:20:00,44.72159153084491
2016-01-27 02:30:00,43.78640365425678
2016-01-27 02:40:00,45.40369098035652
2016-01-27 02:50:00,46.89006505866569
2016-01-27 03:00:00,45.55780407166771
2016-01-27 03:10:00,43.82757135662709
2016-01-27 03:20:00,36.59091563635136
2016-01-27 03:30:00,43.49141166070152
2016-01-27 03:40:00,46.14545400433189
2016-01-27 03:50:00,51.40202346751294
2016-01-27 04:00:00,50.43793674672273
2016-01-27 04:10:00,47.361946657292954
2016-01-27 04:20:00,44.71649338361962
2016-01-27 04:30:00,48.109895549369604
2016-01-27 04:40:00,48.313427544941675
2016-01-27 04:50:00,41.30167271896423
2016-01-27 05:00:00,40.03600803992984
2016-01-27 05:10:00,39.39829198453387
2016-01-27 05:20:00,38.99921807034047
2016-01-27 05:30:00,44.468042188736355
2016-01-27 05:40:00,48.75496835620673
2016-01-27 05:50:00,53.891287240688065
2016-01-27 06:00:00,53.203155398446576
2016-01-27 06:10:00,48.559325046295086
2016-01-27 06:20:00,45.30575562619966
2016-01-27 06:30:00,50.19026625003059
2016-01-27 06:40:00,47.71692391874524
2016-01-27 06:50:00,44.35289137262577
2016-01-27 07:00:00,46.27179783384088
2016-01-27 07:10:00,42.20348989092028
2016-01-27 07:20:00,57.69997625710338
2016-01-27 07:30:00,51.539221119937416
2016-01-27 07:40:00,55.5922396384143
2016-01-27 07:50:00,78.24179069115202
2016-01-27 08:00:00,92.213549945807
2016-01-27 08:10:00,68.46116348212797
2016-01-27 08:20:00,69.1689388469794
2016-01-27 08:30:00,75.36392353363503
2016-01-27 08:40:00,76.55588131194507
2016-01-27 08:50:00,78.42108373833668
2016-01-27 09:00:00,83.30316554131595
2016-01-27 09:10:00,121.20528580921545
2016-01-27 09:20:00,130.24339839885408
2016-01-27 09:30:00,150.48832086898
2016-01-27 09:40:00,143.34663447680816
2016-01-27 09:50:00,149.6404078667881
2016-01-27 10:00:00,132.78187860389482
2016-01-27 10:10:00,73.76273114839725
2016-01-27 10:20:00,46.48669151024759
2016-01-27 10:30:00,45.91899952971313
2016-01-27 10:40:00,50.08728804487258
2016-01-27 10:50:00,49.438440902351516
2016-01-27 11:00:00,49.09094811476556
2016-01-27 11:10:00,48.28231251615724
2016-01-27 11:20:00,48.69747589063917
2016-01-27 11:30:00,46.77045027441482
2016-01-27 11:40:00,40.897324054327385
2016-01-27 11:50:00,44.28117638228093
2016-01-27 12:00:00,47.73342724828566
2016-01-27 12:10:00,46.772095626122436
2016-01-27 12:20:00,44.70955631234608
2016-01-27 12:30:00,42.51303558959761
2016-01-27 12:40:00,38.520588015670874
2016-01-27 12:50:00,39.89152991099469
2016-01-27 13:00:00,43.55289446663002
2016-01-27 13:10:00,40.71147055470953
2016-01-27 13:20:00,47.82182651535142
2016-01-27 13:30:00,48.75311438051297
2016-01-27 13:40:00,45.192723836838994
2016-01-27 13:50:00,42.138169118155716
2016-01-27 14:00:00,46.331479801452595
2016-01-27 14:10:00,42.82068017536106
2016-01-27 14:20:00,48.653804432444836
2016-01-27 14:30:00,41.66760898065474
2016-01-27 14:40:00,36.68538870386214
2016-01-27 14:50:00,43.86782151799644
2016-01-27 15:00:00,47.98614227408648
2016-01-27 15:10:00,45.9694729926537
2016-01-27 15:20:00,38.39793505571347
2016-01-27 15:30:00,37.14466275855225
2016-01-27 15:40:00,46.373289397447365
2016-01-27 15:50:00,45.97626536219974
2016-01-27 16:00:00,52.732474591211215
2016-01-27 16:10:00,49.85676510893296
2016-01-27 16:20:00,41.08871711673815
2016-01-27 16:30:00,49.06070474059615
2016-01-27 16:40:00,47.8806011664721
2016-01-27 16:50:00,45.0379390719382
2016-01-27 17:00:00,47.62228207380587
2016-01-27 17:10:00,42.56683491149075
2016-01-27 17:20:00,41.23082977900619
2016-01-27 17:30:00,42.245745102163724
2016-01-27 17:40:00,45.18763187129358
2016-01-27 17:50:00,41.56144915931332
2016-01-27 18:00:00,43.33859871996638
2016-01-27 18:10:00,41.8337063770382
2016-01-27 18:20:00,47.343763828303445
2016-01-27 18:30:00,51.557804334830635
2016-01-27 18:40:00,49.32352109459262
2016-01-27 18:50:00,49.40199059653948
2016-01-27 19:00:00,42.09896551387236
2016-01-27 19:10:00,40.406180024840026
2016-01-27 19:20:00,43.149800673778614
2016-01-27 19:30:00,46.00709341297634
2016-01-27 19:40:00,50.481336725724155
2016-01-27 19:50:00,43.93242690737667
2016-01-27 20:00:00,38.511084453365655
2016-01-27 20:10:00,42.86120237984575
2016-01-27 20:20:00,42.325849232179976
2016-01-27 20:30:00,38.61254224366638
2016-01-27 20:40:00,39.53090651434159
2016-01-27 20:50:00,50.388895724765604
2016-01-27 21:00:00,55.338790065899104
2016-01-27 21:10:00,54.39962972275564
2016-01-27 21:20:00,54.21605148917472
2016-01-27 21:30:00,43.57504319065243
2016-01-27 21:40:00,42.192208447857666
2016-01-27 21:50:00,44.061229495511704
2016-01-27 22:00:00,48.43179600646061
2016-01-27 22:10:00,42.45717576069818
2016-01-27 22:20:00,43.30436881412221
2016-01-27 22:30:00,38.912885575285166
2016-01-27 22:40:00,38.261936442670454
2016-01-27 22:50:00,40.920359097666825
2016-01-27 23:00:00,42.07062006198681
2016-01-27 23:10:00,44.68711429233598
2016-01-27 23:20:00,43.72135443137748
2016-01-27 23:30:00,49.807628256311574
2016-01-27 23:40:00,46.273921798645034
2016-01-27 23:50:00,52.81358203004194
2016-01-28 00:00:00,49.70328668075287
2016-01-28 00:10:00,43.50792985070517
2016-01-28 00:20:00,40.720154255005056
2016-01-28 00:30:00,40.95642212844988
2016-01-28 00:40:00,42.513400323801434
2016-01-28 00:50:00,46.78971981481916
2016-01-28 01:00:00,45.67011989085358
2016-01-28 01:10:00,39.46626657754775
2016-01-28 01:20:00,38.41528817766562
2016-01-28 01:30:00,40.61822823717123
2016-01-28 01:40:00,37.3824740512201
2016-01-28 01:50:00,39.37391356917714
2016-01-28 02:00:00,50.035006887727974
2016-01-28 02:10:00,50.83501129867257
2016-01-28 02:20:00,52.73339459722239
2016-01-28 02:30:00,51.258637992700486
2016-01-28 02:40:00,41.2622370728918
2016-01-28 02:50:00,43.557930117033216
2016-01-28 03:00:00,49.78583650442541
2016-01-28 03:10:00,41.81662567970053
2016-01-28 03:20:00,47.78941099930973
2016-01-28 03:30:00,48.382623441224794
2016-01-28 03:40:00,41.35291769139426
2016-01-28 03:50:00,39.14959394448595
2016-01-28 04:00:00,41.07884673514206
2016-01-28 04:10:00,39.96514629333366
2016-01-28 04:20:00,37.24625810816147
2016-01-28 04:30:00,45.768662367514395
2016-01-28 04:40:00,53.35770193409678
2016-01-28 04:50:00,55.242298583876696
2016-01-28 05:00:00,53.414182398977644
2016-01-28 05:10:00,48.58906064305999
2016-01-28 05:20:00,46.76080323937495
2016-01-28 05:30:00,47.080535927277126
2016-01-28 05:40:00,47.68822384512295
2016-01-28 05:50:00,47.55575448626727
2016-01-28 06:00:00,46.61504311424878
2016-01-28 06:10:00,49.8060398203878
2016-01-28 06:20:00,43.39157235044262
2016-01-28 06:30:00,40.82632249470348
2016-01-28 06:40:00,37.157281465250314
2016-01-28 06:50:00,41.88605074522727
2016-01-28 07:00:00,50.85346902845095
2016-01-28 07:10:00,55.77481763346376
2016-01-28 07:20:00,55.90536946869104
2016-01-28 07:30:00,51.07959207089932
2016-01-28 07:40:00,49.14549518813224
2016-01-28 07:50:00,50.79996341510082
2016-01-28 08:00:00,51.75854384956295
2016-01-28 08:10:00,46.715184599997706
2016-01-28 08:20:00,48.565865780529265
2016-01-28 08:30:00,52.565014659901905
2016-01-28 08:40:00,41.125935755836096
2016-01-28 08:50:00,42.72624899710024
2016-01-28 09:00:00,37.447117901354495
2016-01-28 09:10:00,45.4680138898324
2016-01-28 09:20:00,56.882320783317134
2016-01-28 09:30:00,55.61994165876051
2016-01-28 09:40:00,53.00131689754053
2016-01-28 09:50:00,54.394287549176006
2016-01-28 10:00:00,55.96856604146409
2016-01-28 10:10:00,51.00951994802144
2016-01-28 10:20:00,47.2887403206153
2016-01-28 10:30:00,46.89215782353374
2016-01-28 10:40:00,46.39896040175171
2016-01-28 10:50:00,41.04977065737478
2016-01-28 11:00:00,39.00865626422438
2016-01-28 11:10:00,44.35934004609835
2016-01-28 11:20:00,53.56286442678392
2016-01-28 11:30:00,57.289533640281356
2016-01-28 11:40:00,52.50637168508513
2016-01-28 11:50:00,49.50120400300956
2016-01-28 12:00:00,47.991558331856254
2016-01-28 12:10:00,52.208273623281634
2016-01-28 12:20:00,48.01142752610213
2016-01-28 12:30:00,44.94678404760299
2016-01-28 12:40:00,50.33582462097007
2016-01-28 12:50:00,51.11678769590213
2016-01-28 13:00:00,43.6853147960717
2016-01-28 13:10:00,38.656879183046996
2016-01-28 13:20:00,37.689298491937855
2016-01-28 13:30:00,48.80119578516796
2016-01-28 13:40:00,56.598860257194225
2016-01-28 13:50:00,58.582288246484936
2016-01-28 14:00:00,56.287284994854964
2016-01-28 14:10:00,50.870356953712744
2016-01-28 14:20:00,53.162841904391456
2016-01-28 14:30:00,49.14443940174818
2016-01-28 14:40:00,47.252718316236695
2016-01-28 14:50:00,48.156986266556395
2016-01-28 15:00:00,48.68910370489133
2016-01-28 15:10:00,51.545366088521796
2016-01-28 15:20:00,49.964113136012614
2016-01-28 15:30:00,37.56723825176142
2016-01-28 15:40:00,38.534096927592124
2016-01-28 15:50:00,47.3577970048184
2016-01-28 16:00:00,50.346471171282516
2016-01-28 16:10:00,53.65013268528993
2016-01-28 16:20:00,55.18082941466225
2016-01-28 16:30:00,53.93777880102875
2016-01-28 16:40:00,47.05688591815167
2016-01-28 16:50:00,49.66259342729677
2016-01-28 17:00:00,41.71126413275614
2016-01-28 17:10:00,44.72039458664636
2016-01-28 17:20:00,49.55497071980465
2016-01-28 17:30:00,49.915256867821554
2016-01-28 17:40:00,47.58243101813233
2016-01-28 17:50:00,50.04750130089646
2016-01-28 18:00:00,48.93341488774262
2016-01-28 18:10:00,38.72662835292313
2016-01-28 18:20:00,36.72215701867477
2016-01-28 18:30:00,42.429236512746066
2016-01-28 18:40:00,50.00719843816763
2016-01-28 18:50:00,57.40840208565174
2016-01-28 19:00:00,53.71315466130625
2016-01-28 19:10:00,52.54218062771121
2016-01-28 19:20:00,50.50243255655414
2016-01-28 19:30:00,44.335735411773854
2016-01-28 19:40:00,43.37692720661646
2016-01-28 19:50:00,43.66607974630684
2016-01-28 20:00:00,43.84130530049337
2016-01-28 20:10:00,39.25442794790583
2016-01-28 20:20:00,37.148684650767294
2016-01-28 20:30:00,38.96963386134088
2016-01-28 20:40:00,48.487431944546096
2016-01-28 20:50:00,52.145234816779436
2016-01-28 21:00:00,49.80545855002188
2016-01-28 21:10:00,51.0335131414705
2016-01-28 21:20:00,41.51645571901014
2016-01-28 21:30:00,41.81222050947659
2016-01-28 21:40:00,47.85873337864134
2016-01-28 21:50:00,42.83456012883232
2016-01-28 22:00:00,44.82698170564925
2016-01-28 22:10:00,39.86323854453886
2016-01-28 22:20:00,38.97364491194702
2016-01-28 22:30:00,39.87067242823011
2016-01-28 22:40:00,36.82990753851806
2016-01-28 22:50:00,38.19163458927642
2016-01-28 23:00:00,48.67237343074561
2016-01-28 23:10:00,46.26650805516849
2016-01-28 23:20:00,52.36347699969187
2016-01-28 23:30:00,49.149591052864224
2016-01-28 23:40:00,45.122412652485934
2016-01-28 23:50:00,42.76625095243473
2016-01-29 00:00:00,42.584755093289466
2016-01-29 00:10:00,42.827170404236014
2016-01-29 00:20:00,46.528751497292404
2016-01-29 00:30:00,46.36532944900836
2016-01-29 00:40:00,40.39161540289831
2016-01-29 00:50:00,36.2979844929721
2016-01-29 01:00:00,37.91305952339504
2016-01-29 01:10:00,46.13298781295562
2016-01-29 01:20:00,51.49848296807763
2016-01-29 01:30:00,53.65302239084458
2016-01-29 01:40:00,52.06066265403586
2016-01-29 01:50:00,46.297447661835285
2016-01-29 02:00:00,47.706454964769904
2016-01-29 02:10:00,42.81594368106283
2016-01-29 02:20:00,41.20540084493722
2016-01-29 02:30:00,41.71816363420009
2016-01-29 02:40:00,42.86350766484719
2016-01-29 02:50:00,42.752062390994325
2016-01-29 03:00:00,46.2397865427795
2016-01-29 03:10:00,41.00514959532858
2016-01-29 03:20:00,36.62019629879963
2016-01-29 03:30:00,38.16705853603962
2016-01-29 03:40:00,46.555657245765
2016-01-29 03:50:00,52.00188332669761
2016-01-29 04:00:00,54.33611378851695
2016-01-29 04:10:00,50.26035458264282
2016-01-29 04:20:00,50.61663443461035
2016-01-29 04:30:00,45.519341995990416
2016-01-29 04:40:00,47.7666734697717
2016-01-29 04:50:00,42.899805294528264
2016-01-29 05:00:00,41.48424179141026
2016-01-29 05:10:00,37.38304737095089
2016-01-29 05:20:00,43.97847612930777
2016-01-29 05:30:00,46.252983035198824
2016-01-29 05:40:00,45.32500299003111
2016-01-29 05:50:00,53.828446692856375
2016-01-29 06:00:00,51.62935945776877
2016-01-29 06:10:00,48.37945136902313
2016-01-29 06:20:00,45.44123275133307
2016-01-29 06:30:00,44.95732073434905
2016-01-29 06:40:00,45.31531667113003
2016-01-29 06:50:00,44.589381852565936
2016-01-29 07:00:00,49.02763360501366
2016-01-29 07:10:00,48.40300057429037
2016-01-29 07:20:00,37.26957833366703
2016-01-29 07:30:00,38.52920818777133
2016-01-29 07:40:00,47.33871702956896
2016-01-29 07:50:00,54.08669555663874
2016-01-29 08:00:00,54.731092133426436
2016-01-29 08:10:00,52.03614526555163
2016-01-29 08:20:00,52.69785027663759
2016-01-29 08:30:00,47.697650013969636
2016-01-29 08:40:00,44.73676946637056
2016-01-29 08:50:00,45.315520902010164
2016-01-29 09:00:00,47.11558262138138
2016-01-29 09:10:00,48.00018088798612
2016-01-29 09:20:00,46.80196091929674
2016-01-29 09:30:00,38.67708255560093
2016-01-29 09:40:00,40.459339271703946
2016-01-29 09:50:00,51.143564611065976
2016-01-29 10:00:00,55.20472511216863
2016-01-29 10:10:00,52.646271042113014
2016-01-29 10:20:00,49.38633134999393
2016-01-29 10:30:00,46.592563609339685
2016-01-29 10:40:00,45.930294232270306
2016-01-29 10:50:00,45.94291567552538
2016-01-29 11:00:00,50.094517579234925
2016-01-29 11:10:00,45.83861900057341
2016-01-29 11:20:00,43.66706632165556
2016-01-29 11:30:00,41.01514623103104
2016-01-29 11:40:00,40.73047761495256
2016-01-29 11:50:00,45.38122507549092
2016-01-29 12:00:00,44.59600362518746
2016-01-29 12:10:00,58.20225286706852
2016-01-29 12:20:00,54.51639917654955
2016-01-29 12:30:00,51.68840171812359
2016-01-29 12:40:00,53.327030856528545
2016-01-29 12:50:00,48.7947327940639
2016-01-29 13:00:00,47.28518198732781
2016-01-29 13:10:00,47.06578505265757
2016-01-29 13:20:00,47.82638258273105
2016-01-29 13:30:00,50.65867270608942
2016-01-29 13:40:00,38.47138072297909
2016-01-29 13:50:00,42.30898691905277
2016-01-29 14:00:00,44.287848740662106
2016-01-29 14:10:00,45.44703721946562
2016-01-29 14:20:00,52.77805196178236
2016-01-29 14:30:00,54.33550926693223
2016-01-29 14:40:00,49.01340592613824
2016-01-29 14:50:00,44.7649878310683
2016-01-29 15:00:00,48.9871768033914
2016-01-29 15:10:00,49.09531614410133
2016-01-29 15:20:00,38.96093828244061
2016-01-29 15:30:00,43.137726813785065
2016-01-29 15:40:00,43.148481770537174
2016-01-29 15:50:00,39.086289884601854
2016-01-29 16:00:00,40.93818514675865
2016-01-29 16:10:00,48.469209175919815
2016-01-29 16:20:00,52.10896135627658
2016-01-29 16:30:00,52.78929582120308
2016-01-29 16:40:00,46.71657024865748
2016-01-29 16:50:00,43.191252190700034
2016-01-29 17:00:00,50.53166352668179
2016-01-29 17:10:00,54.29380992770114
2016-01-29 17:20:00,65.19653974591826
2016-01-29 17:30:00,57.97386347669667
2016-01-29 17:40:00,62.07481233574448
2016-01-29 17:50:00,72.23602752511016
2016-01-29 18:00:00,65.54569624334266
2016-01-29 18:10:00,50.66057511472674
2016-01-29 18:20:00,67.33592594464041
2016-01-29 18:30:00,78.34515155770039
2016-01-29 18:40:00,164.86651598940176
2016-01-29 18:50:00,90.0903892381827
2016-01-29 19:00:00,98.45470660661758
2016-01-29 19:10:00,99.94832056813144
2016-01-29 19:20:00,95.98483800342989
2016-01-29 19:30:00,88.99304165834738
2016-01-29 19:40:00,87.7344586337657
2016-01-29 19:50:00,93.48027618496434
2016-01-29 20:00:00,91.72354340442793
2016-01-29 20:10:00,98.7548120177947
2016-01-29 20:20:00,83.90652657481219
2016-01-29 20:30:00,77.27273762689708
2016-01-29 20:40:00,68.52393095556455
2016-01-29 20:50:00,60.78750985920511
2016-01-29 21:00:00,80.02752812715438
2016-01-29 21:10:00,77.37527037843378
2016-01-29 21:20:00,74.56772499991894
2016-01-29 21:30:00,78.26661533703617
2016-01-29 21:40:00,72.26712428431772
2016-01-29 21:50:00,75.50749847021208
2016-01-29 22:00:00,68.22742793017152
2016-01-29 22:10:00,51.5643649314162
2016-01-29 22:20:00,56.51765806116099
2016-01-29 22:30:00,57.757663254953016
2016-01-29 22:40:00,57.37473580614664
2016-01-29 22:50:00,61.32705806188347
2016-01-29 23:00:00,60.111728362108764
2016-01-29 23:10:00,43.640489635767715
2016-01-29 23:20:00,42.85006100586792
2016-01-29 23:30:00,53.71820399229355
2016-01-29 23:40:00,52.43934089392927
2016-01-29 23:50:00,63.55644697136958
2016-01-30 00:00:00,55.20825412954798
2016-01-30 00:10:00,44.27764721199357
2016-01-30 00:20:00,42.65767675432523
2016-01-30 00:30:00,42.73085245093607
2016-01-30 00:40:00,48.369130303197196
2016-01-30 00:50:00,51.356289462359605
2016-01-30 01:00:00,50.645560921212855
2016-01-30 01:10:00,51.45296275115302
2016-01-30 01:20:00,44.650789652712014
2016-01-30 01:30:00,42.55984679193103
2016-01-30 01:40:00,40.1587046941527
2016-01-30 01:50:00,41.26733284730018
2016-01-30 02:00:00,48.09471185243245
2016-01-30 02:10:00,55.72873881820253
2016-01-30 02:20:00,54.910046768311446
2016-01-30 02:30:00,52.912454611071546
2016-01-30 02:40:00,51.13814184823867
2016-01-30 02:50:00,52.44762942203722
2016-01-30 03:00:00,51.61237072150008
2016-01-30 03:10:00,48.87734096144157
2016-01-30 03:20:00,39.12611798752055
2016-01-30 03:30:00,44.031176680501325
2016-01-30 03:40:00,49.60717024168724
2016-01-30 03:50:00,49.68511755858861
2016-01-30 04:00:00,50.75017018274232
2016-01-30 04:10:00,38.49794115530893
2016-01-30 04:20:00,42.002098832607125
2016-01-30 04:30:00,44.69618272203034
2016-01-30 04:40:00,51.196753302256234
2016-01-30 04:50:00,53.56156607717404
2016-01-30 05:00:00,51.37016837010242
2016-01-30 05:10:00,52.01467815070504
2016-01-30 05:20:00,46.28689301240126
2016-01-30 05:30:00,48.294789070100855
2016-01-30 05:40:00,44.08288051368949
2016-01-30 05:50:00,43.65987511273868
2016-01-30 06:00:00,50.576873905931
2016-01-30 06:10:00,43.28208543491776
2016-01-30 06:20:00,45.944310600808095
2016-01-30 06:30:00,47.90371819421322
2016-01-30 06:40:00,51.193746728798466
2016-01-30 06:50:00,45.40264945718901
2016-01-30 07:00:00,47.29899285561927
2016-01-30 07:10:00,40.29284757032837
2016-01-30 07:20:00,39.133379509489416
2016-01-30 07:30:00,46.15432110723536
2016-01-30 07:40:00,52.03961123618774
2016-01-30 07:50:00,56.03364873381509
2016-01-30 08:00:00,54.40796806410093
2016-01-30 08:10:00,55.01269445082238
2016-01-30 08:20:00,53.681968038854876
2016-01-30 08:30:00,48.292638930213464
2016-01-30 08:40:00,49.691488697318945
2016-01-30 08:50:00,61.166500214437505
2016-01-30 09:00:00,59.61967667709877
2016-01-30 09:10:00,54.39086684803337
2016-01-30 09:20:00,55.32744849428829
2016-01-30 09:30:00,55.23292883083717
2016-01-30 09:40:00,46.95157910785678
2016-01-30 09:50:00,42.047828523061185
2016-01-30 10:00:00,48.146518412810146
2016-01-30 10:10:00,66.42985719714095
2016-01-30 10:20:00,60.10343949715097
2016-01-30 10:30:00,51.16758855640554
2016-01-30 10:40:00,47.21551455024507
2016-01-30 10:50:00,87.60233251771285
2016-01-30 11:00:00,70.80010527231435
2016-01-30 11:10:00,61.075608334612866
2016-01-30 11:20:00,52.84885319851974
2016-01-30 11:30:00,66.10408428593708
2016-01-30 11:40:00,63.213838128198475
2016-01-30 11:50:00,62.48960360784465
2016-01-30 12:00:00,158.71861756726747
2016-01-30 12:10:00,81.37883816922451
2016-01-30 12:20:00,77.74005074282805
2016-01-30 12:30:00,125.73333451808064
2016-01-30 12:40:00,109.00749078692148
2016-01-30 12:50:00,115.72490144860095
2016-01-30 13:00:00,146.3154956359824
2016-01-30 13:10:00,202.4266455211544
2016-01-30 13:20:00,216.98460132729727
2016-01-30 13:30:00,289.9247090259503
2016-01-30 13:40:00,275.77589214623856
2016-01-30 13:50:00,245.11991900624258
2016-01-30 14:00:00,243.94435392343112
2016-01-30 14:10:00,182.3170635373717
2016-01-30 14:20:00,165.42238633782137
2016-01-30 14:30:00,112.00537353830521
2016-01-30 14:40:00,130.0348838230443
2016-01-30 14:50:00,155.04780834874967
2016-01-30 15:00:00,254.73372006238168
2016-01-30 15:10:00,154.81932719339443
2016-01-30 15:20:00,250.39372178433499
2016-01-30 15:30:00,161.45091830435496
2016-01-30 15:40:00,119.30074222050787
2016-01-30 15:50:00,110.87295345950974
2016-01-30 16:00:00,113.71662061271594
2016-01-30 16:10:00,132.70025008905395
2016-01-30 16:20:00,142.77249264021813
2016-01-30 16:30:00,168.35376656188672
2016-01-30 16:40:00,158.93394530623326
2016-01-30 16:50:00,310.972747280098
2016-01-30 17:00:00,386.80466075626373
2016-01-30 17:10:00,337.6706111224099
2016-01-30 17:20:00,369.36203178061106
2016-01-30 17:30:00,315.37686787616553
2016-01-30 17:40:00,293.02149065006023
2016-01-30 17:50:00,277.94919311553986
2016-01-30 18:00:00,255.56153074269326
2016-01-30 18:10:00,176.55567108417304
2016-01-30 18:20:00,160.46229468173073
2016-01-30 18:30:00,329.26258806569666
2016-01-30 18:40:00,298.1544425617777
2016-01-30 18:50:00,169.227575360555
2016-01-30 19:00:00,186.74544970593203
2016-01-30 19:10:00,282.74718187581044
2016-01-30 19:20:00,297.81000052454505
2016-01-30 19:30:00,284.6893059736347
2016-01-30 19:40:00,258.357699383235
2016-01-30 19:50:00,199.88127465952115
2016-01-30 20:00:00,119.9658577970779
2016-01-30 20:10:00,121.94955068530511
2016-01-30 20:20:00,125.03651720892465
2016-01-30 20:30:00,124.53187299260821
2016-01-30 20:40:00,105.16786830775993
2016-01-30 20:50:00,92.28273254329962
2016-01-30 21:00:00,102.3553047524491
2016-01-30 21:10:00,92.49028402328017
2016-01-30 21:20:00,98.61588444791323
2016-01-30 21:30:00,95.52029292870516
2016-01-30 21:40:00,93.43789210178693
2016-01-30 21:50:00,86.0944649460924
2016-01-30 22:00:00,82.5750528465081
2016-01-30 22:10:00,83.34914494111352
2016-01-30 22:20:00,79.61105803665752
2016-01-30 22:30:00,61.294570357972
2016-01-30 22:40:00,55.281713762143546
2016-01-30 22:50:00,55.874303575166245
2016-01-30 23:00:00,48.63801086095061
2016-01-30 23:10:00,47.171168529990275
2016-01-30 23:20:00,49.56675500916721
2016-01-30 23:30:00,51.0118402532772
2016-01-30 23:40:00,53.707037617856415
2016-01-30 23:50:00,46.95455277337783
2016-01-31 00:00:00,46.418982402782326
2016-01-31 00:10:00,50.1900079866398
2016-01-31 00:20:00,53.54834157815979
2016-01-31 00:30:00,51.81594967035033
2016-01-31 00:40:00,51.56832214797721
2016-01-31 00:50:00,51.21635625878638
2016-01-31 01:00:00,50.21003438272307
2016-01-31 01:10:00,45.56545812538527
2016-01-31 01:20:00,49.2958825389343
2016-01-31 01:30:00,48.883392579430996
2016-01-31 01:40:00,43.47504977947861
2016-01-31 01:50:00,44.81513715019851
2016-01-31 02:00:00,49.28933337381223
2016-01-31 02:10:00,50.85281809737168
2016-01-31 02:20:00,53.64404331022594
2016-01-31 02:30:00,53.10392378244559
2016-01-31 02:40:00,48.13500263962084
2016-01-31 02:50:00,44.851885823372875
2016-01-31 03:00:00,50.299198594833996
2016-01-31 03:10:00,49.803032625362086
2016-01-31 03:20:00,52.957769873639094
2016-01-31 03:30:00,50.68179366760925
2016-01-31 03:40:00,42.73544770228597
2016-01-31 03:50:00,46.542519762902074
2016-01-31 04:00:00,47.27757896687366
2016-01-31 04:10:00,47.53560534319791
2016-01-31 04:20:00,50.95834460578709
2016-01-31 04:30:00,44.02821614787331
2016-01-31 04:40:00,42.93038050325237
2016-01-31 04:50:00,47.88328677980152
2016-01-31 05:00:00,51.830210668521346
2016-01-31 05:10:00,55.919099823253504
2016-01-31 05:20:00,53.15694236540306
2016-01-31 05:30:00,50.40463375299062
2016-01-31 05:40:00,52.69548888616854
2016-01-31 05:50:00,53.825645721598455
2016-01-31 06:00:00,49.686402192775425
2016-01-31 06:10:00,54.88540496122315
2016-01-31 06:20:00,50.472766265215675
2016-01-31 06:30:00,51.17582699710505
2016-01-31 06:40:00,48.72755711444164
2016-01-31 06:50:00,49.39768191667595
2016-01-31 07:00:00,55.121088347440974
2016-01-31 07:10:00,51.875940641867864
2016-01-31 07:20:00,48.64380270003052
2016-01-31 07:30:00,48.558962791240745
2016-01-31 07:40:00,47.496769340148695
2016-01-31 07:50:00,46.5478215423535
2016-01-31 08:00:00,57.53797777420872
2016-01-31 08:10:00,61.8280540004716
2016-01-31 08:20:00,128.43382506168723
2016-01-31 08:30:00,88.69558990045186
2016-01-31 08:40:00,211.8348586924641
2016-01-31 08:50:00,103.39025460485999
2016-01-31 09:00:00,110.64934286151139
2016-01-31 09:10:00,132.63450110492542
2016-01-31 09:20:00,176.8723751857
2016-01-31 09:30:00,210.9364339446163
2016-01-31 09:40:00,376.19981033759103
2016-01-31 09:50:00,271.62452194506915
2016-01-31 10:00:00,343.0723281590568
2016-01-31 10:10:00,279.6493327126091
2016-01-31 10:20:00,194.76407503330014
2016-01-31 10:30:00,119.8797600577766
2016-01-31 10:40:00,128.18829254750955
2016-01-31 10:50:00,162.26491676810173
2016-01-31 11:00:00,157.33940237131355
2016-01-31 11:10:00,112.72533264399216
2016-01-31 11:20:00,105.07445572895061
2016-01-31 11:30:00,194.61237565236874
2016-01-31 11:40:00,144.01681489649633
2016-01-31 11:50:00,148.5929102054276
2016-01-31 12:00:00,287.0629779266351
2016-01-31 12:10:00,238.96983542607802
2016-01-31 12:20:00,388.3781942899775
2016-01-31 12:30:00,376.6868833319564
2016-01-31 12:40:00,322.3939357940035
2016-01-31 12:50:00,315.9176168197326
2016-01-31 13:00:00,225.44699850841036
2016-01-31 13:10:00,197.025333407749
2016-01-31 13:20:00,176.3396115223591
2016-01-31 13:30:00,125.29427545940662
2016-01-31 13:40:00,134.87649076299104
2016-01-31 13:50:00,137.57932333426987
2016-01-31 14:00:00,160.13242797510122
2016-01-31 14:10:00,166.5475758155157
2016-01-31 14:20:00,142.4980327709611
2016-01-31 14:30:00,126.68514499031605
2016-01-31 14:40:00,90.50896804713258
2016-01-31 14:50:00,98.45594325209342
2016-01-31 15:00:00,96.71258083560593
2016-01-31 15:10:00,103.72313213810352
2016-01-31 15:20:00,116.33860135267105
2016-01-31 15:30:00,148.46975685913844
2016-01-31 15:40:00,109.1384411705817
2016-01-31 15:50:00,115.39697118493372
2016-01-31 16:00:00,107.03933158822812
2016-01-31 16:10:00,118.24992075714965
2016-01-31 16:20:00,119.99491514296689
2016-01-31 16:30:00,99.7277552629079
2016-01-31 16:40:00,104.73643432179242
2016-01-31 16:50:00,120.05762415618159
2016-01-31 17:00:00,136.3077825898699
2016-01-31 17:10:00,115.67578749054387
2016-01-31 17:20:00,129.58772324077708
2016-01-31 17:30:00,134.70157423544055
2016-01-31 17:40:00,136.41350738347708
2016-01-31 17:50:00,140.92453397933087
2016-01-31 18:00:00,158.87316650670334
2016-01-31 18:10:00,134.4806052574975
2016-01-31 18:20:00,137.86500576402295
2016-01-31 18:30:00,149.1379072602407
2016-01-31 18:40:00,131.94789208740946
2016-01-31 18:50:00,147.23106599879063
2016-01-31 19:00:00,183.5018806090447
2016-01-31 19:10:00,167.83451173471897
2016-01-31 19:20:00,132.5186880740697
2016-01-31 19:30:00,125.1967447531934
2016-01-31 19:40:00,138.54793742507954
2016-01-31 19:50:00,148.50246588493354
2016-01-31 20:00:00,126.96403529403064
2016-01-31 20:10:00,125.58918576153333
2016-01-31 20:20:00,122.12717328539964
2016-01-31 20:30:00,126.45088354248333
2016-01-31 20:40:00,124.56522951774153
2016-01-31 20:50:00,108.30170185230456
2016-01-31 21:00:00,128.36527645791793
2016-01-31 21:10:00,113.08992203205365
2016-01-31 21:20:00,102.17439013056325
2016-01-31 21:30:00,90.81416953778815
2016-01-31 21:40:00,85.1345026775653
2016-01-31 21:50:00,81.63545363271993
2016-01-31 22:00:00,77.78596849646452
2016-01-31 22:10:00,69.61459421271171
2016-01-31 22:20:00,71.6992994014325
2016-01-31 22:30:00,70.43815272051046
2016-01-31 22:40:00,58.02053380935999
2016-01-31 22:50:00,58.26682185602403
2016-01-31 23:00:00,54.802501624962524
2016-01-31 23:10:00,45.17704238085348
2016-01-31 23:20:00,45.73159291686852
2016-01-31 23:30:00,52.731153310831026
2016-01-31 23:40:00,56.15906763853529
2016-01-31 23:50:00,57.53696969208713
2016-02-01 00:00:00,57.31978321390033
2016-02-01 00:10:00,53.548741386959186
2016-02-01 00:20:00,51.079223807230484
2016-02-01 00:30:00,54.05269231428554
2016-02-01 00:40:00,53.900840195495626
2016-02-01 00:50:00,54.66578862187442
2016-02-01 01:00:00,53.658027088345406
2016-02-01 01:10:00,53.904858799534715
2016-02-01 01:20:00,55.003989227842396
2016-02-01 01:30:00,52.642554459330306
2016-02-01 01:40:00,46.297582944969925
2016-02-01 01:50:00,50.83211204282788
2016-02-01 02:00:00,52.136072834302645
2016-02-01 02:10:00,52.14007097986354
2016-02-01 02:20:00,54.77036395832467
2016-02-01 02:30:00,54.62039888791874
2016-02-01 02:40:00,50.825107549864505
2016-02-01 02:50:00,43.11574105765467
2016-02-01 03:00:00,43.17814556543495
2016-02-01 03:10:00,54.124485145660415
2016-02-01 03:20:00,56.10357620590787
2016-02-01 03:30:00,56.75292192479832
2016-02-01 03:40:00,54.26153165045887
2016-02-01 03:50:00,55.008838398547866
2016-02-01 04:00:00,55.377874206010624
2016-02-01 04:10:00,56.94895152900862
2016-02-01 04:20:00,54.68407743516138
2016-02-01 04:30:00,52.038578795717044
2016-02-01 04:40:00,55.60032689427827
2016-02-01 04:50:00,54.726585793626654
2016-02-01 05:00:00,55.813645658325825
2016-02-01 05:10:00,51.63370420372899
2016-02-01 05:20:00,53.20994722053505
2016-02-01 05:30:00,54.40810563469582
2016-02-01 05:40:00,55.563234402183156
2016-02-01 05:50:00,50.82038488995859
2016-02-01 06:00:00,53.234676511289074
2016-02-01 06:10:00,51.53404938341725
2016-02-01 06:20:00,46.12228266602729
2016-02-01 06:30:00,44.76649865681893
2016-02-01 06:40:00,55.236660682984706
2016-02-01 06:50:00,59.06132622211502
2016-02-01 07:00:00,60.271147803742714
2016-02-01 07:10:00,58.76461863908148
2016-02-01 07:20:00,54.31756238140761
2016-02-01 07:30:00,57.63164578450685
2016-02-01 07:40:00,67.46072119872336
2016-02-01 07:50:00,84.91725645724739
2016-02-01 08:00:00,103.82851337059775
2016-02-01 08:10:00,98.8219096266771
2016-02-01 08:20:00,143.85814256999913
2016-02-01 08:30:00,77.80947864392851
2016-02-01 08:40:00,70.1891976062924
2016-02-01 08:50:00,67.7954038845623
2016-02-01 09:00:00,63.159291446994786
2016-02-01 09:10:00,70.9368683348997
2016-02-01 09:20:00,96.33608133468515
2016-02-01 09:30:00,154.69986790268402
2016-02-01 09:40:00,159.64764674943373
2016-02-01 09:50:00,159.20193175798374
2016-02-01 10:00:00,135.19164485253958
2016-02-01 10:10:00,137.5231709001006
2016-02-01 10:20:00,84.08098496495604
2016-02-01 10:30:00,67.84539204398057
2016-02-01 10:40:00,59.764211046204245
2016-02-01 10:50:00,71.10355389444871
2016-02-01 11:00:00,82.11287210969249
2016-02-01 11:10:00,106.35191860520443
2016-02-01 11:20:00,203.52622144962265
2016-02-01 11:30:00,225.43195804375662
2016-02-01 11:40:00,375.11827906671533
2016-02-01 11:50:00,307.0783259171323
2016-02-01 12:00:00,306.91295254770927
2016-02-01 12:10:00,280.71546003754867
2016-02-01 12:20:00,265.96009360378946
2016-02-01 12:30:00,238.51613192428601
2016-02-01 12:40:00,161.4363856827634
2016-02-01 12:50:00,192.9557357506929
2016-02-01 13:00:00,250.87922992279888
2016-02-01 13:10:00,185.4663358711236
2016-02-01 13:20:00,207.29475645066515
2016-02-01 13:30:00,212.02856717323783
2016-02-01 13:40:00,383.53070252726354
2016-02-01 13:50:00,342.35782295621357
2016-02-01 14:00:00,296.49272628403986
2016-02-01 14:10:00,286.3051327297883
2016-02-01 14:20:00,263.00484494936154
2016-02-01 14:30:00,233.0740409054937
2016-02-01 14:40:00,148.99972915753702
2016-02-01 14:50:00,162.42766249901013
2016-02-01 15:00:00,229.520551925215
2016-02-01 15:10:00,324.9074998579464
2016-02-01 15:20:00,324.7484466635216
2016-02-01 15:30:00,292.9894418077355
2016-02-01 15:40:00,270.23412047724605
2016-02-01 15:50:00,236.58920715825522
2016-02-01 16:00:00,178.02294084091992
2016-02-01 16:10:00,171.49953707507362
2016-02-01 16:20:00,189.08095234741114
2016-02-01 16:30:00,185.3534200942061
2016-02-01 16:40:00,171.03687601642133
2016-02-01 16:50:00,423.1976394179621
2016-02-01 17:00:00,365.1126084970641
2016-02-01 17:10:00,305.10480115243536
2016-02-01 17:20:00,339.6093667133596
2016-02-01 17:30:00,333.95508389637956
2016-02-01 17:40:00,302.5687143497438
2016-02-01 17:50:00,150.14371367471998
2016-02-01 18:00:00,133.174969668001
2016-02-01 18:10:00,140.78578697095517
2016-02-01 18:20:00,135.67787636978505
2016-02-01 18:30:00,120.24799333729001
2016-02-01 18:40:00,113.089133411911
2016-02-01 18:50:00,115.45008491070395
2016-02-01 19:00:00,133.8867282546854
2016-02-01 19:10:00,206.92107653677598
2016-02-01 19:20:00,198.74669377758957
2016-02-01 19:30:00,193.64056478485097
2016-02-01 19:40:00,109.05896119228967
2016-02-01 19:50:00,107.6668360255971
2016-02-01 20:00:00,109.71606465701151
2016-02-01 20:10:00,129.8528294482433
2016-02-01 20:20:00,131.9729761241099
2016-02-01 20:30:00,128.06831849167682
2016-02-01 20:40:00,97.09760361868146
2016-02-01 20:50:00,78.8546641637249
2016-02-01 21:00:00,79.48225245305288
2016-02-01 21:10:00,71.4246430230085
2016-02-01 21:20:00,76.93101576103106
2016-02-01 21:30:00,71.30888572946016
2016-02-01 21:40:00,66.35191509730427
2016-02-01 21:50:00,69.56803305937858
2016-02-01 22:00:00,70.56159465726726
2016-02-01 22:10:00,108.87296850144253
2016-02-01 22:20:00,104.55623682668352
2016-02-01 22:30:00,74.81987884797847
2016-02-01 22:40:00,63.488162655460414
2016-02-01 22:50:00,61.522699298806515
2016-02-01 23:00:00,61.75823145683952
2016-02-01 23:10:00,59.79346499413361
2016-02-01 23:20:00,54.93212636423344
2016-02-01 23:30:00,52.08045510473777
2016-02-01 23:40:00,56.48344447037753
2016-02-01 23:50:00,61.186247922171
2016-02-02 00:00:00,58.75190853316579
2016-02-02 00:10:00,56.59497508955095
2016-02-02 00:20:00,60.977851602972294
2016-02-02 00:30:00,62.32919502866058
2016-02-02 00:40:00,58.048253948891485
2016-02-02 00:50:00,55.12186308877321
2016-02-02 01:00:00,55.166697017305665
2016-02-02 01:10:00,53.47006373020981
2016-02-02 01:20:00,56.2351625399497
2016-02-02 01:30:00,53.33505450421861
2016-02-02 01:40:00,44.304241478430505
2016-02-02 01:50:00,48.03450902846014
2016-02-02 02:00:00,51.66442036838051
2016-02-02 02:10:00,52.00988920615822
2016-02-02 02:20:00,50.71777447124642
2016-02-02 02:30:00,46.16934316927597
2016-02-02 02:40:00,50.41574597134872
2016-02-02 02:50:00,49.946761296374675
2016-02-02 03:00:00,49.22634673550416
2016-02-02 03:10:00,52.17238804744226
2016-02-02 03:20:00,50.405446511657765
2016-02-02 03:30:00,51.6457848167626
2016-02-02 03:40:00,51.794418579498654
2016-02-02 03:50:00,50.93198051258047
2016-02-02 04:00:00,50.06152618111378
2016-02-02 04:10:00,46.05739805833565
2016-02-02 04:20:00,47.47078489708454
2016-02-02 04:30:00,50.61394833252628
2016-02-02 04:40:00,53.82190514527769
2016-02-02 04:50:00,53.7705853971472
2016-02-02 05:00:00,48.23130743192698
2016-02-02 05:10:00,50.512000429880445
2016-02-02 05:20:00,52.70814390951265
2016-02-02 05:30:00,49.59884179358994
2016-02-02 05:40:00,51.78559596978579
2016-02-02 05:50:00,50.334821266855315
2016-02-02 06:00:00,50.045388268994
2016-02-02 06:10:00,51.13258296255921
2016-02-02 06:20:00,54.75612439298804
2016-02-02 06:30:00,54.85158763464131
2016-02-02 06:40:00,52.64106278406906
2016-02-02 06:50:00,52.02784681924417
2016-02-02 07:00:00,49.75563127807237
2016-02-02 07:10:00,52.53983033672153
2016-02-02 07:20:00,60.08453188774078
2016-02-02 07:30:00,62.82018729605507
2016-02-02 07:40:00,69.84901286746705
2016-02-02 07:50:00,79.5605553466452
2016-02-02 08:00:00,91.77415033610762
2016-02-02 08:10:00,94.04669914788815
2016-02-02 08:20:00,87.02721515801126
2016-02-02 08:30:00,132.84015519144185
2016-02-02 08:40:00,80.86864996482737
2016-02-02 08:50:00,68.97832429082476
2016-02-02 09:00:00,58.09984052889429
2016-02-02 09:10:00,67.8246260464432
2016-02-02 09:20:00,70.99451975593036
2016-02-02 09:30:00,68.22341012712336
2016-02-02 09:40:00,65.47701113593381
2016-02-02 09:50:00,79.50788387630018
2016-02-02 10:00:00,90.83208180754208
2016-02-02 10:10:00,91.75776592160004
2016-02-02 10:20:00,94.58187286885716
2016-02-02 10:30:00,88.365951558219
2016-02-02 10:40:00,84.07753921484027
2016-02-02 10:50:00,82.0751633913373
2016-02-02 11:00:00,84.04347114884736
2016-02-02 11:10:00,80.44582551479925
2016-02-02 11:20:00,77.32640177373965
2016-02-02 11:30:00,76.22216582962581
2016-02-02 11:40:00,76.12835580497325
2016-02-02 11:50:00,91.13623801687189
2016-02-02 12:00:00,76.51360805428021
2016-02-02 12:10:00,77.7203686184278
2016-02-02 12:20:00,82.34041776702959
2016-02-02 12:30:00,86.04546753789326
2016-02-02 12:40:00,83.33370401456081
2016-02-02 12:50:00,79.62904358430636
2016-02-02 13:00:00,80.20317722860953
2016-02-02 13:10:00,69.46976553434462
2016-02-02 13:20:00,76.07639086519981
2016-02-02 13:30:00,72.4303854432082
2016-02-02 13:40:00,55.01526010757084
2016-02-02 13:50:00,54.21650554610934
2016-02-02 14:00:00,65.44931369348552
2016-02-02 14:10:00,65.79503828791869
2016-02-02 14:20:00,73.15070875258985
2016-02-02 14:30:00,85.8265437069462
2016-02-02 14:40:00,72.24786830867336
2016-02-02 14:50:00,75.99274743239882
2016-02-02 15:00:00,90.04706994531769
2016-02-02 15:10:00,80.30970615320238
2016-02-02 15:20:00,72.43938710732442
2016-02-02 15:30:00,65.0953627302568
2016-02-02 15:40:00,73.40261631734398
2016-02-02 15:50:00,71.67327416494705
2016-02-02 16:00:00,79.29566092941074
2016-02-02 16:10:00,73.24907033932863
2016-02-02 16:20:00,72.84668407863121
2016-02-02 16:30:00,71.17569731904408
2016-02-02 16:40:00,71.23771741067345
2016-02-02 16:50:00,64.09551378990174
2016-02-02 17:00:00,69.89401538347049
2016-02-02 17:10:00,66.75006284513502
2016-02-02 17:20:00,52.821546950474946
2016-02-02 17:30:00,55.73522390985468
2016-02-02 17:40:00,76.9501142210457
2016-02-02 17:50:00,115.07330983332514
2016-02-02 18:00:00,114.48226484033113
2016-02-02 18:10:00,128.55078844828185
2016-02-02 18:20:00,168.0811638296495
2016-02-02 18:30:00,173.78772573902518
2016-02-02 18:40:00,153.8766969663935
2016-02-02 18:50:00,227.51140448361477
2016-02-02 19:00:00,208.3233147663577
2016-02-02 19:10:00,148.06875738686915
2016-02-02 19:20:00,120.47520625070464
2016-02-02 19:30:00,121.19236812255065
2016-02-02 19:40:00,123.12584816502043
2016-02-02 19:50:00,123.9231221943013
2016-02-02 20:00:00,136.23627421020424
2016-02-02 20:10:00,109.75537911832919
2016-02-02 20:20:00,95.79809932752737
2016-02-02 20:30:00,95.84629397726796
2016-02-02 20:40:00,105.08978277006496
2016-02-02 20:50:00,107.1489864506397
2016-02-02 21:00:00,107.03741739517902
2016-02-02 21:10:00,92.97240130349812
2016-02-02 21:20:00,94.31053107123945
2016-02-02 21:30:00,88.91063167855974
2016-02-02 21:40:00,81.85620670101129
2016-02-02 21:50:00,75.62559370071276
2016-02-02 22:00:00,75.9437776251518
2016-02-02 22:10:00,73.16764835559057
2016-02-02 22:20:00,76.73106568251224
2016-02-02 22:30:00,73.09466374707529
2016-02-02 22:40:00,68.47790333827513
2016-02-02 22:50:00,72.39886302114492
2016-02-02 23:00:00,73.54352832362837
2016-02-02 23:10:00,60.52655373545428
2016-02-02 23:20:00,45.2613705619766
2016-02-02 23:30:00,48.604913522401446
2016-02-02 23:40:00,60.15148295422129
2016-02-02 23:50:00,61.57387959080774
2016-02-03 00:00:00,60.66823169242819
2016-02-03 00:10:00,58.892444274669174
2016-02-03 00:20:00,56.78903144155103
2016-02-03 00:30:00,52.78465377201371
2016-02-03 00:40:00,56.10867712494948
2016-02-03 00:50:00,55.85232294457141
2016-02-03 01:00:00,58.58036630997147
2016-02-03 01:10:00,63.43105881095752
2016-02-03 01:20:00,58.97383985177901
2016-02-03 01:30:00,55.53907959479884
2016-02-03 01:40:00,48.63374777347501
2016-02-03 01:50:00,51.477316867602305
2016-02-03 02:00:00,44.686783971186884
2016-02-03 02:10:00,52.45032177177448
2016-02-03 02:20:00,51.93247116217632
2016-02-03 02:30:00,49.9517241450561
2016-02-03 02:40:00,52.742314776131515
2016-02-03 02:50:00,47.31308212997363
2016-02-03 03:00:00,55.37642964568894
2016-02-03 03:10:00,47.815318031068315
2016-02-03 03:20:00,40.874391497239074
2016-02-03 03:30:00,39.63626154777831
2016-02-03 03:40:00,48.06612837493748
2016-02-03 03:50:00,54.27648153453222
2016-02-03 04:00:00,57.497760982108574
2016-02-03 04:10:00,57.32681976306123
2016-02-03 04:20:00,58.38957067113949
2016-02-03 04:30:00,54.573226996786374
2016-02-03 04:40:00,52.322684375807874
2016-02-03 04:50:00,47.41397045806066
2016-02-03 05:00:00,53.56378564516069
2016-02-03 05:10:00,56.20952420538312
2016-02-03 05:20:00,51.03153705643448
2016-02-03 05:30:00,52.20260275537277
2016-02-03 05:40:00,55.880374848313345
2016-02-03 05:50:00,52.0558042173172
2016-02-03 06:00:00,48.233302341318876
2016-02-03 06:10:00,43.592538387898514
2016-02-03 06:20:00,47.86301919102212
2016-02-03 06:30:00,55.865829279083194
2016-02-03 06:40:00,54.39348434208899
2016-02-03 06:50:00,55.756955214625485
2016-02-03 07:00:00,55.1666892078685
2016-02-03 07:10:00,53.892084256219384
2016-02-03 07:20:00,55.69375690462732
2016-02-03 07:30:00,58.02414466373253
2016-02-03 07:40:00,59.97796836398077
2016-02-03 07:50:00,61.29330827238719
2016-02-03 08:00:00,61.94723360183876
2016-02-03 08:10:00,86.99319288464716
2016-02-03 08:20:00,78.53142124166372
2016-02-03 08:30:00,75.25147316687293
2016-02-03 08:40:00,85.21097965994993
2016-02-03 08:50:00,121.07422085721086
2016-02-03 09:00:00,99.88484817688143
2016-02-03 09:10:00,110.69782744988682
2016-02-03 09:20:00,110.46150825171075
2016-02-03 09:30:00,132.10035494806218
2016-02-03 09:40:00,108.20818700602287
2016-02-03 09:50:00,89.51149906845545
2016-02-03 10:00:00,112.09009911138135
2016-02-03 10:10:00,145.48786619295703
2016-02-03 10:20:00,155.3497992808956
2016-02-03 10:30:00,128.13694059510323
2016-02-03 10:40:00,100.34932429358659
2016-02-03 10:50:00,142.23522062628317
2016-02-03 11:00:00,133.6817131652172
2016-02-03 11:10:00,122.47813614780783
2016-02-03 11:20:00,89.5697960198389
2016-02-03 11:30:00,83.485917990789
2016-02-03 11:40:00,97.718782929276
2016-02-03 11:50:00,157.6259139732171
2016-02-03 12:00:00,106.92368682662885
2016-02-03 12:10:00,173.9440957458222
2016-02-03 12:20:00,154.03042832753977
2016-02-03 12:30:00,136.75864003826183
2016-02-03 12:40:00,90.017795691534
2016-02-03 12:50:00,91.2319155436422
2016-02-03 13:00:00,99.49202750740514
2016-02-03 13:10:00,89.9081181994998
2016-02-03 13:20:00,92.5988806222784
2016-02-03 13:30:00,87.51266349969607
2016-02-03 13:40:00,210.10202275272877
2016-02-03 13:50:00,112.14360061739337
2016-02-03 14:00:00,131.13506110537807
2016-02-03 14:10:00,142.54146633498613
2016-02-03 14:20:00,247.92847816586556
2016-02-03 14:30:00,246.5943174161903
2016-02-03 14:40:00,167.0449540426684
2016-02-03 14:50:00,124.03536373763595
2016-02-03 15:00:00,118.98017595680139
2016-02-03 15:10:00,114.30372409104884
2016-02-03 15:20:00,136.1094416729075
2016-02-03 15:30:00,115.53282850973834
2016-02-03 15:40:00,134.2312680355279
2016-02-03 15:50:00,156.61052057895137
2016-02-03 16:00:00,149.38990955469268
2016-02-03 16:10:00,170.11312522315242
2016-02-03 16:20:00,299.5368065476963
2016-02-03 16:30:00,362.72582005370595
2016-02-03 16:40:00,301.3578520128174
2016-02-03 16:50:00,299.6701716646458
2016-02-03 17:00:00,246.4946212762298
2016-02-03 17:10:00,232.11961226032778
2016-02-03 17:20:00,205.31073015632896
2016-02-03 17:30:00,137.02584007595985
2016-02-03 17:40:00,152.48644417437407
2016-02-03 17:50:00,130.3630615842212
2016-02-03 18:00:00,194.01972132914162
2016-02-03 18:10:00,165.920774272401
2016-02-03 18:20:00,137.76049591442842
2016-02-03 18:30:00,144.04814611686535
2016-02-03 18:40:00,229.8629528581181
2016-02-03 18:50:00,221.43754698182852
2016-02-03 19:00:00,215.530001841922
2016-02-03 19:10:00,123.15281873754748
2016-02-03 19:20:00,127.73456071798296
2016-02-03 19:30:00,127.06446316239331
2016-02-03 19:40:00,118.40450897649988
2016-02-03 19:50:00,114.23038558192599
2016-02-03 20:00:00,127.42480559904863
2016-02-03 20:10:00,121.07985125437669
2016-02-03 20:20:00,117.23070331780339
2016-02-03 20:30:00,119.93320905217156
2016-02-03 20:40:00,96.60385832683222
2016-02-03 20:50:00,108.0661366435334
2016-02-03 21:00:00,102.06435402018427
2016-02-03 21:10:00,106.86551879129857
2016-02-03 21:20:00,100.8536810900661
2016-02-03 21:30:00,95.31191817459955
2016-02-03 21:40:00,100.11422261780795
2016-02-03 21:50:00,85.82787685437887
2016-02-03 22:00:00,85.7630376952169
2016-02-03 22:10:00,62.56489545661088
2016-02-03 22:20:00,52.62219241248746
2016-02-03 22:30:00,56.267313918954514
2016-02-03 22:40:00,57.30582963248585
2016-02-03 22:50:00,69.15994410163825
2016-02-03 23:00:00,69.60852186856216
2016-02-03 23:10:00,69.07780650361384
2016-02-03 23:20:00,54.640668717778105
2016-02-03 23:30:00,52.589001619387886
2016-02-03 23:40:00,55.2176398708125
2016-02-03 23:50:00,56.690451464388374
2016-02-04 00:00:00,54.40019643050517
2016-02-04 00:10:00,50.53197264535961
2016-02-04 00:20:00,43.7846280713435
2016-02-04 00:30:00,46.12315501266502
2016-02-04 00:40:00,55.82572736652911
2016-02-04 00:50:00,56.09710231328622
2016-02-04 01:00:00,54.17015179096323
2016-02-04 01:10:00,54.440603873502965
2016-02-04 01:20:00,52.94870677544624
2016-02-04 01:30:00,53.811734463965045
2016-02-04 01:40:00,52.69289083669331
2016-02-04 01:50:00,53.86445278165916
2016-02-04 02:00:00,54.25333607030228
2016-02-04 02:10:00,51.17659183909996
2016-02-04 02:20:00,52.29680730566008
2016-02-04 02:30:00,51.16039989592926
2016-02-04 02:40:00,50.51529516886823
2016-02-04 02:50:00,53.3313819330738
2016-02-04 03:00:00,53.861401517234064
2016-02-04 03:10:00,52.565323208314226
2016-02-04 03:20:00,50.772754155821126
2016-02-04 03:30:00,46.02775507796194
2016-02-04 03:40:00,38.991089564155224
2016-02-04 03:50:00,46.30105158637036
2016-02-04 04:00:00,53.932086180027525
2016-02-04 04:10:00,56.785032441827184
2016-02-04 04:20:00,56.97609467834474
2016-02-04 04:30:00,57.14990378340271
2016-02-04 04:40:00,52.198656965746544
2016-02-04 04:50:00,53.162936577652005
2016-02-04 05:00:00,53.00819285003135
2016-02-04 05:10:00,53.051420904807486
2016-02-04 05:20:00,55.54428395791519
2016-02-04 05:30:00,53.452601952949294
2016-02-04 05:40:00,53.84638523093028
2016-02-04 05:50:00,53.449188571230074
2016-02-04 06:00:00,52.44554867682344
2016-02-04 06:10:00,45.87813651270935
2016-02-04 06:20:00,47.371050244088444
2016-02-04 06:30:00,53.23932615788736
2016-02-04 06:40:00,55.05440928810361
2016-02-04 06:50:00,56.10487379475902
2016-02-04 07:00:00,46.7524480984903
2016-02-04 07:10:00,44.64973419923927
2016-02-04 07:20:00,54.476019134318065
2016-02-04 07:30:00,60.222009517388265
2016-02-04 07:40:00,65.70611879530134
2016-02-04 07:50:00,65.08087574820789
2016-02-04 08:00:00,65.07494587552584
2016-02-04 08:10:00,72.56752586470198
2016-02-04 08:20:00,73.13722015802783
2016-02-04 08:30:00,72.22450318013492
2016-02-04 08:40:00,77.43494894069468
2016-02-04 08:50:00,74.15947595132299
2016-02-04 09:00:00,77.77141844574554
2016-02-04 09:10:00,76.42609399410829
2016-02-04 09:20:00,79.7572956891011
2016-02-04 09:30:00,78.12771737946203
2016-02-04 09:40:00,95.54008018962308
2016-02-04 09:50:00,83.61927384192741
2016-02-04 10:00:00,75.39017340104373
2016-02-04 10:10:00,67.04498077235013
2016-02-04 10:20:00,61.435028024404104
2016-02-04 10:30:00,57.94639603680688
2016-02-04 10:40:00,59.333911829072726
2016-02-04 10:50:00,66.29210834149174
2016-02-04 11:00:00,109.47138168374076
2016-02-04 11:10:00,149.87718957090988
2016-02-04 11:20:00,171.61356230707517
2016-02-04 11:30:00,139.07182924581116
2016-02-04 11:40:00,122.0977359045665
2016-02-04 11:50:00,113.60777771281731
2016-02-04 12:00:00,100.99775146432755
2016-02-04 12:10:00,99.45975434091935
2016-02-04 12:20:00,150.38292223953147
2016-02-04 12:30:00,101.29522838056458
2016-02-04 12:40:00,164.0232483623637
2016-02-04 12:50:00,191.4269467120695
2016-02-04 13:00:00,173.00220470734482
2016-02-04 13:10:00,133.4572396170433
2016-02-04 13:20:00,107.46361495799792
2016-02-04 13:30:00,108.46316472189946
2016-02-04 13:40:00,80.26842553041783
2016-02-04 13:50:00,74.92974978443289
2016-02-04 14:00:00,97.00252961455551
2016-02-04 14:10:00,96.43354526512752
2016-02-04 14:20:00,101.6999709679405
2016-02-04 14:30:00,123.659084693118
2016-02-04 14:40:00,112.79143417154513
2016-02-04 14:50:00,67.33312510982891
2016-02-04 15:00:00,54.10738276218075
2016-02-04 15:10:00,65.25814440593179
2016-02-04 15:20:00,69.08397937352917
2016-02-04 15:30:00,66.86444938349182
2016-02-04 15:40:00,60.87749687641313
2016-02-04 15:50:00,60.8670420863303
2016-02-04 16:00:00,68.9653243856123
2016-02-04 16:10:00,73.74988027480236
2016-02-04 16:20:00,74.90405973782978
2016-02-04 16:30:00,82.59476984995072
2016-02-04 16:40:00,81.18627014799458
2016-02-04 16:50:00,91.74109887349655
2016-02-04 17:00:00,98.78677150777824
2016-02-04 17:10:00,114.75438810825237
2016-02-04 17:20:00,120.65444910910146
2016-02-04 17:30:00,123.56799780263333
2016-02-04 17:40:00,118.93634344162619
2016-02-04 17:50:00,120.245007035217
2016-02-04 18:00:00,126.4818278441188
2016-02-04 18:10:00,121.17360811217178
2016-02-04 18:20:00,142.84348100657013
2016-02-04 18:30:00,136.70811555290086
2016-02-04 18:40:00,135.93519546728064
2016-02-04 18:50:00,201.67358978354926
2016-02-04 19:00:00,151.29348255804823
2016-02-04 19:10:00,163.06242339931504
2016-02-04 19:20:00,123.90812589649774
2016-02-04 19:30:00,130.94721661056116
2016-02-04 19:40:00,130.11970833664174
2016-02-04 19:50:00,137.17414674998585
2016-02-04 20:00:00,120.88814693624535
2016-02-04 20:10:00,111.9359419876508
2016-02-04 20:20:00,123.59117903987978
2016-02-04 20:30:00,132.9885419439458
2016-02-04 20:40:00,129.22512979226522
2016-02-04 20:50:00,113.80393353724803
2016-02-04 21:00:00,114.86675485226972
2016-02-04 21:10:00,108.46102527410545
2016-02-04 21:20:00,107.34603110899143
2016-02-04 21:30:00,104.90791864681225
2016-02-04 21:40:00,82.38488576657222
2016-02-04 21:50:00,103.85171996631108
2016-02-04 22:00:00,97.94945291852503
2016-02-04 22:10:00,98.94469769451706
2016-02-04 22:20:00,75.59441107683845
2016-02-04 22:30:00,66.4981036230538
2016-02-04 22:40:00,70.55865806091448
2016-02-04 22:50:00,62.96763473353772
2016-02-04 23:00:00,60.249804935003546
2016-02-04 23:10:00,58.36898463567685
2016-02-04 23:20:00,55.00801960569203
2016-02-04 23:30:00,55.3399494159325
2016-02-04 23:40:00,52.41514931241688
2016-02-04 23:50:00,52.00629672878279
2016-02-05 00:00:00,58.38037129646528
2016-02-05 00:10:00,59.861201946496585
2016-02-05 00:20:00,55.68153550123145
2016-02-05 00:30:00,52.63164061697499
2016-02-05 00:40:00,41.18901650735266
2016-02-05 00:50:00,37.292395568050495
2016-02-05 01:00:00,46.01986065991139
2016-02-05 01:10:00,53.27557064596806
2016-02-05 01:20:00,54.84571934937263
2016-02-05 01:30:00,55.64888370665624
2016-02-05 01:40:00,54.224422530123476
2016-02-05 01:50:00,52.41657104482746
2016-02-05 02:00:00,48.215675617488785
2016-02-05 02:10:00,48.99006818476554
2016-02-05 02:20:00,51.31247191259482
2016-02-05 02:30:00,53.464598074460326
2016-02-05 02:40:00,52.78907252358902
2016-02-05 02:50:00,50.75166067209457
2016-02-05 03:00:00,49.00032241885702
2016-02-05 03:10:00,48.36148210249261
2016-02-05 03:20:00,43.740122736739245
2016-02-05 03:30:00,49.11304091785143
2016-02-05 03:40:00,48.05305298815454
2016-02-05 03:50:00,46.32310576766061
2016-02-05 04:00:00,50.66107586823737
2016-02-05 04:10:00,48.593065745536
2016-02-05 04:20:00,46.85678717195529
2016-02-05 04:30:00,41.6283063530294
2016-02-05 04:40:00,40.19096895433757
2016-02-05 04:50:00,52.71056773367061
2016-02-05 05:00:00,54.6853505106487
2016-02-05 05:10:00,52.96023175847535
2016-02-05 05:20:00,50.71972220314983
2016-02-05 05:30:00,52.36985830340672
2016-02-05 05:40:00,52.582800589033816
2016-02-05 05:50:00,51.670328895005895
2016-02-05 06:00:00,51.40695944192146
2016-02-05 06:10:00,46.77697128590371
2016-02-05 06:20:00,51.89825518367637
2016-02-05 06:30:00,51.230708496991234
2016-02-05 06:40:00,49.648933652738904
2016-02-05 06:50:00,49.742881742120616
2016-02-05 07:00:00,54.52231005511914
2016-02-05 07:10:00,54.74445721732724
2016-02-05 07:20:00,52.50532165673617
2016-02-05 07:30:00,48.91029886587171
2016-02-05 07:40:00,58.13894062978696
2016-02-05 07:50:00,55.51375194615686
2016-02-05 08:00:00,46.514168019913605
2016-02-05 08:10:00,57.62494159436843
2016-02-05 08:20:00,53.558904448688175
2016-02-05 08:30:00,63.108132346863755
2016-02-05 08:40:00,61.42346229842514
2016-02-05 08:50:00,61.99901793719916
2016-02-05 09:00:00,60.707954852043876
2016-02-05 09:10:00,58.638108242569736
2016-02-05 09:20:00,55.03638172980514
2016-02-05 09:30:00,51.05054448219416
2016-02-05 09:40:00,64.97515769796802
2016-02-05 09:50:00,62.07712263201199
2016-02-05 10:00:00,65.69124493112724
2016-02-05 10:10:00,56.27065142773497
2016-02-05 10:20:00,49.344576473699654
2016-02-05 10:30:00,43.417062117505054
2016-02-05 10:40:00,48.51396336345491
2016-02-05 10:50:00,58.03928569267933
2016-02-05 11:00:00,46.70626509463247
2016-02-05 11:10:00,47.444976035511935
2016-02-05 11:20:00,60.258967829365034
2016-02-05 11:30:00,59.85938986163769
2016-02-05 11:40:00,61.77976949311199
2016-02-05 11:50:00,64.88031924630201
2016-02-05 12:00:00,59.56259992419788
2016-02-05 12:10:00,96.05934512181264
2016-02-05 12:20:00,76.88856897130826
2016-02-05 12:30:00,74.05807837555591
2016-02-05 12:40:00,82.49173946028597
2016-02-05 12:50:00,78.73498881326422
2016-02-05 13:00:00,79.32255394136541
2016-02-05 13:10:00,73.1381836002835
2016-02-05 13:20:00,71.64545164929743
2016-02-05 13:30:00,66.32756275564411
2016-02-05 13:40:00,68.16600591261994
2016-02-05 13:50:00,45.04221705546272
2016-02-05 14:00:00,44.18737286301148
2016-02-05 14:10:00,57.31898739817964
2016-02-05 14:20:00,60.15652880312761
2016-02-05 14:30:00,55.656463638975374
2016-02-05 14:40:00,48.22870634795908
2016-02-05 14:50:00,42.79589801830385
2016-02-05 15:00:00,46.30995171287338
2016-02-05 15:10:00,47.05301442124569
2016-02-05 15:20:00,52.692779921122884
2016-02-05 15:30:00,58.59533396383329
2016-02-05 15:40:00,60.58941134888866
2016-02-05 15:50:00,59.46110921619696
2016-02-05 16:00:00,51.63225103655271
2016-02-05 16:10:00,55.710146322533994
2016-02-05 16:20:00,52.91833608480005
2016-02-05 16:30:00,54.627337357187216
2016-02-05 16:40:00,57.507304738170774
2016-02-05 16:50:00,57.07882075109926
2016-02-05 17:00:00,52.0250704267049
2016-02-05 17:10:00,52.10720181483827
2016-02-05 17:20:00,53.64879969455713
2016-02-05 17:30:00,47.09544991089614
2016-02-05 17:40:00,47.56932052540457
2016-02-05 17:50:00,89.35229292852407
2016-02-05 18:00:00,93.48232738903442
2016-02-05 18:10:00,122.38265766712543
2016-02-05 18:20:00,136.77452236490254
2016-02-05 18:30:00,164.6236848550173
2016-02-05 18:40:00,239.43824778534017
2016-02-05 18:50:00,202.69397228992008
2016-02-05 19:00:00,146.33855522040412
2016-02-05 19:10:00,125.65637405253334
2016-02-05 19:20:00,118.20796986730949
2016-02-05 19:30:00,136.8446848249118
2016-02-05 19:40:00,114.33864221203427
2016-02-05 19:50:00,117.50592281778802
2016-02-05 20:00:00,132.50335468892717
2016-02-05 20:10:00,124.5891052230747
2016-02-05 20:20:00,108.65128634110138
2016-02-05 20:30:00,99.18802065902513
2016-02-05 20:40:00,101.9189201837083
2016-02-05 20:50:00,94.26081114230621
2016-02-05 21:00:00,75.53869340958826
2016-02-05 21:10:00,77.88229172556271
2016-02-05 21:20:00,81.29545204138819
2016-02-05 21:30:00,78.80383485535478
2016-02-05 21:40:00,75.76411925048784
2016-02-05 21:50:00,77.15401961143823
2016-02-05 22:00:00,69.23631343545149
2016-02-05 22:10:00,69.94973145464662
2016-02-05 22:20:00,62.53485432831602
2016-02-05 22:30:00,51.91746570829583
2016-02-05 22:40:00,53.75561680812548
2016-02-05 22:50:00,49.67857810750588
2016-02-05 23:00:00,48.76916403497619
2016-02-05 23:10:00,49.14017664129217
2016-02-05 23:20:00,41.31866230538916
2016-02-05 23:30:00,41.4150139251334
2016-02-05 23:40:00,50.23361194315121
2016-02-05 23:50:00,55.12535568859309
2016-02-06 00:00:00,56.07364003768053
2016-02-06 00:10:00,55.33094046142988
2016-02-06 00:20:00,55.91737797768717
2016-02-06 00:30:00,53.121441447303184
2016-02-06 00:40:00,48.29727222630135
2016-02-06 00:50:00,51.48484110468751
2016-02-06 01:00:00,50.8243499189436
2016-02-06 01:10:00,52.472893581919024
2016-02-06 01:20:00,49.95041052183251
2016-02-06 01:30:00,50.94551788437829
2016-02-06 01:40:00,50.91956043212115
2016-02-06 01:50:00,49.66024878752176
2016-02-06 02:00:00,48.35773099513545
2016-02-06 02:10:00,43.014592281780295
2016-02-06 02:20:00,44.50680287288889
2016-02-06 02:30:00,48.228084455006965
2016-02-06 02:40:00,50.15761744936511
2016-02-06 02:50:00,52.699524857651404
2016-02-06 03:00:00,52.243161801311835
2016-02-06 03:10:00,50.54088261104673
2016-02-06 03:20:00,48.29391568685044
2016-02-06 03:30:00,42.561606695631205
2016-02-06 03:40:00,49.07486829351407
2016-02-06 03:50:00,48.51700047778529
2016-02-06 04:00:00,48.14376367395769
2016-02-06 04:10:00,52.407534139306506
2016-02-06 04:20:00,43.51759010495542
2016-02-06 04:30:00,42.74421215901815
2016-02-06 04:40:00,47.84713561970161
2016-02-06 04:50:00,54.145623586572
2016-02-06 05:00:00,56.2237280398579
2016-02-06 05:10:00,52.94986945034283
2016-02-06 05:20:00,51.308737600144056
2016-02-06 05:30:00,54.070895646682665
2016-02-06 05:40:00,52.450427939764296
2016-02-06 05:50:00,54.0753292727722
2016-02-06 06:00:00,54.66157059548074
2016-02-06 06:10:00,53.73559329701276
2016-02-06 06:20:00,52.44338308926499
2016-02-06 06:30:00,51.21128060187322
2016-02-06 06:40:00,46.23894018612579
2016-02-06 06:50:00,47.56711327798068
2016-02-06 07:00:00,55.39442770168996
2016-02-06 07:10:00,53.88235731485715
2016-02-06 07:20:00,54.50893869364046
2016-02-06 07:30:00,53.857709714169346
2016-02-06 07:40:00,56.13161250171661
2016-02-06 07:50:00,47.21198268072724
2016-02-06 08:00:00,50.448179357583186
2016-02-06 08:10:00,50.72674327591088
2016-02-06 08:20:00,51.91215584392464
2016-02-06 08:30:00,53.09852925177054
2016-02-06 08:40:00,53.02689107083625
2016-02-06 08:50:00,56.299047454918075
2016-02-06 09:00:00,55.9707907346283
2016-02-06 09:10:00,54.29707965120768
2016-02-06 09:20:00,52.65944098443223
2016-02-06 09:30:00,60.359919653258565
2016-02-06 09:40:00,44.94202215575808
2016-02-06 09:50:00,45.098711255028526
2016-02-06 10:00:00,57.34826017348301
2016-02-06 10:10:00,63.490782835592384
2016-02-06 10:20:00,65.3599021049207
2016-02-06 10:30:00,65.31524670538715
2016-02-06 10:40:00,65.76793178151247
2016-02-06 10:50:00,64.4485816007495
2016-02-06 11:00:00,68.10958136989262
2016-02-06 11:10:00,55.45833301441406
2016-02-06 11:20:00,60.857395063489506
2016-02-06 11:30:00,58.68672214393404
2016-02-06 11:40:00,59.427053132351176
2016-02-06 11:50:00,60.92707270920749
2016-02-06 12:00:00,58.25694587487983
2016-02-06 12:10:00,61.02618956333094
2016-02-06 12:20:00,60.39750146911462
2016-02-06 12:30:00,58.57020734928699
2016-02-06 12:40:00,74.25804654758393
2016-02-06 12:50:00,71.21030027760857
2016-02-06 13:00:00,73.23428640952434
2016-02-06 13:10:00,65.17017293555814
2016-02-06 13:20:00,57.04184419173954
2016-02-06 13:30:00,78.49273528157183
2016-02-06 13:40:00,76.89460635092817
2016-02-06 13:50:00,73.73389011401156
2016-02-06 14:00:00,55.713442347929565
2016-02-06 14:10:00,54.983004357428385
2016-02-06 14:20:00,58.35795740086228
2016-02-06 14:30:00,61.7255987440689
2016-02-06 14:40:00,64.15176746730286
2016-02-06 14:50:00,61.9052220352747
2016-02-06 15:00:00,75.4590432698268
2016-02-06 15:10:00,70.86856249539854
2016-02-06 15:20:00,68.72718325877838
2016-02-06 15:30:00,68.78686630848928
2016-02-06 15:40:00,58.19914614436885
2016-02-06 15:50:00,152.65102731771373
2016-02-06 16:00:00,127.30016330811662
2016-02-06 16:10:00,147.9243335673306
2016-02-06 16:20:00,116.39543257146521
2016-02-06 16:30:00,93.70419499368384
2016-02-06 16:40:00,154.31912151713325
2016-02-06 16:50:00,186.4727919255003
2016-02-06 17:00:00,144.52262734025632
2016-02-06 17:10:00,242.76326729615917
2016-02-06 17:20:00,195.67058838577464
2016-02-06 17:30:00,239.80320479458317
2016-02-06 17:40:00,139.55457551242975
2016-02-06 17:50:00,183.14302650294803
2016-02-06 18:00:00,166.95288100044596
2016-02-06 18:10:00,115.90246623332372
2016-02-06 18:20:00,128.22789284764846
2016-02-06 18:30:00,156.4288750255187
2016-02-06 18:40:00,141.78382930545797
2016-02-06 18:50:00,175.01353350641304
2016-02-06 19:00:00,130.70208011546436
2016-02-06 19:10:00,86.76735273993059
2016-02-06 19:20:00,83.58969047731038
2016-02-06 19:30:00,101.46032783463568
2016-02-06 19:40:00,102.43286094727885
2016-02-06 19:50:00,96.89406976753358
2016-02-06 20:00:00,83.8681288103855
2016-02-06 20:10:00,87.52057538844691
2016-02-06 20:20:00,89.37959382050866
2016-02-06 20:30:00,94.73382308124674
2016-02-06 20:40:00,92.74411812439317
2016-02-06 20:50:00,93.15443870547317
2016-02-06 21:00:00,92.84877608395172
2016-02-06 21:10:00,85.18383382012635
2016-02-06 21:20:00,84.44882780615544
2016-02-06 21:30:00,82.9962194022815
2016-02-06 21:40:00,82.75288054331783
2016-02-06 21:50:00,84.84895781147391
2016-02-06 22:00:00,72.803892950964
2016-02-06 22:10:00,76.8943135413371
2016-02-06 22:20:00,73.02204740626101
2016-02-06 22:30:00,70.60761801820887
2016-02-06 22:40:00,62.290062471815645
2016-02-06 22:50:00,53.94731692726359
2016-02-06 23:00:00,56.14175170437634
2016-02-06 23:10:00,55.347679398942326
2016-02-06 23:20:00,55.396354405244075
2016-02-06 23:30:00,59.56025542125129
2016-02-06 23:40:00,60.241256488576795
2016-02-06 23:50:00,60.78692935865911
2016-02-07 00:00:00,47.859692218875416
2016-02-07 00:10:00,39.59424668486777
2016-02-07 00:20:00,44.967410616351266
2016-02-07 00:30:00,54.63181688607765
2016-02-07 00:40:00,59.06712802542645
2016-02-07 00:50:00,58.45338740780615
2016-02-07 01:00:00,56.843045032526426
2016-02-07 01:10:00,55.7044468810467
2016-02-07 01:20:00,55.22031765128439
2016-02-07 01:30:00,55.18933779229866
2016-02-07 01:40:00,53.01731744271572
2016-02-07 01:50:00,52.79527605476454
2016-02-07 02:00:00,53.502371197910705
2016-02-07 02:10:00,53.38544763822139
2016-02-07 02:20:00,52.28800023513371
2016-02-07 02:30:00,53.51585093084904
2016-02-07 02:40:00,50.67745564628616
2016-02-07 02:50:00,52.07906551306636
2016-02-07 03:00:00,52.76159369567475
2016-02-07 03:10:00,48.758356289825706
2016-02-07 03:20:00,47.133496061904324
2016-02-07 03:30:00,50.28403476558853
2016-02-07 03:40:00,52.38194883193031
2016-02-07 03:50:00,52.136547783050915
2016-02-07 04:00:00,53.999849928166014
2016-02-07 04:10:00,53.85392118875384
2016-02-07 04:20:00,52.003386705794895
2016-02-07 04:30:00,50.39699689976055
2016-02-07 04:40:00,45.228214363301525
2016-02-07 04:50:00,51.4484412372191
2016-02-07 05:00:00,51.183766146778716
2016-02-07 05:10:00,50.438171739875116
2016-02-07 05:20:00,50.871817934224296
2016-02-07 05:30:00,54.462663327617136
2016-02-07 05:40:00,54.93861372170553
2016-02-07 05:50:00,53.192427819196936
2016-02-07 06:00:00,43.145758149581106
2016-02-07 06:10:00,45.83726628946601
2016-02-07 06:20:00,49.69895627231557
2016-02-07 06:30:00,53.80859250677559
2016-02-07 06:40:00,58.049286083562755
2016-02-07 06:50:00,57.682748343369326
2016-02-07 07:00:00,57.92315228543395
2016-02-07 07:10:00,56.7730187423174
2016-02-07 07:20:00,55.76147497360548
2016-02-07 07:30:00,55.480469830367134
2016-02-07 07:40:00,51.9187964110091
2016-02-07 07:50:00,52.094152647262675
2016-02-07 08:00:00,57.6149676627546
2016-02-07 08:10:00,56.00674752858373
2016-02-07 08:20:00,53.21385818012864
2016-02-07 08:30:00,56.90103765857358
2016-02-07 08:40:00,54.74840469280717
2016-02-07 08:50:00,66.61846432898345
2016-02-07 09:00:00,59.179720820654055
2016-02-07 09:10:00,54.190776060057814
2016-02-07 09:20:00,54.29137286285138
2016-02-07 09:30:00,75.4562483452936
2016-02-07 09:40:00,74.9081262357245
2016-02-07 09:50:00,65.35461475479396
2016-02-07 10:00:00,67.32059435783034
2016-02-07 10:10:00,68.28303078230299
2016-02-07 10:20:00,53.91068820658454
2016-02-07 10:30:00,57.671480307334804
2016-02-07 10:40:00,57.79275436342524
2016-02-07 10:50:00,56.410959244175835
2016-02-07 11:00:00,60.082656129294534
2016-02-07 11:10:00,57.96613279328827
2016-02-07 11:20:00,59.93755433552423
2016-02-07 11:30:00,54.5741641698709
2016-02-07 11:40:00,58.57337496047746
2016-02-07 11:50:00,52.966309247179275
2016-02-07 12:00:00,45.24955336799032
2016-02-07 12:10:00,79.32457937738417
2016-02-07 12:20:00,83.61757122397057
2016-02-07 12:30:00,70.1086219262296
2016-02-07 12:40:00,65.45265240529231
2016-02-07 12:50:00,70.07562370695877
2016-02-07 13:00:00,70.35238391039238
2016-02-07 13:10:00,64.76907711461689
2016-02-07 13:20:00,55.48400830782072
2016-02-07 13:30:00,61.848408831029005
2016-02-07 13:40:00,53.94719905472971
2016-02-07 13:50:00,60.70870008181127
2016-02-07 14:00:00,91.48570212779745
2016-02-07 14:10:00,71.93088352134092
2016-02-07 14:20:00,63.51633501147087
2016-02-07 14:30:00,57.505020044572014
2016-02-07 14:40:00,48.671667003102726
2016-02-07 14:50:00,61.82141027725326
2016-02-07 15:00:00,57.57501676698579
2016-02-07 15:10:00,57.153898001210905
2016-02-07 15:20:00,71.70268642812051
2016-02-07 15:30:00,76.30060412843399
2016-02-07 15:40:00,72.58061101264319
2016-02-07 15:50:00,79.8549473924737
2016-02-07 16:00:00,74.95704606333774
2016-02-07 16:10:00,84.19670896133702
2016-02-07 16:20:00,82.70301224363952
2016-02-07 16:30:00,77.88121531950657
2016-02-07 16:40:00,74.24599682999042
2016-02-07 16:50:00,98.14056638286888
2016-02-07 17:00:00,101.01220982511057
2016-02-07 17:10:00,109.34590928927139
2016-02-07 17:20:00,128.6367688456621
2016-02-07 17:30:00,127.83919649709583
2016-02-07 17:40:00,165.0754191005555
2016-02-07 17:50:00,181.1077315412314
2016-02-07 18:00:00,111.20247188389891
2016-02-07 18:10:00,98.82438809925097
2016-02-07 18:20:00,98.14377035555711
2016-02-07 18:30:00,116.41676128619197
2016-02-07 18:40:00,138.9339762256574
2016-02-07 18:50:00,190.78875892224215
2016-02-07 19:00:00,128.2505395100969
2016-02-07 19:10:00,146.7589765431128
2016-02-07 19:20:00,138.02213905508594
2016-02-07 19:30:00,120.10835168716942
2016-02-07 19:40:00,107.32148310671158
2016-02-07 19:50:00,128.31874476517106
2016-02-07 20:00:00,121.5028038677775
2016-02-07 20:10:00,137.62695129630632
2016-02-07 20:20:00,115.57711213787424
2016-02-07 20:30:00,152.8650573431385
2016-02-07 20:40:00,129.72664597983925
2016-02-07 20:50:00,120.6344960220894
2016-02-07 21:00:00,129.67127199001274
2016-02-07 21:10:00,125.12958482893947
2016-02-07 21:20:00,113.55584558801284
2016-02-07 21:30:00,109.9626075865568
2016-02-07 21:40:00,98.94851330709
2016-02-07 21:50:00,83.32999372169354
2016-02-07 22:00:00,80.57277219924939
2016-02-07 22:10:00,77.43968757721015
2016-02-07 22:20:00,72.71861623902825
2016-02-07 22:30:00,67.20876499326607
2016-02-07 22:40:00,59.00206016985657
2016-02-07 22:50:00,57.76267265344477
2016-02-07 23:00:00,56.72127065678789
2016-02-07 23:10:00,58.429772574297836
2016-02-07 23:20:00,58.081569334757894
2016-02-07 23:30:00,60.00071045763898
2016-02-07 23:40:00,66.5686295400357
2016-02-07 23:50:00,74.39037943917644
2016-02-08 00:00:00,73.0846626914856
2016-02-08 00:10:00,66.59177079858019
2016-02-08 00:20:00,54.703038320652496
2016-02-08 00:30:00,41.488459616057135
2016-02-08 00:40:00,37.859327247732345
2016-02-08 00:50:00,50.97764741021832
2016-02-08 01:00:00,55.88318249464378
2016-02-08 01:10:00,56.361247894644805
2016-02-08 01:20:00,54.58440345654842
2016-02-08 01:30:00,52.61159152781935
2016-02-08 01:40:00,48.47371559562906
2016-02-08 01:50:00,52.29907070380429
2016-02-08 02:00:00,51.88867144616731
2016-02-08 02:10:00,52.91646833680422
2016-02-08 02:20:00,52.83447334668856
2016-02-08 02:30:00,51.484626349799385
2016-02-08 02:40:00,50.27715119033816
2016-02-08 02:50:00,44.77488637386935
2016-02-08 03:00:00,45.18112231277097
2016-02-08 03:10:00,48.87700015869156
2016-02-08 03:20:00,50.659343774277694
2016-02-08 03:30:00,52.35752463084751
2016-02-08 03:40:00,52.33203107795592
2016-02-08 03:50:00,50.82346465771477
2016-02-08 04:00:00,48.60871297641985
2016-02-08 04:10:00,42.93179411389448
2016-02-08 04:20:00,44.33108186890657
2016-02-08 04:30:00,52.13318734804165
2016-02-08 04:40:00,51.28550025117155
2016-02-08 04:50:00,47.821159336405145
2016-02-08 05:00:00,51.25933553909342
2016-02-08 05:10:00,52.07018268574005
2016-02-08 05:20:00,50.82247030092529
2016-02-08 05:30:00,49.03961899377249
2016-02-08 05:40:00,44.247662165437326
2016-02-08 05:50:00,38.563501790223306
2016-02-08 06:00:00,48.889876987504515
2016-02-08 06:10:00,52.4306800762568
2016-02-08 06:20:00,55.78440400320088
2016-02-08 06:30:00,55.57609781103326
2016-02-08 06:40:00,55.883113572893635
2016-02-08 06:50:00,55.10573061157224
2016-02-08 07:00:00,56.55265221395568
2016-02-08 07:10:00,53.84691468612578
2016-02-08 07:20:00,47.32135300092307
2016-02-08 07:30:00,49.08653271279247
2016-02-08 07:40:00,54.56365085477627
2016-02-08 07:50:00,59.105503468915394
2016-02-08 08:00:00,56.394068604824845
2016-02-08 08:10:00,66.45802900600339
2016-02-08 08:20:00,74.34291085630528
2016-02-08 08:30:00,68.54560830487247
2016-02-08 08:40:00,74.5440135658242
2016-02-08 08:50:00,69.41332565793506
2016-02-08 09:00:00,70.92064117693619
2016-02-08 09:10:00,75.02324033803072
2016-02-08 09:20:00,77.27165710102554
2016-02-08 09:30:00,77.55167446751894
2016-02-08 09:40:00,73.72329795501575
2016-02-08 09:50:00,139.06645407303478
2016-02-08 10:00:00,90.09938562172277
2016-02-08 10:10:00,86.07731764613516
2016-02-08 10:20:00,80.48241917128686
2016-02-08 10:30:00,76.02147036437105
2016-02-08 10:40:00,81.15917988620642
2016-02-08 10:50:00,84.2278453619581
2016-02-08 11:00:00,152.81098419833958
2016-02-08 11:10:00,341.8248518264853
2016-02-08 11:20:00,454.2435794284615
2016-02-08 11:30:00,420.1508106156828
2016-02-08 11:40:00,346.61932421824815
2016-02-08 11:50:00,304.0354999149358
2016-02-08 12:00:00,283.7173344648862
2016-02-08 12:10:00,253.1966741294246
2016-02-08 12:20:00,199.58107760891212
2016-02-08 12:30:00,157.20830679154219
2016-02-08 12:40:00,192.60787227416483
2016-02-08 12:50:00,194.7145425256583
2016-02-08 13:00:00,214.12706607151026
2016-02-08 13:10:00,234.95968923136016
2016-02-08 13:20:00,269.0949086735705
2016-02-08 13:30:00,243.88329219897523
2016-02-08 13:40:00,411.58329933510527
2016-02-08 13:50:00,390.4399985277738
2016-02-08 14:00:00,327.5023995897033
2016-02-08 14:10:00,281.3697054313981
2016-02-08 14:20:00,257.13746585801357
2016-02-08 14:30:00,217.45654098177263
2016-02-08 14:40:00,146.8423871096855
2016-02-08 14:50:00,180.21275928509544
2016-02-08 15:00:00,184.735847499937
2016-02-08 15:10:00,279.2956856952696
2016-02-08 15:20:00,411.84621645515034
2016-02-08 15:30:00,410.3612231662691
2016-02-08 15:40:00,348.33508930481486
2016-02-08 15:50:00,297.66179884284946
2016-02-08 16:00:00,262.354815094771
2016-02-08 16:10:00,263.1765022473716
2016-02-08 16:20:00,200.25048905048763
2016-02-08 16:30:00,148.5830218785656
2016-02-08 16:40:00,157.12527920073816
2016-02-08 16:50:00,188.39022566078168
2016-02-08 17:00:00,145.0597581819282
2016-02-08 17:10:00,176.50061965546766
2016-02-08 17:20:00,166.4629067265572
2016-02-08 17:30:00,134.46713996829592
2016-02-08 17:40:00,272.9905058076359
2016-02-08 17:50:00,340.77980073735523
2016-02-08 18:00:00,286.8703332075334
2016-02-08 18:10:00,313.53870597870434
2016-02-08 18:20:00,275.2759330531685
2016-02-08 18:30:00,297.09085199744726
2016-02-08 18:40:00,287.0298393495425
2016-02-08 18:50:00,228.06214559750288
2016-02-08 19:00:00,259.6079877260453
2016-02-08 19:10:00,235.0743010606851
2016-02-08 19:20:00,264.24891517473327
2016-02-08 19:30:00,108.2461023894106
2016-02-08 19:40:00,111.98340089018089
2016-02-08 19:50:00,118.88116813184965
2016-02-08 20:00:00,124.4004384505395
2016-02-08 20:10:00,113.80971662517237
2016-02-08 20:20:00,110.34205444510242
2016-02-08 20:30:00,122.68574453193023
2016-02-08 20:40:00,99.04713446558634
2016-02-08 20:50:00,96.5938609810473
2016-02-08 21:00:00,90.5587338590543
2016-02-08 21:10:00,83.06499768393644
2016-02-08 21:20:00,95.97111144172824
2016-02-08 21:30:00,94.64864483868236
2016-02-08 21:40:00,89.6133021936135
2016-02-08 21:50:00,74.42819878471641
2016-02-08 22:00:00,79.17740293192887
2016-02-08 22:10:00,70.70261191345224
2016-02-08 22:20:00,68.80743386570359
2016-02-08 22:30:00,59.21075158829036
2016-02-08 22:40:00,54.30700203467038
2016-02-08 22:50:00,57.05687853868777
2016-02-08 23:00:00,55.99117006912641
2016-02-08 23:10:00,55.71567284972987
2016-02-08 23:20:00,55.6067916843133
2016-02-08 23:30:00,54.98107064841309
2016-02-08 23:40:00,56.45290860252215
2016-02-08 23:50:00,56.80907537378205
2016-02-09 00:00:00,56.07600374371164
2016-02-09 00:10:00,50.462584179987225
2016-02-09 00:20:00,47.512088020478835
2016-02-09 00:30:00,51.03377359342209
2016-02-09 00:40:00,53.420555309968584
2016-02-09 00:50:00,51.514335503889775
2016-02-09 01:00:00,53.31719257898207
2016-02-09 01:10:00,52.403121273165
2016-02-09 01:20:00,51.05030875918329
2016-02-09 01:30:00,54.69121632477282
2016-02-09 01:40:00,53.96274294810868
2016-02-09 01:50:00,51.991293502953276
2016-02-09 02:00:00,50.46286426261619
2016-02-09 02:10:00,47.20339158815528
2016-02-09 02:20:00,48.522904106648454
2016-02-09 02:30:00,53.2420443819791
2016-02-09 02:40:00,52.455770585312365
2016-02-09 02:50:00,52.536131761921354
2016-02-09 03:00:00,48.116505747444776
2016-02-09 03:10:00,41.44997462544975
2016-02-09 03:20:00,45.676307127749006
2016-02-09 03:30:00,51.91743837983879
2016-02-09 03:40:00,53.60064822142529
2016-02-09 03:50:00,55.32201349520043
2016-02-09 04:00:00,53.17110814903833
2016-02-09 04:10:00,50.247453832798314
2016-02-09 04:20:00,52.273753223291514
2016-02-09 04:30:00,50.92933576221056
2016-02-09 04:40:00,52.603073147595225
2016-02-09 04:50:00,50.08007576702055
2016-02-09 05:00:00,52.26315351404769
2016-02-09 05:10:00,53.15667451318386
2016-02-09 05:20:00,48.32211850649532
2016-02-09 05:30:00,50.87392190088287
2016-02-09 05:40:00,53.13757006354837
2016-02-09 05:50:00,49.4107532489865
2016-02-09 06:00:00,47.953088698060235
2016-02-09 06:10:00,54.40747281278758
2016-02-09 06:20:00,56.42113433616239
2016-02-09 06:30:00,55.012703351423255
2016-02-09 06:40:00,53.366567010764435
2016-02-09 06:50:00,48.48405852596184
2016-02-09 07:00:00,54.1609365490507
2016-02-09 07:10:00,54.327269746675654
2016-02-09 07:20:00,56.24447529146782
2016-02-09 07:30:00,52.42658365890474
2016-02-09 07:40:00,58.564836876054166
2016-02-09 07:50:00,64.30878230889002
2016-02-09 08:00:00,69.49226845876454
2016-02-09 08:10:00,66.8558524775584
2016-02-09 08:20:00,58.642511512316155
2016-02-09 08:30:00,61.11727065491058
2016-02-09 08:40:00,64.10786491943203
2016-02-09 08:50:00,64.79594604137354
2016-02-09 09:00:00,61.73695751367632
2016-02-09 09:10:00,67.81893590590997
2016-02-09 09:20:00,67.56893275589444
2016-02-09 09:30:00,133.94675664489932
2016-02-09 09:40:00,85.25008434850072
2016-02-09 09:50:00,92.44288340191834
2016-02-09 10:00:00,85.4288818796998
2016-02-09 10:10:00,74.48885794916288
2016-02-09 10:20:00,77.27398685777293
2016-02-09 10:30:00,237.54080210850552
2016-02-09 10:40:00,182.55544091622065
2016-02-09 10:50:00,319.23047238311034
2016-02-09 11:00:00,256.22258544608945
2016-02-09 11:10:00,221.9677678296843
2016-02-09 11:20:00,123.86251784822741
2016-02-09 11:30:00,111.66045021586768
2016-02-09 11:40:00,114.98181083024033
2016-02-09 11:50:00,137.66314847781203
2016-02-09 12:00:00,173.60374818966275
2016-02-09 12:10:00,298.84566173463963
2016-02-09 12:20:00,351.8157811814911
2016-02-09 12:30:00,365.5106937775392
2016-02-09 12:40:00,314.2698802080169
2016-02-09 12:50:00,294.2939722363824
2016-02-09 13:00:00,254.8011049579753
2016-02-09 13:10:00,219.20780506447207
2016-02-09 13:20:00,167.7775379228257
2016-02-09 13:30:00,112.6190010007248
2016-02-09 13:40:00,113.21226037986291
2016-02-09 13:50:00,119.44028040306999
2016-02-09 14:00:00,129.88488569439636
2016-02-09 14:10:00,155.0028339681233
2016-02-09 14:20:00,131.30697828633166
2016-02-09 14:30:00,132.0187459510649
2016-02-09 14:40:00,138.10893434649208
2016-02-09 14:50:00,129.60534706026513
2016-02-09 15:00:00,122.22066735879928
2016-02-09 15:10:00,117.85112096054215
2016-02-09 15:20:00,169.86291162919443
2016-02-09 15:30:00,233.9938937750764
2016-02-09 15:40:00,164.0656559701067
2016-02-09 15:50:00,177.85063299569777
2016-02-09 16:00:00,176.3899055837518
2016-02-09 16:10:00,127.52667241103364
2016-02-09 16:20:00,112.15367823276738
2016-02-09 16:30:00,99.35325126236178
2016-02-09 16:40:00,109.6845246424402
2016-02-09 16:50:00,112.7762283680307
2016-02-09 17:00:00,117.9149816641737
2016-02-09 17:10:00,129.4050105558158
2016-02-09 17:20:00,134.396649341173
2016-02-09 17:30:00,140.44897215409188
2016-02-09 17:40:00,155.38262230217174
2016-02-09 17:50:00,140.26164060281607
2016-02-09 18:00:00,130.55552521853966
2016-02-09 18:10:00,131.60162101054993
2016-02-09 18:20:00,139.7925171383589
2016-02-09 18:30:00,129.1589335603419
2016-02-09 18:40:00,127.21982677111183
2016-02-09 18:50:00,143.4573716262841
2016-02-09 19:00:00,127.70515808422292
2016-02-09 19:10:00,199.65135392037092
2016-02-09 19:20:00,163.18189379968828
2016-02-09 19:30:00,187.80478180706905
2016-02-09 19:40:00,171.8301254567174
2016-02-09 19:50:00,123.50724423887637
2016-02-09 20:00:00,136.42670209076135
2016-02-09 20:10:00,138.73174740902058
2016-02-09 20:20:00,143.77487431500143
2016-02-09 20:30:00,132.37707376426266
2016-02-09 20:40:00,128.62409549600739
2016-02-09 20:50:00,127.41557170869888
2016-02-09 21:00:00,126.47993886685435
2016-02-09 21:10:00,116.14786870228605
2016-02-09 21:20:00,113.66908507713731
2016-02-09 21:30:00,113.36543822787587
2016-02-09 21:40:00,109.93747115261148
2016-02-09 21:50:00,109.43860396040164
2016-02-09 22:00:00,106.54748539206768
2016-02-09 22:10:00,105.23251012692766
2016-02-09 22:20:00,104.602486560175
2016-02-09 22:30:00,92.97304527069736
2016-02-09 22:40:00,86.80853775426574
2016-02-09 22:50:00,73.64470059931833
2016-02-09 23:00:00,65.8586720105082
2016-02-09 23:10:00,58.635854017484064
2016-02-09 23:20:00,53.807930606677424
2016-02-09 23:30:00,52.358289837653956
2016-02-09 23:40:00,55.29329658976109
2016-02-09 23:50:00,56.378318065043196
2016-02-10 00:00:00,58.55593093252182
2016-02-10 00:10:00,54.53711537698874
2016-02-10 00:20:00,53.31422461327172
2016-02-10 00:30:00,54.253523741744715
2016-02-10 00:40:00,55.681577158072145
2016-02-10 00:50:00,62.582768578520486
2016-02-10 01:00:00,57.4759740987793
2016-02-10 01:10:00,57.36443926563574
2016-02-10 01:20:00,58.349469051832116
2016-02-10 01:30:00,62.53977816134124
2016-02-10 01:40:00,60.14524606353143
2016-02-10 01:50:00,57.76034997616021
2016-02-10 02:00:00,57.81850638005502
2016-02-10 02:10:00,58.14633917276195
2016-02-10 02:20:00,53.82985921203053
2016-02-10 02:30:00,57.25761721340792
2016-02-10 02:40:00,55.842736399346265
2016-02-10 02:50:00,58.16740859181551
2016-02-10 03:00:00,62.69158861824954
2016-02-10 03:10:00,54.720011242604926
2016-02-10 03:20:00,60.15312396339417
2016-02-10 03:30:00,58.81049862893045
2016-02-10 03:40:00,53.097268814460215
2016-02-10 03:50:00,56.9791671588046
2016-02-10 04:00:00,56.49173901961699
2016-02-10 04:10:00,60.38337236684991
2016-02-10 04:20:00,56.9891273527165
2016-02-10 04:30:00,59.34127529075023
2016-02-10 04:40:00,60.309584928375
2016-02-10 04:50:00,58.88539965197802
2016-02-10 05:00:00,58.06115927532627
2016-02-10 05:10:00,53.01222014041387
2016-02-10 05:20:00,53.90506927998278
2016-02-10 05:30:00,61.4071521537223
2016-02-10 05:40:00,59.83673549811164
2016-02-10 05:50:00,57.525334402234336
2016-02-10 06:00:00,61.40414994490409
2016-02-10 06:10:00,63.090743600719236
2016-02-10 06:20:00,61.855878165975504
2016-02-10 06:30:00,60.41263773843209
2016-02-10 06:40:00,60.985575757124714
2016-02-10 06:50:00,62.00511477880406
2016-02-10 07:00:00,57.114229041234665
2016-02-10 07:10:00,62.97640871267616
2016-02-10 07:20:00,60.987155424573146
2016-02-10 07:30:00,58.90958108387455
2016-02-10 07:40:00,54.335515861677514
2016-02-10 07:50:00,60.64328531394198
2016-02-10 08:00:00,59.73990061613402
2016-02-10 08:10:00,61.391924439273524
2016-02-10 08:20:00,66.43153006988253
2016-02-10 08:30:00,60.69601279226911
2016-02-10 08:40:00,77.64030690216057
2016-02-10 08:50:00,80.03181981887782
2016-02-10 09:00:00,93.41136623003231
2016-02-10 09:10:00,107.02426789156168
2016-02-10 09:20:00,110.26905211448066
2016-02-10 09:30:00,88.97943248323567
2016-02-10 09:40:00,80.72125040358856
2016-02-10 09:50:00,90.70232658177908
2016-02-10 10:00:00,83.33037060629681
2016-02-10 10:10:00,80.31151825640137
2016-02-10 10:20:00,84.02934038644898
2016-02-10 10:30:00,79.14254149051973
2016-02-10 10:40:00,83.70118365116075
2016-02-10 10:50:00,87.80039977384664
2016-02-10 11:00:00,83.01886193233067
2016-02-10 11:10:00,94.78052327810764
2016-02-10 11:20:00,83.70122991749926
2016-02-10 11:30:00,73.41836597871206
2016-02-10 11:40:00,72.46384953576981
2016-02-10 11:50:00,87.59335924196894
2016-02-10 12:00:00,91.93336528255486
2016-02-10 12:10:00,88.3276484827648
2016-02-10 12:20:00,92.34543236918658
2016-02-10 12:30:00,96.45133435599746
2016-02-10 12:40:00,95.47071604963668
2016-02-10 12:50:00,86.51925379842767
2016-02-10 13:00:00,112.54209711082487
2016-02-10 13:10:00,81.3608868248917
2016-02-10 13:20:00,72.44246835289482
2016-02-10 13:30:00,77.67171769044747
2016-02-10 13:40:00,80.78582899865506
2016-02-10 13:50:00,82.92213634910426
2016-02-10 14:00:00,74.72186341507224
2016-02-10 14:10:00,68.29660657901931
2016-02-10 14:20:00,81.98621212893454
2016-02-10 14:30:00,76.30897566329482
2016-02-10 14:40:00,67.35187870769931
2016-02-10 14:50:00,70.56043407610737
2016-02-10 15:00:00,74.58895655139595
2016-02-10 15:10:00,91.88823963690103
2016-02-10 15:20:00,83.56612563312417
2016-02-10 15:30:00,95.10115668378792
2016-02-10 15:40:00,93.75806245990549
2016-02-10 15:50:00,96.62635173634067
2016-02-10 16:00:00,97.86958871828367
2016-02-10 16:10:00,106.2037563765432
2016-02-10 16:20:00,109.20650747501402
2016-02-10 16:30:00,127.0146818166094
2016-02-10 16:40:00,144.27083983709366
2016-02-10 16:50:00,122.18187536615432
2016-02-10 17:00:00,104.20611985660047
2016-02-10 17:10:00,92.23973187036017
2016-02-10 17:20:00,96.00006161843503
2016-02-10 17:30:00,103.79186890737608
2016-02-10 17:40:00,108.19720276909996
2016-02-10 17:50:00,123.91779735959723
2016-02-10 18:00:00,111.60847447113821
2016-02-10 18:10:00,94.15881987354409
2016-02-10 18:20:00,136.43371758338
2016-02-10 18:30:00,170.2353354668541
2016-02-10 18:40:00,218.2133700129488
2016-02-10 18:50:00,162.81687100309134
2016-02-10 19:00:00,178.28949143255025
2016-02-10 19:10:00,137.7029531517017
2016-02-10 19:20:00,121.01479502763767
2016-02-10 19:30:00,125.38161397157033
2016-02-10 19:40:00,128.07371257066433
2016-02-10 19:50:00,137.16862484500842
2016-02-10 20:00:00,112.57174433208482
2016-02-10 20:10:00,114.496863593045
2016-02-10 20:20:00,118.49633935303353
2016-02-10 20:30:00,120.36753950340324
2016-02-10 20:40:00,112.04759366014305
2016-02-10 20:50:00,112.26309292839947
2016-02-10 21:00:00,113.84839509282129
2016-02-10 21:10:00,108.5324019007931
2016-02-10 21:20:00,96.68378859737314
2016-02-10 21:30:00,101.1528358430425
2016-02-10 21:40:00,98.70829910719085
2016-02-10 21:50:00,97.80347860017552
2016-02-10 22:00:00,81.34281181799224
2016-02-10 22:10:00,83.30458218533909
2016-02-10 22:20:00,89.72464408185328
2016-02-10 22:30:00,91.17933215655636
2016-02-10 22:40:00,84.42541728108553
2016-02-10 22:50:00,62.124440920398214
2016-02-10 23:00:00,61.09474747740482
2016-02-10 23:10:00,64.5523380416678
2016-02-10 23:20:00,59.962155778800145
2016-02-10 23:30:00,57.84391552552387
2016-02-10 23:40:00,58.03123102136233
2016-02-10 23:50:00,58.92648830398838
2016-02-11 00:00:00,61.82142899449477
2016-02-11 00:10:00,56.07714085155747
2016-02-11 00:20:00,52.60676356964363
2016-02-11 00:30:00,54.87529113117566
2016-02-11 00:40:00,51.710859076949475
2016-02-11 00:50:00,40.252457917448176
2016-02-11 01:00:00,47.09505632251456
2016-02-11 01:10:00,46.96522596017085
2016-02-11 01:20:00,54.113835765082825
2016-02-11 01:30:00,55.245681372271946
2016-02-11 01:40:00,52.94685083389495
2016-02-11 01:50:00,52.109412854725136
2016-02-11 02:00:00,52.28644644633748
2016-02-11 02:10:00,52.85715389415704
2016-02-11 02:20:00,52.684896970527134
2016-02-11 02:30:00,52.18292743905457
2016-02-11 02:40:00,51.60106675065286
2016-02-11 02:50:00,53.11850245186388
2016-02-11 03:00:00,52.869094805854154
2016-02-11 03:10:00,47.41902511362153
2016-02-11 03:20:00,49.52225143609585
2016-02-11 03:30:00,43.62290471827657
2016-02-11 03:40:00,47.773173530783126
2016-02-11 03:50:00,50.93488948093103
2016-02-11 04:00:00,42.62856001476953
2016-02-11 04:10:00,41.47502614558561
2016-02-11 04:20:00,51.281726325383865
2016-02-11 04:30:00,54.04432871779439
2016-02-11 04:40:00,54.64041673605367
2016-02-11 04:50:00,53.571215568958124
2016-02-11 05:00:00,52.07431713748568
2016-02-11 05:10:00,50.862096696988196
2016-02-11 05:20:00,45.981121388835355
2016-02-11 05:30:00,50.667990456978124
2016-02-11 05:40:00,53.66361638979733
2016-02-11 05:50:00,53.44377691788304
2016-02-11 06:00:00,54.832199126283115
2016-02-11 06:10:00,51.048375457228055
2016-02-11 06:20:00,43.55591224853607
2016-02-11 06:30:00,50.37385640546245
2016-02-11 06:40:00,55.88649196679181
2016-02-11 06:50:00,55.8211528314199
2016-02-11 07:00:00,53.344744894564805
2016-02-11 07:10:00,46.60697256947022
2016-02-11 07:20:00,42.88815372958446
2016-02-11 07:30:00,52.841278860634425
2016-02-11 07:40:00,59.06580369030111
2016-02-11 07:50:00,63.58176155216394
2016-02-11 08:00:00,60.64887257245326
2016-02-11 08:10:00,58.24828485239933
2016-02-11 08:20:00,57.435464461712044
2016-02-11 08:30:00,68.27888040054546
2016-02-11 08:40:00,67.88043690206248
2016-02-11 08:50:00,66.10751721205102
2016-02-11 09:00:00,67.69364867720527
2016-02-11 09:10:00,141.46566735272114
2016-02-11 09:20:00,78.44957516255558
2016-02-11 09:30:00,74.7292731355972
2016-02-11 09:40:00,82.84011145038221
2016-02-11 09:50:00,90.89943773702937
2016-02-11 10:00:00,74.71199256009918
2016-02-11 10:10:00,63.60253697573512
2016-02-11 10:20:00,98.56828527818749
2016-02-11 10:30:00,130.3511117515335
2016-02-11 10:40:00,143.99818530571414
2016-02-11 10:50:00,151.6210052189075
2016-02-11 11:00:00,169.5848979390464
2016-02-11 11:10:00,172.4228494351066
2016-02-11 11:20:00,89.14016056692043
2016-02-11 11:30:00,121.06986608556907
2016-02-11 11:40:00,81.68857674436089
2016-02-11 11:50:00,77.60935209436302
2016-02-11 12:00:00,82.15352547950378
2016-02-11 12:10:00,76.95031666362247
2016-02-11 12:20:00,89.05175592650723
2016-02-11 12:30:00,154.1941516534855
2016-02-11 12:40:00,215.0055478233094
2016-02-11 12:50:00,264.43922255847184
2016-02-11 13:00:00,138.16646862374625
2016-02-11 13:10:00,83.19425073135574
2016-02-11 13:20:00,78.85557858205867
2016-02-11 13:30:00,76.78045350750428
2016-02-11 13:40:00,70.27113547977359
2016-02-11 13:50:00,88.05840654387552
2016-02-11 14:00:00,118.46148655716753
2016-02-11 14:10:00,189.8317743834508
2016-02-11 14:20:00,114.85946868834417
2016-02-11 14:30:00,102.63733125786841
2016-02-11 14:40:00,95.57968606535812
2016-02-11 14:50:00,90.36382703110486
2016-02-11 15:00:00,87.59663590451044
2016-02-11 15:10:00,100.59564315060877
2016-02-11 15:20:00,150.51607841513365
2016-02-11 15:30:00,126.8659618124654
2016-02-11 15:40:00,103.12558984545349
2016-02-11 15:50:00,110.45491530442276
2016-02-11 16:00:00,106.10588799958713
2016-02-11 16:10:00,109.40630087542114
2016-02-11 16:20:00,114.5275719575323
2016-02-11 16:30:00,146.2282296547159
2016-02-11 16:40:00,170.07663955028306
2016-02-11 16:50:00,146.18352850791695
2016-02-11 17:00:00,132.14388893316394
2016-02-11 17:10:00,120.66647859864712
2016-02-11 17:20:00,138.70349034041757
2016-02-11 17:30:00,129.32221706649725
2016-02-11 17:40:00,124.193965422578
2016-02-11 17:50:00,120.03399928959146
2016-02-11 18:00:00,123.28819896209247
2016-02-11 18:10:00,204.6092613294721
2016-02-11 18:20:00,152.21755407242483
2016-02-11 18:30:00,209.0195327267741
2016-02-11 18:40:00,231.39941662819544
2016-02-11 18:50:00,244.73251458198976
2016-02-11 19:00:00,204.16147369988843
2016-02-11 19:10:00,239.86365102487184
2016-02-11 19:20:00,139.59963716824672
2016-02-11 19:30:00,154.04613383449927
2016-02-11 19:40:00,157.48587989430683
2016-02-11 19:50:00,156.68939394439337
2016-02-11 20:00:00,144.12641730715563
2016-02-11 20:10:00,124.52533040779974
2016-02-11 20:20:00,126.27845017147632
2016-02-11 20:30:00,123.65111688378556
2016-02-11 20:40:00,124.96065541807738
2016-02-11 20:50:00,120.97957111840343
2016-02-11 21:00:00,124.3583556805964
2016-02-11 21:10:00,115.29612923017372
2016-02-11 21:20:00,115.10607176039332
2016-02-11 21:30:00,110.96899923335356
2016-02-11 21:40:00,111.76484101920451
2016-02-11 21:50:00,105.79773501316444
2016-02-11 22:00:00,102.46651054221861
2016-02-11 22:10:00,97.19463054929271
2016-02-11 22:20:00,90.13754508318713
2016-02-11 22:30:00,84.03023890195468
2016-02-11 22:40:00,70.02586640610441
2016-02-11 22:50:00,47.44169677083138
2016-02-11 23:00:00,54.438489587480454
2016-02-11 23:10:00,54.050331484194054
2016-02-11 23:20:00,53.12076527072001
2016-02-11 23:30:00,49.14012485297274
2016-02-11 23:40:00,52.518829059117905
2016-02-11 23:50:00,54.36524526467491
2016-02-12 00:00:00,54.027686219080266
2016-02-12 00:10:00,53.39718369443638
2016-02-12 00:20:00,55.93209844190007
2016-02-12 00:30:00,64.9198873756477
2016-02-12 00:40:00,62.81763999510944
2016-02-12 00:50:00,51.50594557884566
2016-02-12 01:00:00,48.58452598882393
2016-02-12 01:10:00,45.01856600956435
2016-02-12 01:20:00,53.192325559466745
2016-02-12 01:30:00,57.01023046347652
2016-02-12 01:40:00,56.21498916169396
2016-02-12 01:50:00,51.091489629589454
2016-02-12 02:00:00,47.79176209158584
2016-02-12 02:10:00,46.30995359229987
2016-02-12 02:20:00,54.7620729788718
2016-02-12 02:30:00,56.69636461219106
2016-02-12 02:40:00,57.06416016407703
2016-02-12 02:50:00,54.45593926487136
2016-02-12 03:00:00,52.74902323078029
2016-02-12 03:10:00,57.52371392287271
2016-02-12 03:20:00,54.35701341175725
2016-02-12 03:30:00,54.51332598891606
2016-02-12 03:40:00,54.63808374893161
2016-02-12 03:50:00,50.39991673907712
2016-02-12 04:00:00,52.16619509600957
2016-02-12 04:10:00,49.221630108805826
2016-02-12 04:20:00,48.107827606356295
2016-02-12 04:30:00,52.904792094762655
2016-02-12 04:40:00,54.329846869042136
2016-02-12 04:50:00,53.326880862831395
2016-02-12 05:00:00,51.315784597620265
2016-02-12 05:10:00,46.37545744494671
2016-02-12 05:20:00,39.14564976403888
2016-02-12 05:30:00,45.65908428242308
2016-02-12 05:40:00,50.797780139711676
2016-02-12 05:50:00,56.83837826265176
2016-02-12 06:00:00,59.89631070491604
2016-02-12 06:10:00,59.54518131676941
2016-02-12 06:20:00,58.78014435087912
2016-02-12 06:30:00,55.08688554120244
2016-02-12 06:40:00,54.98646273848489
2016-02-12 06:50:00,60.31886760101411
2016-02-12 07:00:00,58.92662995156301
2016-02-12 07:10:00,56.79642412140852
2016-02-12 07:20:00,55.10526478469777
2016-02-12 07:30:00,60.69713655138561
2016-02-12 07:40:00,71.14406517160488
2016-02-12 07:50:00,58.989362720208874
2016-02-12 08:00:00,55.23411057583887
2016-02-12 08:10:00,66.09478274524199
2016-02-12 08:20:00,58.33263388169318
2016-02-12 08:30:00,54.36378156363295
2016-02-12 08:40:00,55.50945619677733
2016-02-12 08:50:00,52.01581543065343
2016-02-12 09:00:00,61.530608107674766
2016-02-12 09:10:00,54.684718946538766
2016-02-12 09:20:00,49.47262372086903
2016-02-12 09:30:00,66.67685995653348
2016-02-12 09:40:00,104.86634206850377
2016-02-12 09:50:00,83.79498627178243
2016-02-12 10:00:00,70.3582257650989
2016-02-12 10:10:00,64.4356732320195
2016-02-12 10:20:00,67.71160521338004
2016-02-12 10:30:00,70.65751777113103
2016-02-12 10:40:00,79.37296410405935
2016-02-12 10:50:00,121.74765433026847
2016-02-12 11:00:00,208.13523528180306
2016-02-12 11:10:00,252.8394501338075
2016-02-12 11:20:00,224.16680546556105
2016-02-12 11:30:00,222.73679488099935
2016-02-12 11:40:00,226.81483920941443
2016-02-12 11:50:00,211.33170317836905
2016-02-12 12:00:00,309.9392692889604
2016-02-12 12:10:00,267.35958536397504
2016-02-12 12:20:00,266.3487601772989
2016-02-12 12:30:00,250.08446053196565
2016-02-12 12:40:00,235.00052456406806
2016-02-12 12:50:00,131.96541713859096
2016-02-12 13:00:00,156.95280368333758
2016-02-12 13:10:00,145.08365418570372
2016-02-12 13:20:00,313.5382561479741
2016-02-12 13:30:00,173.95290831048246
2016-02-12 13:40:00,256.1575639125652
2016-02-12 13:50:00,303.10665889433136
2016-02-12 14:00:00,171.92966727587927
2016-02-12 14:10:00,282.55098013478056
2016-02-12 14:20:00,216.85694401924573
2016-02-12 14:30:00,260.69722571360285
2016-02-12 14:40:00,257.824357484072
2016-02-12 14:50:00,244.35174339814148
2016-02-12 15:00:00,169.61479902618518
2016-02-12 15:10:00,124.98477647672016
2016-02-12 15:20:00,137.8563837019239
2016-02-12 15:30:00,137.13367070842943
2016-02-12 15:40:00,124.55509394243775
2016-02-12 15:50:00,124.92374212814532
2016-02-12 16:00:00,106.92485728132891
2016-02-12 16:10:00,113.10547799870126
2016-02-12 16:20:00,105.06403527999663
2016-02-12 16:30:00,102.18655575051366
2016-02-12 16:40:00,95.8788206492939
2016-02-12 16:50:00,87.51184070386361
2016-02-12 17:00:00,72.84982779422867
2016-02-12 17:10:00,76.36978208681658
2016-02-12 17:20:00,166.89038872105806
2016-02-12 17:30:00,192.07351672847804
2016-02-12 17:40:00,135.47493149522577
2016-02-12 17:50:00,155.0024993121226
2016-02-12 18:00:00,105.36065695270311
2016-02-12 18:10:00,103.70798174217649
2016-02-12 18:20:00,116.77448274035339
2016-02-12 18:30:00,128.8462876385252
2016-02-12 18:40:00,165.72144423748873
2016-02-12 18:50:00,239.27735708264262
2016-02-12 19:00:00,124.90908588026608
2016-02-12 19:10:00,127.55826093825561
2016-02-12 19:20:00,131.27076938283588
2016-02-12 19:30:00,125.50660867216678
2016-02-12 19:40:00,128.3813526906108
2016-02-12 19:50:00,123.32748258541098
2016-02-12 20:00:00,112.90589544297502
2016-02-12 20:10:00,114.19256232940373
2016-02-12 20:20:00,112.45516695255847
2016-02-12 20:30:00,107.29854969520781
2016-02-12 20:40:00,104.23177613574221
2016-02-12 20:50:00,97.49092975776763
2016-02-12 21:00:00,102.36457623153007
2016-02-12 21:10:00,93.88566348007033
2016-02-12 21:20:00,104.57962968887047
2016-02-12 21:30:00,93.30052141002714
2016-02-12 21:40:00,81.94866797088208
2016-02-12 21:50:00,72.16273323617462
2016-02-12 22:00:00,70.63263700329517
2016-02-12 22:10:00,70.9347186239448
2016-02-12 22:20:00,58.988377305523606
2016-02-12 22:30:00,61.793021394642196
2016-02-12 22:40:00,59.26321012561889
2016-02-12 22:50:00,57.07072294333173
2016-02-12 23:00:00,46.48972878802001
2016-02-12 23:10:00,49.517458857391695
2016-02-12 23:20:00,54.062522722532634
2016-02-12 23:30:00,54.577983672394566
2016-02-12 23:40:00,55.035396693181546
2016-02-12 23:50:00,54.5880988946895
2016-02-13 00:00:00,53.93623364948012
2016-02-13 00:10:00,53.130903430574385
2016-02-13 00:20:00,47.45265546391161
2016-02-13 00:30:00,43.962292359662975
2016-02-13 00:40:00,50.150994683642764
2016-02-13 00:50:00,52.220978730091325
2016-02-13 01:00:00,51.730900198956945
2016-02-13 01:10:00,60.89500618429693
2016-02-13 01:20:00,56.27300622886738
2016-02-13 01:30:00,44.851603491182
2016-02-13 01:40:00,43.166323625468344
2016-02-13 01:50:00,46.045128958647645
2016-02-13 02:00:00,52.24149299140343
2016-02-13 02:10:00,55.513671124236346
2016-02-13 02:20:00,53.32592479763109
2016-02-13 02:30:00,42.04546350569633
2016-02-13 02:40:00,45.97674123808986
2016-02-13 02:50:00,45.48021926498055
2016-02-13 03:00:00,53.82475057355516
2016-02-13 03:10:00,55.63251536850537
2016-02-13 03:20:00,53.028295817821956
2016-02-13 03:30:00,53.469780264269566
2016-02-13 03:40:00,53.41044503821895
2016-02-13 03:50:00,54.40163468377052
2016-02-13 04:00:00,51.51144205906175
2016-02-13 04:10:00,52.153439720397586
2016-02-13 04:20:00,49.848688484859736
2016-02-13 04:30:00,47.60936744841211
2016-02-13 04:40:00,48.28262967755654
2016-02-13 04:50:00,49.452460793465534
2016-02-13 05:00:00,45.75358217784705
2016-02-13 05:10:00,49.24171276190669
2016-02-13 05:20:00,51.56745132594522
2016-02-13 05:30:00,53.47392312509647
2016-02-13 05:40:00,49.66676172008212
2016-02-13 05:50:00,47.1491188883515
2016-02-13 06:00:00,49.472501411978996
2016-02-13 06:10:00,52.36837633129661
2016-02-13 06:20:00,41.569340799981596
2016-02-13 06:30:00,47.67200265059378
2016-02-13 06:40:00,52.127239561362664
2016-02-13 06:50:00,57.37692264907333
2016-02-13 07:00:00,58.8073433563952
2016-02-13 07:10:00,59.54217127531273
2016-02-13 07:20:00,56.06569371505006
2016-02-13 07:30:00,54.39947016530888
2016-02-13 07:40:00,56.57790908307477
2016-02-13 07:50:00,58.61931892629322
2016-02-13 08:00:00,58.65704330578758
2016-02-13 08:10:00,53.215421781467576
2016-02-13 08:20:00,54.934519454932826
2016-02-13 08:30:00,52.212585831950804
2016-02-13 08:40:00,54.44033958334058
2016-02-13 08:50:00,68.960379260167
2016-02-13 09:00:00,64.90125518809069
2016-02-13 09:10:00,58.131242334799346
2016-02-13 09:20:00,63.65849692006401
2016-02-13 09:30:00,71.31379666500582
2016-02-13 09:40:00,91.51748461943299
2016-02-13 09:50:00,91.46428845284248
2016-02-13 10:00:00,86.74006538817167
2016-02-13 10:10:00,72.54986558307365
2016-02-13 10:20:00,67.41347936765831
2016-02-13 10:30:00,70.8573455722319
2016-02-13 10:40:00,83.37069693752774
2016-02-13 10:50:00,96.31638220992969
2016-02-13 11:00:00,173.0832643220219
2016-02-13 11:10:00,253.23567625566687
2016-02-13 11:20:00,250.28474924597964
2016-02-13 11:30:00,387.1497205023556
2016-02-13 11:40:00,284.0316718782105
2016-02-13 11:50:00,306.5359457743644
2016-02-13 12:00:00,279.46819725419516
2016-02-13 12:10:00,248.1376566335812
2016-02-13 12:20:00,237.14387028434595
2016-02-13 12:30:00,124.10709478923138
2016-02-13 12:40:00,138.74816255532613
2016-02-13 12:50:00,161.8893009637675
2016-02-13 13:00:00,249.29464492907996
2016-02-13 13:10:00,195.68705866807153
2016-02-13 13:20:00,94.77038169547106
2016-02-13 13:30:00,74.90828247711698
2016-02-13 13:40:00,81.52823523814624
2016-02-13 13:50:00,80.28207900451648
2016-02-13 14:00:00,71.65368685103402
2016-02-13 14:10:00,80.21250615243217
2016-02-13 14:20:00,105.93191170678537
2016-02-13 14:30:00,133.86054923554858
2016-02-13 14:40:00,130.7864360551339
2016-02-13 14:50:00,130.48262494398398
2016-02-13 15:00:00,119.71403027002842
2016-02-13 15:10:00,113.73183815097924
2016-02-13 15:20:00,108.97016740606313
2016-02-13 15:30:00,83.10852329351131
2016-02-13 15:40:00,77.4050210524485
2016-02-13 15:50:00,72.62462520658245
2016-02-13 16:00:00,67.40308328509863
2016-02-13 16:10:00,70.83892404200483
2016-02-13 16:20:00,70.98055034687073
2016-02-13 16:30:00,73.53728514136924
2016-02-13 16:40:00,74.92734916785447
2016-02-13 16:50:00,88.88048203882049
2016-02-13 17:00:00,98.07430262354275
2016-02-13 17:10:00,100.27165876799639
2016-02-13 17:20:00,115.37319718644795
2016-02-13 17:30:00,108.84682649937454
2016-02-13 17:40:00,95.75019001771068
2016-02-13 17:50:00,126.90157462509096
2016-02-13 18:00:00,107.24049351393904
2016-02-13 18:10:00,131.71684420380393
2016-02-13 18:20:00,151.14541470124732
2016-02-13 18:30:00,163.41404150716423
2016-02-13 18:40:00,236.49991756042417
2016-02-13 18:50:00,216.80929730536843
2016-02-13 19:00:00,176.14934472990277
2016-02-13 19:10:00,160.86164969560735
2016-02-13 19:20:00,166.66292342805997
2016-02-13 19:30:00,128.2745305093085
2016-02-13 19:40:00,119.63855409904536
2016-02-13 19:50:00,127.6312465275638
2016-02-13 20:00:00,140.45797436040826
2016-02-13 20:10:00,123.53278384053873
2016-02-13 20:20:00,91.81989349473734
2016-02-13 20:30:00,87.78345094481506
2016-02-13 20:40:00,91.55125606264829
2016-02-13 20:50:00,92.18462301803618
2016-02-13 21:00:00,82.16746096826809
2016-02-13 21:10:00,83.25100742342468
2016-02-13 21:20:00,80.05263931836879
2016-02-13 21:30:00,69.81559181801202
2016-02-13 21:40:00,80.10322737508764
2016-02-13 21:50:00,78.84168657972442
2016-02-13 22:00:00,75.66862435930497
2016-02-13 22:10:00,59.874505921153975
2016-02-13 22:20:00,60.45090851907725
2016-02-13 22:30:00,53.547795502583035
2016-02-13 22:40:00,50.162702461966504
2016-02-13 22:50:00,40.014170950692886
2016-02-13 23:00:00,49.032485055818185
2016-02-13 23:10:00,52.586949431032245
2016-02-13 23:20:00,53.39716316520102
2016-02-13 23:30:00,58.652058377315655
2016-02-13 23:40:00,55.98111304428734
2016-02-13 23:50:00,57.714067315113994
2016-02-14 00:00:00,44.88956270331597
2016-02-14 00:10:00,49.47850692795474
2016-02-14 00:20:00,51.63886902183055
2016-02-14 00:30:00,50.536763198319235
2016-02-14 00:40:00,53.10111683999602
2016-02-14 00:50:00,45.17339936500754
2016-02-14 01:00:00,50.77446537093369
2016-02-14 01:10:00,53.16481501542189
2016-02-14 01:20:00,51.11128905151468
2016-02-14 01:30:00,44.19724881629591
2016-02-14 01:40:00,41.20267135673734
2016-02-14 01:50:00,48.48407032073108
2016-02-14 02:00:00,47.816341954390545
2016-02-14 02:10:00,45.5497333490697
2016-02-14 02:20:00,44.21371652880003
2016-02-14 02:30:00,49.20753474399365
2016-02-14 02:40:00,46.400807623874385
2016-02-14 02:50:00,48.27726170229876
2016-02-14 03:00:00,52.40544010399867
2016-02-14 03:10:00,41.23926251085883
2016-02-14 03:20:00,37.48954339272417
2016-02-14 03:30:00,43.968665843737206
2016-02-14 03:40:00,53.93610379762191
2016-02-14 03:50:00,57.46735057555532
2016-02-14 04:00:00,57.34301608734672
2016-02-14 04:10:00,56.473796026513895
2016-02-14 04:20:00,58.27008046690239
2016-02-14 04:30:00,55.3731509670521
2016-02-14 04:40:00,53.72022233349918
2016-02-14 04:50:00,53.49904129707602
2016-02-14 05:00:00,50.22985085220775
2016-02-14 05:10:00,48.79880792185128
2016-02-14 05:20:00,49.38779657043479
2016-02-14 05:30:00,53.66686296363031
2016-02-14 05:40:00,52.87748744520099
2016-02-14 05:50:00,49.71972142777834
2016-02-14 06:00:00,47.23744321172407
2016-02-14 06:10:00,42.90387064330341
2016-02-14 06:20:00,50.04012229277404
2016-02-14 06:30:00,46.15440353003982
2016-02-14 06:40:00,50.38110608151148
2016-02-14 06:50:00,53.44583380188945
2016-02-14 07:00:00,53.11360949677408
2016-02-14 07:10:00,58.45147081010585
2016-02-14 07:20:00,52.67147984765834
2016-02-14 07:30:00,46.365148813218624
2016-02-14 07:40:00,49.771235874684194
2016-02-14 07:50:00,52.36372078963516
2016-02-14 08:00:00,61.810333144265726
2016-02-14 08:10:00,63.905785847291995
2016-02-14 08:20:00,64.41212223273365
2016-02-14 08:30:00,83.57059887030121
2016-02-14 08:40:00,71.19374256892053
2016-02-14 08:50:00,71.94321937809185
2016-02-14 09:00:00,76.57673535481659
2016-02-14 09:10:00,102.2412695783709
2016-02-14 09:20:00,113.70566104273415
2016-02-14 09:30:00,77.00301721961299
2016-02-14 09:40:00,79.75755715371102
2016-02-14 09:50:00,94.14734747047581
2016-02-14 10:00:00,96.2067740671196
2016-02-14 10:10:00,82.23761323868392
2016-02-14 10:20:00,89.59220688148073
2016-02-14 10:30:00,107.91213852176146
2016-02-14 10:40:00,116.21696069085326
2016-02-14 10:50:00,122.02828591734463
2016-02-14 11:00:00,125.09532699405318
2016-02-14 11:10:00,153.07784303773585
2016-02-14 11:20:00,195.5525708944699
2016-02-14 11:30:00,125.1673804416965
2016-02-14 11:40:00,164.13533615085822
2016-02-14 11:50:00,84.85537475645066
2016-02-14 12:00:00,103.38073355434332
2016-02-14 12:10:00,101.3463897041328
2016-02-14 12:20:00,66.06301609340925
2016-02-14 12:30:00,93.86365079194383
2016-02-14 12:40:00,213.01546830890965
2016-02-14 12:50:00,340.59134295803636
2016-02-14 13:00:00,268.5840344440502
2016-02-14 13:10:00,290.790474878084
2016-02-14 13:20:00,131.75127669092515
2016-02-14 13:30:00,208.78786987700815
2016-02-14 13:40:00,102.28678401702703
2016-02-14 13:50:00,103.09250331048705
2016-02-14 14:00:00,103.13162513606689
2016-02-14 14:10:00,93.72142179982743
2016-02-14 14:20:00,131.81226467076058
2016-02-14 14:30:00,111.22334306652257
2016-02-14 14:40:00,112.99810256511071
2016-02-14 14:50:00,108.60191363640519
2016-02-14 15:00:00,106.8388091230507
2016-02-14 15:10:00,103.13346599000465
2016-02-14 15:20:00,102.86601512692265
2016-02-14 15:30:00,102.4912245666667
2016-02-14 15:40:00,107.07013072358451
2016-02-14 15:50:00,108.60298037785269
2016-02-14 16:00:00,109.07428238477404
2016-02-14 16:10:00,106.29716176932848
2016-02-14 16:20:00,108.16537120867916
2016-02-14 16:30:00,104.83136964729671
2016-02-14 16:40:00,103.44006766639048
2016-02-14 16:50:00,99.8343653800797
2016-02-14 17:00:00,85.71484594445405
2016-02-14 17:10:00,106.5103645421803
2016-02-14 17:20:00,112.86302004457009
2016-02-14 17:30:00,120.48894580063164
2016-02-14 17:40:00,122.91730415152361
2016-02-14 17:50:00,116.86576185823678
2016-02-14 18:00:00,171.7907887974496
2016-02-14 18:10:00,125.58613830978555
2016-02-14 18:20:00,120.72486437026815
2016-02-14 18:30:00,121.83891313778015
2016-02-14 18:40:00,137.06909276496464
2016-02-14 18:50:00,226.64750947654704
2016-02-14 19:00:00,232.2159451756132
2016-02-14 19:10:00,221.09036650356168
2016-02-14 19:20:00,178.11664241254496
2016-02-14 19:30:00,166.91498794443814
2016-02-14 19:40:00,128.33388011527478
2016-02-14 19:50:00,130.56811039133012
2016-02-14 20:00:00,132.8136742853639
2016-02-14 20:10:00,138.17409816512463
2016-02-14 20:20:00,130.16342818821798
2016-02-14 20:30:00,118.9530110627361
2016-02-14 20:40:00,120.02085926207386
2016-02-14 20:50:00,114.66584228823945
2016-02-14 21:00:00,130.23406611602732
2016-02-14 21:10:00,105.72113640498436
2016-02-14 21:20:00,112.07096676123173
2016-02-14 21:30:00,107.58594194000828
2016-02-14 21:40:00,109.52165097390602
2016-02-14 21:50:00,102.727291371742
2016-02-14 22:00:00,90.5695698545172
2016-02-14 22:10:00,97.56907253840541
2016-02-14 22:20:00,100.04467880411785
2016-02-14 22:30:00,83.81979758811795
2016-02-14 22:40:00,73.11052670648556
2016-02-14 22:50:00,72.46307196564116
2016-02-14 23:00:00,58.61817498744334
2016-02-14 23:10:00,56.6812002084127
2016-02-14 23:20:00,49.932292454158265
2016-02-14 23:30:00,50.88563849618615
2016-02-14 23:40:00,53.206877444126874
2016-02-14 23:50:00,45.885092615648055
2016-02-15 00:00:00,52.45811718624783
2016-02-15 00:10:00,55.384907167935104
2016-02-15 00:20:00,54.466873992978115
2016-02-15 00:30:00,53.714747878148366
2016-02-15 00:40:00,49.74261968848255
2016-02-15 00:50:00,52.47938994637217
2016-02-15 01:00:00,53.014145922148856
2016-02-15 01:10:00,52.95788240837154
2016-02-15 01:20:00,54.632059988738725
2016-02-15 01:30:00,48.52044696267911
2016-02-15 01:40:00,50.3460570975098
2016-02-15 01:50:00,50.95443124293265
2016-02-15 02:00:00,39.52221921980587
2016-02-15 02:10:00,45.842960220430435
2016-02-15 02:20:00,51.80071505373559
2016-02-15 02:30:00,54.61877267128344
2016-02-15 02:40:00,56.44450213083982
2016-02-15 02:50:00,54.67869013729983
2016-02-15 03:00:00,51.14100022435872
2016-02-15 03:10:00,53.596720203494286
2016-02-15 03:20:00,51.58235961745185
2016-02-15 03:30:00,47.74449841185198
2016-02-15 03:40:00,54.472630848908736
2016-02-15 03:50:00,51.945541588436924
2016-02-15 04:00:00,55.331713624085204
2016-02-15 04:10:00,53.57269950717558
2016-02-15 04:20:00,45.43203122249845
2016-02-15 04:30:00,39.94970054556474
2016-02-15 04:40:00,40.77336312615603
2016-02-15 04:50:00,53.04925223910456
2016-02-15 05:00:00,57.68921667001584
2016-02-15 05:10:00,58.196879115786274
2016-02-15 05:20:00,60.747477925494984
2016-02-15 05:30:00,56.96402513768368
2016-02-15 05:40:00,57.47289038985073
2016-02-15 05:50:00,56.14041922829434
2016-02-15 06:00:00,59.88425966389572
2016-02-15 06:10:00,58.99386103999082
2016-02-15 06:20:00,58.14177048079385
2016-02-15 06:30:00,53.34469955790679
2016-02-15 06:40:00,56.47493420973776
2016-02-15 06:50:00,44.442261596129704
2016-02-15 07:00:00,48.56656085811161
2016-02-15 07:10:00,47.79667397225634
2016-02-15 07:20:00,64.18700443353116
2016-02-15 07:30:00,63.01543413790063
2016-02-15 07:40:00,57.16936345525217
2016-02-15 07:50:00,56.87555282898846
2016-02-15 08:00:00,56.86286978845141
2016-02-15 08:10:00,68.78071752868235
2016-02-15 08:20:00,59.1368077290691
2016-02-15 08:30:00,50.65922474625664
2016-02-15 08:40:00,54.48389397838035
2016-02-15 08:50:00,70.95953297572568
2016-02-15 09:00:00,113.42396585002388
2016-02-15 09:10:00,80.03552584095057
2016-02-15 09:20:00,68.1589550483018
2016-02-15 09:30:00,60.936132703178906
2016-02-15 09:40:00,71.9686858047673
2016-02-15 09:50:00,82.6505782650069
2016-02-15 10:00:00,91.93798021443448
2016-02-15 10:10:00,142.84826966948143
2016-02-15 10:20:00,279.35123245396693
2016-02-15 10:30:00,420.73303464769043
2016-02-15 10:40:00,356.018983685802
2016-02-15 10:50:00,347.5034235522275
2016-02-15 11:00:00,310.42029431697995
2016-02-15 11:10:00,278.33274294773287
2016-02-15 11:20:00,251.6374710834233
2016-02-15 11:30:00,174.71461586388384
2016-02-15 11:40:00,135.51456356312005
2016-02-15 11:50:00,140.009175704066
2016-02-15 12:00:00,154.7860035278179
2016-02-15 12:10:00,156.24057999985047
2016-02-15 12:20:00,158.43109500768824
2016-02-15 12:30:00,129.27877243491668
2016-02-15 12:40:00,105.63085027392313
2016-02-15 12:50:00,101.83643020515451
2016-02-15 13:00:00,291.0105666932459
2016-02-15 13:10:00,284.9031602783715
2016-02-15 13:20:00,279.0360938202886
2016-02-15 13:30:00,257.9590045571103
2016-02-15 13:40:00,203.55470958247238
2016-02-15 13:50:00,157.78209265509022
2016-02-15 14:00:00,110.61405183472787
2016-02-15 14:10:00,140.44938235453074
2016-02-15 14:20:00,136.43555750336688
2016-02-15 14:30:00,384.7967626858402
2016-02-15 14:40:00,326.9728392253025
2016-02-15 14:50:00,83.64075699934186
2016-02-15 15:00:00,64.89626615929991
2016-02-15 15:10:00,67.58123320523764
2016-02-15 15:20:00,71.29172153039282
2016-02-15 15:30:00,62.00446902626529
2016-02-15 15:40:00,57.739329837765226
2016-02-15 15:50:00,53.4400137350476
2016-02-15 16:00:00,53.2488863336656
2016-02-15 16:10:00,50.05927869597552
2016-02-15 16:20:00,46.623115027181846
2016-02-15 16:30:00,48.334732528821164
2016-02-15 16:40:00,48.56598983048805
2016-02-15 16:50:00,53.8541979372882
2016-02-15 17:00:00,49.65634666199724
2016-02-15 17:10:00,50.02616815724076
2016-02-15 17:20:00,45.82012355003048
2016-02-15 17:30:00,46.2313837002978
2016-02-15 17:40:00,70.95869896906534
2016-02-15 17:50:00,122.4124916615774
2016-02-15 18:00:00,181.4152928934522
2016-02-15 18:10:00,178.78278396588854
2016-02-15 18:20:00,162.7421269245174
2016-02-15 18:30:00,219.61585392150957
2016-02-15 18:40:00,231.80506631079805
2016-02-15 18:50:00,165.1764836735315
2016-02-15 19:00:00,140.14121364633655
2016-02-15 19:10:00,173.09355503875787
2016-02-15 19:20:00,123.00338311270048
2016-02-15 19:30:00,122.28696894890581
2016-02-15 19:40:00,139.60884785293746
2016-02-15 19:50:00,120.32392309251867
2016-02-15 20:00:00,148.90336957371903
2016-02-15 20:10:00,123.99564789240713
2016-02-15 20:20:00,149.67540819601876
2016-02-15 20:30:00,126.81883200009926
2016-02-15 20:40:00,112.36269644614835
2016-02-15 20:50:00,119.8591034159047
2016-02-15 21:00:00,129.7671541991504
2016-02-15 21:10:00,117.81461553449651
2016-02-15 21:20:00,114.73161888489169
2016-02-15 21:30:00,101.47358165438365
2016-02-15 21:40:00,75.6290220985051
2016-02-15 21:50:00,74.65669457614723
2016-02-15 22:00:00,79.6539784146596
2016-02-15 22:10:00,79.16448993198277
2016-02-15 22:20:00,66.01792548753451
2016-02-15 22:30:00,58.308684146182514
2016-02-15 22:40:00,63.66845105615003
2016-02-15 22:50:00,68.75527986923665
2016-02-15 23:00:00,54.79041694034577
2016-02-15 23:10:00,54.19614903953396
2016-02-15 23:20:00,53.297147127981475
2016-02-15 23:30:00,54.53832993489527
2016-02-15 23:40:00,55.202303715926654
2016-02-15 23:50:00,52.401685048751865
2016-02-16 00:00:00,55.9319367324309
2016-02-16 00:10:00,56.646723307005225
2016-02-16 00:20:00,55.58999713033736
2016-02-16 00:30:00,53.25559336129951
2016-02-16 00:40:00,53.05372064438719
2016-02-16 00:50:00,54.317961235510765
2016-02-16 01:00:00,54.74755759527055
2016-02-16 01:10:00,50.61999328412001
2016-02-16 01:20:00,46.68758047982378
2016-02-16 01:30:00,38.19344221472566
2016-02-16 01:40:00,44.33742117828829
2016-02-16 01:50:00,52.10433266366981
2016-02-16 02:00:00,49.61376079861131
2016-02-16 02:10:00,54.48106503295614
2016-02-16 02:20:00,54.075939703725176
2016-02-16 02:30:00,51.43837028889954
2016-02-16 02:40:00,47.467086072964605
2016-02-16 02:50:00,48.80457301682871
2016-02-16 03:00:00,51.669387336096804
2016-02-16 03:10:00,52.35868834305112
2016-02-16 03:20:00,48.693740706836394
2016-02-16 03:30:00,50.56302702387778
2016-02-16 03:40:00,45.6695859394226
2016-02-16 03:50:00,40.946802732238595
2016-02-16 04:00:00,36.94836184752387
2016-02-16 04:10:00,44.704986047755575
2016-02-16 04:20:00,53.136134517574135
2016-02-16 04:30:00,54.874248995699375
2016-02-16 04:40:00,52.243161801311835
2016-02-16 04:50:00,54.51515973630891
2016-02-16 05:00:00,54.98783391783216
2016-02-16 05:10:00,50.49391381626474
2016-02-16 05:20:00,43.87734238438644
2016-02-16 05:30:00,49.049205395666064
2016-02-16 05:40:00,51.78699046056188
2016-02-16 05:50:00,51.79408301234152
2016-02-16 06:00:00,43.91315685520459
2016-02-16 06:10:00,39.12658823290487
2016-02-16 06:20:00,51.8378505735744
2016-02-16 06:30:00,56.36292278007691
2016-02-16 06:40:00,57.02625128112889
2016-02-16 06:50:00,54.38570483891785
2016-02-16 07:00:00,49.612059797848836
2016-02-16 07:10:00,46.62538153794883
2016-02-16 07:20:00,56.93233527252605
2016-02-16 07:30:00,59.297219380934216
2016-02-16 07:40:00,66.49555230271675
2016-02-16 07:50:00,64.98366246660459
2016-02-16 08:00:00,53.016462315485995
2016-02-16 08:10:00,49.73680647733742
2016-02-16 08:20:00,55.527877351870465
2016-02-16 08:30:00,62.75061326595256
2016-02-16 08:40:00,62.04276507974938
2016-02-16 08:50:00,150.02389120141976
2016-02-16 09:00:00,111.25789469688954
2016-02-16 09:10:00,184.2111811220927
2016-02-16 09:20:00,215.70007519026095
2016-02-16 09:30:00,188.0456238987431
2016-02-16 09:40:00,143.70605911509026
2016-02-16 09:50:00,104.90974882880263
2016-02-16 10:00:00,113.66999614536857
2016-02-16 10:10:00,117.03357358746283
2016-02-16 10:20:00,184.029506516155
2016-02-16 10:30:00,340.2097508734934
2016-02-16 10:40:00,251.07216150293726
2016-02-16 10:50:00,282.3946748271476
2016-02-16 11:00:00,223.7514820514007
2016-02-16 11:10:00,210.55934727841685
2016-02-16 11:20:00,196.75179218605993
2016-02-16 11:30:00,98.9966001248501
2016-02-16 11:40:00,88.02395212069045
2016-02-16 11:50:00,72.59639790601308
2016-02-16 12:00:00,66.93164330013883
2016-02-16 12:10:00,68.64331405647935
2016-02-16 12:20:00,55.42963178877823
2016-02-16 12:30:00,52.759666240021964
2016-02-16 12:40:00,54.62597611153447
2016-02-16 12:50:00,64.87553461650099
2016-02-16 13:00:00,71.5975654687431
2016-02-16 13:10:00,119.42833866220997
2016-02-16 13:20:00,75.98831679578767
2016-02-16 13:30:00,65.4224365432864
2016-02-16 13:40:00,69.38294453994891
2016-02-16 13:50:00,66.50366913408722
2016-02-16 14:00:00,69.53948858507493
2016-02-16 14:10:00,70.60183361314749
2016-02-16 14:20:00,70.92102938729035
2016-02-16 14:30:00,61.12408423592722
2016-02-16 14:40:00,56.78358396313029
2016-02-16 14:50:00,44.01766893197014
2016-02-16 15:00:00,47.52243423828146
2016-02-16 15:10:00,55.67657067543872
2016-02-16 15:20:00,96.60530848258297
2016-02-16 15:30:00,72.31866250477376
2016-02-16 15:40:00,66.28212856258682
2016-02-16 15:50:00,56.2245668787001
2016-02-16 16:00:00,54.98605016797863
2016-02-16 16:10:00,55.78500405098728
2016-02-16 16:20:00,48.84829984846634
2016-02-16 16:30:00,54.63698967687085
2016-02-16 16:40:00,59.04950125049141
2016-02-16 16:50:00,56.00541593604797
2016-02-16 17:00:00,55.30715774780372
2016-02-16 17:10:00,43.87327246147969
2016-02-16 17:20:00,48.404576546788384
2016-02-16 17:30:00,58.490519949673505
2016-02-16 17:40:00,60.56780964491833
2016-02-16 17:50:00,64.82325543807252
2016-02-16 18:00:00,51.8892597422267
2016-02-16 18:10:00,70.24824487792097
2016-02-16 18:20:00,87.28944281825677
2016-02-16 18:30:00,130.8459698945092
2016-02-16 18:40:00,141.36448198298305
2016-02-16 18:50:00,162.9788119754261
2016-02-16 19:00:00,218.82929267860644
2016-02-16 19:10:00,179.54195045504358
2016-02-16 19:20:00,148.63510933016047
2016-02-16 19:30:00,120.00246658149254
2016-02-16 19:40:00,114.64459732923518
2016-02-16 19:50:00,124.45765062889768
2016-02-16 20:00:00,126.05423677350291
2016-02-16 20:10:00,124.00672156877053
2016-02-16 20:20:00,107.86549020511312
2016-02-16 20:30:00,107.37680143151098
2016-02-16 20:40:00,98.33650612839654
2016-02-16 20:50:00,112.54187158342178
2016-02-16 21:00:00,102.50651141015842
2016-02-16 21:10:00,101.55765875780071
2016-02-16 21:20:00,95.21517297531052
2016-02-16 21:30:00,87.92172678165741
2016-02-16 21:40:00,81.36547572725611
2016-02-16 21:50:00,80.41967715102129
2016-02-16 22:00:00,70.05555648496795
2016-02-16 22:10:00,67.50837530721242
2016-02-16 22:20:00,66.97912289079572
2016-02-16 22:30:00,53.813620160236795
2016-02-16 22:40:00,51.421824299933974
2016-02-16 22:50:00,44.06409194696254
2016-02-16 23:00:00,45.47010912414561
2016-02-16 23:10:00,51.633173113518964
2016-02-16 23:20:00,52.72749914721129
2016-02-16 23:30:00,53.74896541507483
2016-02-16 23:40:00,52.52550323783673
2016-02-16 23:50:00,50.62622762559832
2016-02-17 00:00:00,49.36261751982391
2016-02-17 00:10:00,48.73733268994832
2016-02-17 00:20:00,49.57061407205399
2016-02-17 00:30:00,50.069857749395034
2016-02-17 00:40:00,41.95566005088879
2016-02-17 00:50:00,46.77622538589844
2016-02-17 01:00:00,48.326111846763055
2016-02-17 01:10:00,51.20956946790736
2016-02-17 01:20:00,54.936394891905245
2016-02-17 01:30:00,52.68990899396433
2016-02-17 01:40:00,49.826743839798425
2016-02-17 01:50:00,46.79684726140247
2016-02-17 02:00:00,42.189044544167174
2016-02-17 02:10:00,50.83709935752182
2016-02-17 02:20:00,51.55098151495628
2016-02-17 02:30:00,49.529495354431866
2016-02-17 02:40:00,50.793666942498355
2016-02-17 02:50:00,46.178994436024254
2016-02-17 03:00:00,38.03369901429032
2016-02-17 03:10:00,39.56670247353063
2016-02-17 03:20:00,45.22654322075738
2016-02-17 03:30:00,54.75955436029746
2016-02-17 03:40:00,56.666551793208704
2016-02-17 03:50:00,57.603034010213776
2016-02-17 04:00:00,57.56590168732969
2016-02-17 04:10:00,50.66449097242371
2016-02-17 04:20:00,54.72713924240863
2016-02-17 04:30:00,51.937358261616765
2016-02-17 04:40:00,52.99251781367821
2016-02-17 04:50:00,53.23624825408382
2016-02-17 05:00:00,51.55576867009344
2016-02-17 05:10:00,52.47818323691799
2016-02-17 05:20:00,40.0937573249542
2016-02-17 05:30:00,39.497722582595216
2016-02-17 05:40:00,46.986791061279824
2016-02-17 05:50:00,54.82473834106783
2016-02-17 06:00:00,57.3343345393519
2016-02-17 06:10:00,56.09482959303859
2016-02-17 06:20:00,54.630949460240416
2016-02-17 06:30:00,52.624373766693516
2016-02-17 06:40:00,55.4363483612497
2016-02-17 06:50:00,48.781593767522814
2016-02-17 07:00:00,55.07608142391012
2016-02-17 07:10:00,51.25128733325143
2016-02-17 07:20:00,60.317910283242895
2016-02-17 07:30:00,68.46794849180657
2016-02-17 07:40:00,62.17907909747288
2016-02-17 07:50:00,63.61783959634597
2016-02-17 08:00:00,67.92925940726373
2016-02-17 08:10:00,59.67960700722943
2016-02-17 08:20:00,53.17757849791594
2016-02-17 08:30:00,51.3987802587433
2016-02-17 08:40:00,61.39862437411588
2016-02-17 08:50:00,63.2375395249249
2016-02-17 09:00:00,56.51978994590441
2016-02-17 09:10:00,65.05806282833511
2016-02-17 09:20:00,70.91529697976364
2016-02-17 09:30:00,73.84651481596816
2016-02-17 09:40:00,71.93195007521469
2016-02-17 09:50:00,46.3087376189512
2016-02-17 10:00:00,70.36585664854255
2016-02-17 10:10:00,49.091149095455094
2016-02-17 10:20:00,84.18227779184548
2016-02-17 10:30:00,65.21975759590434
2016-02-17 10:40:00,81.37542331672748
2016-02-17 10:50:00,77.00867261337802
2016-02-17 11:00:00,67.35295806156887
2016-02-17 11:10:00,84.0974239080501
2016-02-17 11:20:00,81.11649097075744
2016-02-17 11:30:00,73.6258889306353
2016-02-17 11:40:00,56.58741944066821
2016-02-17 11:50:00,65.77559901461215
2016-02-17 12:00:00,88.54307625804607
2016-02-17 12:10:00,60.03127232740048
2016-02-17 12:20:00,73.46835989847092
2016-02-17 12:30:00,57.88994260519023
2016-02-17 12:40:00,45.59476528197781
2016-02-17 12:50:00,60.78102034525189
2016-02-17 13:00:00,53.60434333223406
2016-02-17 13:10:00,55.647392820923194
2016-02-17 13:20:00,57.72882783789791
2016-02-17 13:30:00,50.456913345750095
2016-02-17 13:40:00,51.42525428928879
2016-02-17 13:50:00,70.6917904200933
2016-02-17 14:00:00,77.403730797141
2016-02-17 14:10:00,79.39379157445592
2016-02-17 14:20:00,78.75715990670633
2016-02-17 14:30:00,90.11803441485436
2016-02-17 14:40:00,93.21504645737768
2016-02-17 14:50:00,70.53413060485693
2016-02-17 15:00:00,63.374582207509874
2016-02-17 15:10:00,61.89434499712791
2016-02-17 15:20:00,65.56207789426134
2016-02-17 15:30:00,68.38783731626678
2016-02-17 15:40:00,58.56202937260146
2016-02-17 15:50:00,58.552705104332446
2016-02-17 16:00:00,57.526385296621854
2016-02-17 16:10:00,56.121734921827986
2016-02-17 16:20:00,56.11997517846135
2016-02-17 16:30:00,50.86717343631479
2016-02-17 16:40:00,65.4501181631607
2016-02-17 16:50:00,84.75366051678859
2016-02-17 17:00:00,88.49950261549093
2016-02-17 17:10:00,92.66679196295391
2016-02-17 17:20:00,101.23162388070614
2016-02-17 17:30:00,96.92947313471355
2016-02-17 17:40:00,98.77996536131785
2016-02-17 17:50:00,106.63396384775358
2016-02-17 18:00:00,108.33446790236724
2016-02-17 18:10:00,117.75211547748481
2016-02-17 18:20:00,122.19136912315973
2016-02-17 18:30:00,118.5901169107459
2016-02-17 18:40:00,116.90453779223668
2016-02-17 18:50:00,119.94174155997489
2016-02-17 19:00:00,148.47436466930068
2016-02-17 19:10:00,112.90113976228555
2016-02-17 19:20:00,110.91948993097756
2016-02-17 19:30:00,159.51081418150102
2016-02-17 19:40:00,101.26140112850227
2016-02-17 19:50:00,93.5456720164918
2016-02-17 20:00:00,98.7362438714133
2016-02-17 20:10:00,92.47275754766243
2016-02-17 20:20:00,104.30109356881671
2016-02-17 20:30:00,73.76564961198217
2016-02-17 20:40:00,87.11049949827057
2016-02-17 20:50:00,83.34053875105558
2016-02-17 21:00:00,103.51371704155231
2016-02-17 21:10:00,86.32098101899454
2016-02-17 21:20:00,100.10122695076191
2016-02-17 21:30:00,85.72177202778674
2016-02-17 21:40:00,82.88661059299336
2016-02-17 21:50:00,77.8867056140394
2016-02-17 22:00:00,75.35035005244424
2016-02-17 22:10:00,58.717976729904734
2016-02-17 22:20:00,50.69949648655655
2016-02-17 22:30:00,52.263123891144076
2016-02-17 22:40:00,53.85472310960554
2016-02-17 22:50:00,55.66166980344497
2016-02-17 23:00:00,41.1884852208731
2016-02-17 23:10:00,42.183163456223795
2016-02-17 23:20:00,51.97107976356917
2016-02-17 23:30:00,51.464632975211444
2016-02-17 23:40:00,51.948915396957176
2016-02-17 23:50:00,53.55599046118885
2016-02-18 00:00:00,49.293900517335764
2016-02-18 00:10:00,49.503615514878256
2016-02-18 00:20:00,48.989706752947775
2016-02-18 00:30:00,48.13767099780011
2016-02-18 00:40:00,42.71464175959846
2016-02-18 00:50:00,42.33721895086216
2016-02-18 01:00:00,41.07050953781498
2016-02-18 01:10:00,39.90542131257979
2016-02-18 01:20:00,45.68143998619449
2016-02-18 01:30:00,54.25248332563634
2016-02-18 01:40:00,55.55260137634365
2016-02-18 01:50:00,54.61190154710603
2016-02-18 02:00:00,51.42173267002349
2016-02-18 02:10:00,49.7827013924696
2016-02-18 02:20:00,52.35069336775797
2016-02-18 02:30:00,50.239042403536324
2016-02-18 02:40:00,47.2500500949374
2016-02-18 02:50:00,50.142617371705455
2016-02-18 03:00:00,46.71882604185002
2016-02-18 03:10:00,48.35589378205177
2016-02-18 03:20:00,40.09769179749819
2016-02-18 03:30:00,40.26927038672777
2016-02-18 03:40:00,42.49878569163915
2016-02-18 03:50:00,47.86301142652935
2016-02-18 04:00:00,53.9329437999638
2016-02-18 04:10:00,54.52224719358497
2016-02-18 04:20:00,55.03944268857207
2016-02-18 04:30:00,56.57019901171082
2016-02-18 04:40:00,50.149171998625995
2016-02-18 04:50:00,47.036211005945866
2016-02-18 05:00:00,48.24426796293058
2016-02-18 05:10:00,53.280411399207416
2016-02-18 05:20:00,51.41274330500755
2016-02-18 05:30:00,51.42167436016384
2016-02-18 05:40:00,50.38861604470466
2016-02-18 05:50:00,40.369013878879514
2016-02-18 06:00:00,41.14088934395156
2016-02-18 06:10:00,44.9073002779485
2016-02-18 06:20:00,50.3578054425486
2016-02-18 06:30:00,58.21953566478366
2016-02-18 06:40:00,57.3978026588421
2016-02-18 06:50:00,58.70096350645759
2016-02-18 07:00:00,54.591558277067456
2016-02-18 07:10:00,56.38932862598801
2016-02-18 07:20:00,60.98519654443071
2016-02-18 07:30:00,57.62128995575988
2016-02-18 07:40:00,69.25736302932175
2016-02-18 07:50:00,69.49674778159459
2016-02-18 08:00:00,56.451153491631324
2016-02-18 08:10:00,44.424344601513035
2016-02-18 08:20:00,54.03284546760111
2016-02-18 08:30:00,71.41996280610645
2016-02-18 08:40:00,72.01611972074919
2016-02-18 08:50:00,70.50039879698258
2016-02-18 09:00:00,63.68461662633368
2016-02-18 09:10:00,95.77601396425896
2016-02-18 09:20:00,86.25518176189574
2016-02-18 09:30:00,70.60478549297376
2016-02-18 09:40:00,81.71763900019602
2016-02-18 09:50:00,87.59328533368512
2016-02-18 10:00:00,112.92237217677338
2016-02-18 10:10:00,86.81916191066976
2016-02-18 10:20:00,68.77205526638409
2016-02-18 10:30:00,70.11052448686556
2016-02-18 10:40:00,86.03478312109624
2016-02-18 10:50:00,110.826298623844
2016-02-18 11:00:00,129.08732914342298
2016-02-18 11:10:00,297.27697004925534
2016-02-18 11:20:00,292.4336750581857
2016-02-18 11:30:00,224.90053486896213
2016-02-18 11:40:00,224.03626515573654
2016-02-18 11:50:00,213.50008257414464
2016-02-18 12:00:00,125.96880910540419
2016-02-18 12:10:00,124.22467516089549
2016-02-18 12:20:00,77.6782170165876
2016-02-18 12:30:00,128.97633545730713
2016-02-18 12:40:00,120.59157101415192
2016-02-18 12:50:00,107.03513414199534
2016-02-18 13:00:00,106.48782916958447
2016-02-18 13:10:00,83.84585736801834
2016-02-18 13:20:00,80.78232501766836
2016-02-18 13:30:00,65.14449586990662
2016-02-18 13:40:00,61.38322154719767
2016-02-18 13:50:00,63.48055186331048
2016-02-18 14:00:00,47.719323774147135
2016-02-18 14:10:00,48.5960505747934
2016-02-18 14:20:00,55.34242934127097
2016-02-18 14:30:00,46.68851633647965
2016-02-18 14:40:00,49.97546020709784
2016-02-18 14:50:00,45.62810658313586
2016-02-18 15:00:00,38.08380459266037
2016-02-18 15:10:00,48.97196604662744
2016-02-18 15:20:00,45.771993742652974
2016-02-18 15:30:00,50.13499709937111
2016-02-18 15:40:00,53.386594879180834
2016-02-18 15:50:00,46.33468955113063
2016-02-18 16:00:00,47.41938480671212
2016-02-18 16:10:00,47.34559985686784
2016-02-18 16:20:00,41.89473870674224
2016-02-18 16:30:00,45.97099186036199
2016-02-18 16:40:00,48.107811999570295
2016-02-18 16:50:00,78.1158597417139
2016-02-18 17:00:00,90.20461260551268
2016-02-18 17:10:00,88.73878130578916
2016-02-18 17:20:00,126.43512817893595
2016-02-18 17:30:00,133.30295571666554
2016-02-18 17:40:00,108.61218961836379
2016-02-18 17:50:00,107.44480434368174
2016-02-18 18:00:00,110.96889247996577
2016-02-18 18:10:00,114.89129091462812
2016-02-18 18:20:00,130.864093543421
2016-02-18 18:30:00,141.59666157518603
2016-02-18 18:40:00,107.9904049657841
2016-02-18 18:50:00,225.59176906668955
2016-02-18 19:00:00,199.62658146075546
2016-02-18 19:10:00,128.51033289769327
2016-02-18 19:20:00,161.33567395944846
2016-02-18 19:30:00,112.51662436784989
2016-02-18 19:40:00,101.96187515006844
2016-02-18 19:50:00,107.93764695492631
2016-02-18 20:00:00,120.9507278502367
2016-02-18 20:10:00,123.69158516016303
2016-02-18 20:20:00,91.68220512685852
2016-02-18 20:30:00,73.81786567562717
2016-02-18 20:40:00,85.49993214485018
2016-02-18 20:50:00,89.60818898188063
2016-02-18 21:00:00,100.68041166526886
2016-02-18 21:10:00,85.02277848695387
2016-02-18 21:20:00,78.96461925767626
2016-02-18 21:30:00,77.85563423871527
2016-02-18 21:40:00,79.89650726865261
2016-02-18 21:50:00,74.34698451927854
2016-02-18 22:00:00,74.31773296506651
2016-02-18 22:10:00,71.65240411482351
2016-02-18 22:20:00,62.59762752541815
2016-02-18 22:30:00,58.47470796590386
2016-02-18 22:40:00,58.789359343472974
2016-02-18 22:50:00,47.054159802042875
2016-02-18 23:00:00,41.79466556222085
2016-02-18 23:10:00,46.52872128740645
2016-02-18 23:20:00,50.44413888224248
2016-02-18 23:30:00,55.1128923507309
2016-02-18 23:40:00,53.80603857449314
2016-02-18 23:50:00,46.668111628800254
2016-02-19 00:00:00,48.368655688054986
2016-02-19 00:10:00,49.897960079644825
2016-02-19 00:20:00,46.809836604643586
2016-02-19 00:30:00,50.833683139325444
2016-02-19 00:40:00,51.71040468482962
2016-02-19 00:50:00,52.112970121609436
2016-02-19 01:00:00,47.10769479301305
2016-02-19 01:10:00,36.05637437621805
2016-02-19 01:20:00,39.93836034326765
2016-02-19 01:30:00,47.3417627134075
2016-02-19 01:40:00,52.59603372796584
2016-02-19 01:50:00,53.55500544073991
2016-02-19 02:00:00,53.08306325625047
2016-02-19 02:10:00,51.59397923599759
2016-02-19 02:20:00,49.80731137249869
2016-02-19 02:30:00,48.31553549140913
2016-02-19 02:40:00,42.3369521026889
2016-02-19 02:50:00,46.628179824822126
2016-02-19 03:00:00,45.70667300008362
2016-02-19 03:10:00,43.88286758784145
2016-02-19 03:20:00,48.19680047451844
2016-02-19 03:30:00,47.12559956140942
2016-02-19 03:40:00,40.18673921999411
2016-02-19 03:50:00,40.017514454560775
2016-02-19 04:00:00,46.0206190343885
2016-02-19 04:10:00,52.930362332755585
2016-02-19 04:20:00,51.835944691641956
2016-02-19 04:30:00,51.77960112756982
2016-02-19 04:40:00,50.276586937043675
2016-02-19 04:50:00,47.76827951454607
2016-02-19 05:00:00,51.70496484739863
2016-02-19 05:10:00,44.29088032019877
2016-02-19 05:20:00,45.21901464642848
2016-02-19 05:30:00,42.667842886157395
2016-02-19 05:40:00,47.66858621405733
2016-02-19 05:50:00,45.568832375594084
2016-02-19 06:00:00,38.147259494493284
2016-02-19 06:10:00,49.13757932381931
2016-02-19 06:20:00,52.72872855769722
2016-02-19 06:30:00,53.552596604273596
2016-02-19 06:40:00,51.52711487963972
2016-02-19 06:50:00,52.37983247364992
2016-02-19 07:00:00,47.75073406700285
2016-02-19 07:10:00,49.4087747107694
2016-02-19 07:20:00,53.22143108231171
2016-02-19 07:30:00,52.82315269121588
2016-02-19 07:40:00,58.9540254094172
2016-02-19 07:50:00,75.80299404547958
2016-02-19 08:00:00,54.34786150346386
2016-02-19 08:10:00,51.04726926862271
2016-02-19 08:20:00,46.289707104781044
2016-02-19 08:30:00,56.36779275879377
2016-02-19 08:40:00,56.607099372854755
2016-02-19 08:50:00,57.65929978954152
2016-02-19 09:00:00,64.13501227479946
2016-02-19 09:10:00,102.75600804481643
2016-02-19 09:20:00,84.11444506292395
2016-02-19 09:30:00,83.66532811025581
2016-02-19 09:40:00,99.57619882924828
2016-02-19 09:50:00,80.25836063945954
2016-02-19 10:00:00,93.39479767181571
2016-02-19 10:10:00,142.4940652245302
2016-02-19 10:20:00,187.43375583971485
2016-02-19 10:30:00,322.7798354428865
2016-02-19 10:40:00,490.5096203153245
2016-02-19 10:50:00,436.9906269075071
2016-02-19 11:00:00,390.65726502402987
2016-02-19 11:10:00,361.53887212555946
2016-02-19 11:20:00,337.0634672303798
2016-02-19 11:30:00,318.3236023871787
2016-02-19 11:40:00,322.9254192898251
2016-02-19 11:50:00,199.25555229222334
2016-02-19 12:00:00,185.32699310891996
2016-02-19 12:10:00,310.95742944813907
2016-02-19 12:20:00,337.92724854628915
2016-02-19 12:30:00,326.0881675151794
2016-02-19 12:40:00,294.6200805598007
2016-02-19 12:50:00,215.06294515446632
2016-02-19 13:00:00,243.08470657026857
2016-02-19 13:10:00,150.48584147439345
2016-02-19 13:20:00,174.89329337071695
2016-02-19 13:30:00,150.14622349608112
2016-02-19 13:40:00,162.47442671410366
2016-02-19 13:50:00,156.04494865358186
2016-02-19 14:00:00,164.2979632291089
2016-02-19 14:10:00,163.23068755233456
2016-02-19 14:20:00,229.48568235644203
2016-02-19 14:30:00,331.5903604253472
2016-02-19 14:40:00,189.71263908261696
2016-02-19 14:50:00,79.92833136720246
2016-02-19 15:00:00,75.5361308287362
2016-02-19 15:10:00,77.14643356635372
2016-02-19 15:20:00,65.63053127374687
2016-02-19 15:30:00,213.9854354944513
2016-02-19 15:40:00,260.97900863497904
2016-02-19 15:50:00,251.92491152245051
2016-02-19 16:00:00,238.009938121127
2016-02-19 16:10:00,170.46375114369658
2016-02-19 16:20:00,120.95634286193611
2016-02-19 16:30:00,106.15330624211083
2016-02-19 16:40:00,112.35745007660607
2016-02-19 16:50:00,80.48426992169892
2016-02-19 17:00:00,76.56115457261102
2016-02-19 17:10:00,94.60795089142009
2016-02-19 17:20:00,86.48815784363104
2016-02-19 17:30:00,77.97133720581803
2016-02-19 17:40:00,121.48038584350064
2016-02-19 17:50:00,244.75965423164433
2016-02-19 18:00:00,188.18211467937581
2016-02-19 18:10:00,245.58938397244046
2016-02-19 18:20:00,192.91203763033062
2016-02-19 18:30:00,179.06734695169268
2016-02-19 18:40:00,120.82684192566946
2016-02-19 18:50:00,90.77650152212462
2016-02-19 19:00:00,88.3257783828714
2016-02-19 19:10:00,115.11300903006224
2016-02-19 19:20:00,71.22288777338703
2016-02-19 19:30:00,56.00894993314286
2016-02-19 19:40:00,62.754611647037436
2016-02-19 19:50:00,59.037459183173176
2016-02-19 20:00:00,55.48198773599871
2016-02-19 20:10:00,52.62094200824323
2016-02-19 20:20:00,49.35090480628492
2016-02-19 20:30:00,49.00481762606222
2016-02-19 20:40:00,52.199094433085435
2016-02-19 20:50:00,49.27892798921121
2016-02-19 21:00:00,50.09678285437808
2016-02-19 21:10:00,49.43302316620432
2016-02-19 21:20:00,47.61651864077265
2016-02-19 21:30:00,40.59889717278737
2016-02-19 21:40:00,38.88044052570918
2016-02-19 21:50:00,39.47653051325933
2016-02-19 22:00:00,39.76503515570058
2016-02-19 22:10:00,49.151055365837934
2016-02-19 22:20:00,54.14227848159383
2016-02-19 22:30:00,53.13284742197282
2016-02-19 22:40:00,49.70560309756103
2016-02-19 22:50:00,41.653003922478064
2016-02-19 23:00:00,42.06875680634625
2016-02-19 23:10:00,49.08755345387283
2016-02-19 23:20:00,49.76359632316334
2016-02-19 23:30:00,38.25506339137369
2016-02-19 23:40:00,45.240915184156286
2016-02-19 23:50:00,49.45505838804747
2016-02-20 00:00:00,46.72102317319339
2016-02-20 00:10:00,40.143205579312465
2016-02-20 00:20:00,37.28819425328957
2016-02-20 00:30:00,38.33396132129239
2016-02-20 00:40:00,48.62324344823777
2016-02-20 00:50:00,53.95572909513821
2016-02-20 01:00:00,53.12505789918314
2016-02-20 01:10:00,50.93031772868618
2016-02-20 01:20:00,50.66792272276956
2016-02-20 01:30:00,45.578660532337274
2016-02-20 01:40:00,38.91313768202587
2016-02-20 01:50:00,40.319830990462506
2016-02-20 02:00:00,49.24453702998459
2016-02-20 02:10:00,48.70473779658168
2016-02-20 02:20:00,48.202964984936514
2016-02-20 02:30:00,45.62761015876106
2016-02-20 02:40:00,47.18611254094686
2016-02-20 02:50:00,39.01461687024528
2016-02-20 03:00:00,37.354705747415345
2016-02-20 03:10:00,39.943158238309785
2016-02-20 03:20:00,50.459775260407305
2016-02-20 03:30:00,51.05341046313642
2016-02-20 03:40:00,54.06291317547512
2016-02-20 03:50:00,52.994018189883754
2016-02-20 04:00:00,49.987275670029405
2016-02-20 04:10:00,50.51288446338303
2016-02-20 04:20:00,42.25506782592307
2016-02-20 04:30:00,46.03277711064538
2016-02-20 04:40:00,49.712226619209225
2016-02-20 04:50:00,46.84213915257852
2016-02-20 05:00:00,47.87406931438311
2016-02-20 05:10:00,47.80483568807758
2016-02-20 05:20:00,45.800544045740146
2016-02-20 05:30:00,43.93258041569162
2016-02-20 05:40:00,41.32970381444028
2016-02-20 05:50:00,41.41170814072491
2016-02-20 06:00:00,44.21970529554313
2016-02-20 06:10:00,53.27614849493207
2016-02-20 06:20:00,57.97179951932372
2016-02-20 06:30:00,57.53944167523417
2016-02-20 06:40:00,54.953159958258496
2016-02-20 06:50:00,52.31653534267435
2016-02-20 07:00:00,50.90538029611416
2016-02-20 07:10:00,51.534735997092305
2016-02-20 07:20:00,48.90925992753475
2016-02-20 07:30:00,53.3021925819163
2016-02-20 07:40:00,51.96553306803382
2016-02-20 07:50:00,52.75911204257307
2016-02-20 08:00:00,51.327388962272046
2016-02-20 08:10:00,47.362279029119705
2016-02-20 08:20:00,41.97929574595585
2016-02-20 08:30:00,42.40466021246393
2016-02-20 08:40:00,49.530675675595106
2016-02-20 08:50:00,47.413555030387066
2016-02-20 09:00:00,58.408219139943675
2016-02-20 09:10:00,71.68031374623322
2016-02-20 09:20:00,61.62401460462697
2016-02-20 09:30:00,65.57265632745741
2016-02-20 09:40:00,60.22977811952676
2016-02-20 09:50:00,75.99205160409429
2016-02-20 10:00:00,76.09144627776134
2016-02-20 10:10:00,73.38572527419932
2016-02-20 10:20:00,69.9822997124763
2016-02-20 10:30:00,139.25665802687266
2016-02-20 10:40:00,78.52613644615585
2016-02-20 10:50:00,136.82168209912282
2016-02-20 11:00:00,119.84198345452539
2016-02-20 11:10:00,138.00343469818097
2016-02-20 11:20:00,131.7445371336153
2016-02-20 11:30:00,123.57774190909748
2016-02-20 11:40:00,201.40528641951317
2016-02-20 11:50:00,180.29962672233336
2016-02-20 12:00:00,129.6782229546851
2016-02-20 12:10:00,117.83869945408692
2016-02-20 12:20:00,117.38058424721423
2016-02-20 12:30:00,117.41800536202338
2016-02-20 12:40:00,109.22287381682173
2016-02-20 12:50:00,159.72927869532464
2016-02-20 13:00:00,184.1500048819384
2016-02-20 13:10:00,339.8990529167918
2016-02-20 13:20:00,310.584432145589
2016-02-20 13:30:00,287.77114912247663
2016-02-20 13:40:00,265.009675105167
2016-02-20 13:50:00,213.06325454178736
2016-02-20 14:00:00,174.79193389266092
2016-02-20 14:10:00,126.32449050901849
2016-02-20 14:20:00,117.98439739991689
2016-02-20 14:30:00,128.87030151177046
2016-02-20 14:40:00,106.49599379958448
2016-02-20 14:50:00,108.94070914491893
2016-02-20 15:00:00,110.94269204971081
2016-02-20 15:10:00,105.6116248141152
2016-02-20 15:20:00,103.62559981253128
2016-02-20 15:30:00,73.13417437125996
2016-02-20 15:40:00,82.9334922969956
2016-02-20 15:50:00,68.89833678199238
2016-02-20 16:00:00,78.97945722379265
2016-02-20 16:10:00,89.60687158020018
2016-02-20 16:20:00,104.2964252524085
2016-02-20 16:30:00,95.08528019380815
2016-02-20 16:40:00,100.42083038984437
2016-02-20 16:50:00,101.6891416030603
2016-02-20 17:00:00,99.48646662714933
2016-02-20 17:10:00,91.92158163222989
2016-02-20 17:20:00,99.61274605379167
2016-02-20 17:30:00,107.3213583151612
2016-02-20 17:40:00,124.06146377257896
2016-02-20 17:50:00,128.85510338673376
2016-02-20 18:00:00,122.31881284934701
2016-02-20 18:10:00,141.37317482152628
2016-02-20 18:20:00,124.00578796536371
2016-02-20 18:30:00,181.85341115665605
2016-02-20 18:40:00,199.9037161586006
2016-02-20 18:50:00,165.18976641539135
2016-02-20 19:00:00,140.10103996121873
2016-02-20 19:10:00,123.36243099781811
2016-02-20 19:20:00,130.27842905362021
2016-02-20 19:30:00,133.40665516975756
2016-02-20 19:40:00,130.88728077924154
2016-02-20 19:50:00,111.47374730449503
2016-02-20 20:00:00,110.1822986851905
2016-02-20 20:10:00,119.9940018882666
2016-02-20 20:20:00,121.60520911085169
2016-02-20 20:30:00,102.72498383264318
2016-02-20 20:40:00,114.36018383764439
2016-02-20 20:50:00,103.1019194950158
2016-02-20 21:00:00,89.71788842809859
2016-02-20 21:10:00,88.99387464817237
2016-02-20 21:20:00,83.5729212506507
2016-02-20 21:30:00,80.83589854919299
2016-02-20 21:40:00,78.12226924610049
2016-02-20 21:50:00,72.28996838593379
2016-02-20 22:00:00,79.63954628358634
2016-02-20 22:10:00,72.83838010951756
2016-02-20 22:20:00,54.75647767984132
2016-02-20 22:30:00,53.54801003162194
2016-02-20 22:40:00,56.113379176135695
2016-02-20 22:50:00,58.03331581995233
2016-02-20 23:00:00,54.99122920472815
2016-02-20 23:10:00,53.5688016811648
2016-02-20 23:20:00,57.25855568235964
2016-02-20 23:30:00,54.30974300458297
2016-02-20 23:40:00,48.32153657958027
2016-02-20 23:50:00,46.69633354078183
2016-02-21 00:00:00,52.837893106159434
2016-02-21 00:10:00,54.299533443735235
2016-02-21 00:20:00,54.64103232499712
2016-02-21 00:30:00,53.42988903694418
2016-02-21 00:40:00,51.89050358972463
2016-02-21 00:50:00,51.52679979152126
2016-02-21 01:00:00,55.568223008074774
2016-02-21 01:10:00,50.41791518662398
2016-02-21 01:20:00,50.551739618783515
2016-02-21 01:30:00,51.67051930118689
2016-02-21 01:40:00,48.46792394871671
2016-02-21 01:50:00,46.915844782408115
2016-02-21 02:00:00,51.22728501172881
2016-02-21 02:10:00,53.82416361701773
2016-02-21 02:20:00,51.001654821436034
2016-02-21 02:30:00,42.91737741937488
2016-02-21 02:40:00,47.893873378211936
2016-02-21 02:50:00,48.6672017446335
2016-02-21 03:00:00,39.52968122898223
2016-02-21 03:10:00,41.69746508036426
2016-02-21 03:20:00,53.54318224892706
2016-02-21 03:30:00,55.67573986951884
2016-02-21 03:40:00,55.638075955266274
2016-02-21 03:50:00,52.91928926094774
2016-02-21 04:00:00,48.52822407382171
2016-02-21 04:10:00,48.39037105910031
2016-02-21 04:20:00,53.42796573016186
2016-02-21 04:30:00,54.51815142175303
2016-02-21 04:40:00,52.82617293924146
2016-02-21 04:50:00,50.9139011117695
2016-02-21 05:00:00,49.27365720216735
2016-02-21 05:10:00,48.64583996308013
2016-02-21 05:20:00,44.13940261307101
2016-02-21 05:30:00,50.380361064825294
2016-02-21 05:40:00,50.22210973540551
2016-02-21 05:50:00,48.55649795215496
2016-02-21 06:00:00,52.72087981021548
2016-02-21 06:10:00,56.16082063859483
2016-02-21 06:20:00,43.38492801188832
2016-02-21 06:30:00,42.1253182901544
2016-02-21 06:40:00,47.088474702858775
2016-02-21 06:50:00,57.474143598835596
2016-02-21 07:00:00,59.6439076702709
2016-02-21 07:10:00,55.781790711126874
2016-02-21 07:20:00,56.79342216609715
2016-02-21 07:30:00,53.70210992342864
2016-02-21 07:40:00,56.00640443671593
2016-02-21 07:50:00,60.05051511609492
2016-02-21 08:00:00,56.54346420278936
2016-02-21 08:10:00,49.42394815933516
2016-02-21 08:20:00,49.842663164928865
2016-02-21 08:30:00,59.22667432136584
2016-02-21 08:40:00,56.989019080541624
2016-02-21 08:50:00,56.0737103239297
2016-02-21 09:00:00,49.447919332907084
2016-02-21 09:10:00,56.08429279286294
2016-02-21 09:20:00,73.86203270069956
2016-02-21 09:30:00,62.70310523380051
2016-02-21 09:40:00,51.56251902832989
2016-02-21 09:50:00,49.66445110306294
2016-02-21 10:00:00,74.72533598498872
2016-02-21 10:10:00,76.17336013091762
2016-02-21 10:20:00,85.85656086534732
2016-02-21 10:30:00,76.20300535056442
2016-02-21 10:40:00,69.55777276024804
2016-02-21 10:50:00,69.28304730258644
2016-02-21 11:00:00,74.97361445620822
2016-02-21 11:10:00,81.73178244261402
2016-02-21 11:20:00,86.55793971658824
2016-02-21 11:30:00,96.43841850659278
2016-02-21 11:40:00,100.62028775344714
2016-02-21 11:50:00,86.40338537407824
2016-02-21 12:00:00,79.89892559886556
2016-02-21 12:10:00,81.68324228553404
2016-02-21 12:20:00,74.8440082949412
2016-02-21 12:30:00,73.44224993867027
2016-02-21 12:40:00,74.68124448492959
2016-02-21 12:50:00,76.05021204654336
2016-02-21 13:00:00,81.85482015539677
2016-02-21 13:10:00,87.79381738857091
2016-02-21 13:20:00,85.9863877337782
2016-02-21 13:30:00,76.58977785471838
2016-02-21 13:40:00,77.94309411648082
2016-02-21 13:50:00,86.00971101235861
2016-02-21 14:00:00,75.81548687064405
2016-02-21 14:10:00,77.02249092975914
2016-02-21 14:20:00,86.27439921966199
2016-02-21 14:30:00,87.33546098212005
2016-02-21 14:40:00,90.81770392950912
2016-02-21 14:50:00,90.05310316645577
2016-02-21 15:00:00,94.6841579183737
2016-02-21 15:10:00,95.42154001620024
2016-02-21 15:20:00,97.36836656722231
2016-02-21 15:30:00,108.38599712106904
2016-02-21 15:40:00,107.20353322423448
2016-02-21 15:50:00,110.28581940101763
2016-02-21 16:00:00,109.26408502671401
2016-02-21 16:10:00,105.68913234319126
2016-02-21 16:20:00,107.83562743650714
2016-02-21 16:30:00,107.61604255357646
2016-02-21 16:40:00,104.39762683363956
2016-02-21 16:50:00,96.96552755217132
2016-02-21 17:00:00,81.7649935016031
2016-02-21 17:10:00,77.06447148403862
2016-02-21 17:20:00,175.86180488365025
2016-02-21 17:30:00,111.04567889463713
2016-02-21 17:40:00,97.9398680103424
2016-02-21 17:50:00,108.67034108326654
2016-02-21 18:00:00,113.59570864338376
2016-02-21 18:10:00,125.68270174248272
2016-02-21 18:20:00,136.81260471727546
2016-02-21 18:30:00,160.78963589418868
2016-02-21 18:40:00,258.7172207970691
2016-02-21 18:50:00,219.00657209310253
2016-02-21 19:00:00,163.07034888748004
2016-02-21 19:10:00,133.97944046651577
2016-02-21 19:20:00,157.52837086925584
2016-02-21 19:30:00,153.24030301709698
2016-02-21 19:40:00,134.8511504337472
2016-02-21 19:50:00,152.04328169188074
2016-02-21 20:00:00,126.55473944048597
2016-02-21 20:10:00,174.1939245711273
2016-02-21 20:20:00,133.9025367130437
2016-02-21 20:30:00,123.83375658157475
2016-02-21 20:40:00,127.05522465848281
2016-02-21 20:50:00,135.12863456510928
2016-02-21 21:00:00,129.75213680219832
2016-02-21 21:10:00,112.99595146823373
2016-02-21 21:20:00,103.76764754416897
2016-02-21 21:30:00,80.0782188789492
2016-02-21 21:40:00,81.46004027084535
2016-02-21 21:50:00,84.8179541676405
2016-02-21 22:00:00,77.32652234756841
2016-02-21 22:10:00,68.49548856671326
2016-02-21 22:20:00,60.099407745279
2016-02-21 22:30:00,59.432884262282
2016-02-21 22:40:00,59.61562868493471
2016-02-21 22:50:00,58.045473139466296
2016-02-21 23:00:00,57.02651752543564
2016-02-21 23:10:00,56.7310409149763
2016-02-21 23:20:00,56.40362613055144
2016-02-21 23:30:00,56.149226177261966
2016-02-21 23:40:00,52.90495484231215
2016-02-21 23:50:00,54.97402134908548
2016-02-22 00:00:00,55.611055476844285
2016-02-22 00:10:00,48.163907482019034
2016-02-22 00:20:00,49.30214480182395
2016-02-22 00:30:00,52.717961499767
2016-02-22 00:40:00,55.81430356844586
2016-02-22 00:50:00,61.12952625989036
2016-02-22 01:00:00,57.13673566574228
2016-02-22 01:10:00,57.6781676746484
2016-02-22 01:20:00,56.02541234614835
2016-02-22 01:30:00,53.226053743255626
2016-02-22 01:40:00,47.570592053503944
2016-02-22 01:50:00,50.62932046647718
2016-02-22 02:00:00,52.56240377311016
2016-02-22 02:10:00,51.083583140271166
2016-02-22 02:20:00,48.69151197032779
2016-02-22 02:30:00,42.43354125449475
2016-02-22 02:40:00,47.15009823300474
2016-02-22 02:50:00,53.51499224283376
2016-02-22 03:00:00,51.42064770075967
2016-02-22 03:10:00,52.167084285135495
2016-02-22 03:20:00,51.55848917105108
2016-02-22 03:30:00,51.35829660081949
2016-02-22 03:40:00,50.49554830679384
2016-02-22 03:50:00,44.40856501808713
2016-02-22 04:00:00,50.00271240145502
2016-02-22 04:10:00,43.52434627850856
2016-02-22 04:20:00,49.29355287240538
2016-02-22 04:30:00,39.55858432026957
2016-02-22 04:40:00,50.98175456807103
2016-02-22 04:50:00,56.14814098431536
2016-02-22 05:00:00,55.57687321478114
2016-02-22 05:10:00,58.051891130955084
2016-02-22 05:20:00,53.047886668517094
2016-02-22 05:30:00,51.500061749467456
2016-02-22 05:40:00,52.49228941687804
2016-02-22 05:50:00,54.362559826278215
2016-02-22 06:00:00,54.96400041919612
2016-02-22 06:10:00,55.89656845543676
2016-02-22 06:20:00,57.61640787468415
2016-02-22 06:30:00,49.38454592038418
2016-02-22 06:40:00,50.60267233003873
2016-02-22 06:50:00,49.60896356022499
2016-02-22 07:00:00,50.56939379240514
2016-02-22 07:10:00,52.47995082059865
2016-02-22 07:20:00,57.70808018458887
2016-02-22 07:30:00,56.136672798934974
2016-02-22 07:40:00,54.93282406069714
2016-02-22 07:50:00,59.4428541810443
2016-02-22 08:00:00,63.987910000564355
2016-02-22 08:10:00,53.33349608637827
2016-02-22 08:20:00,49.54296028010111
2016-02-22 08:30:00,44.16057809326823
2016-02-22 08:40:00,61.23272608565883
2016-02-22 08:50:00,94.41491748454196
2016-02-22 09:00:00,82.39194093152172
2016-02-22 09:10:00,66.78273118031922
2016-02-22 09:20:00,62.3068573717007
2016-02-22 09:30:00,75.77353330651208
2016-02-22 09:40:00,100.71767936108778
2016-02-22 09:50:00,78.50079073840968
2016-02-22 10:00:00,65.12991799317595
2016-02-22 10:10:00,59.68741527113535
2016-02-22 10:20:00,66.15042326902919
2016-02-22 10:30:00,80.41704838351478
2016-02-22 10:40:00,80.35450132543653
2016-02-22 10:50:00,117.66612727768536
2016-02-22 11:00:00,192.6524403946884
2016-02-22 11:10:00,211.86098636530548
2016-02-22 11:20:00,203.7538146801603
2016-02-22 11:30:00,234.20025766009476
2016-02-22 11:40:00,103.6477720652878
2016-02-22 11:50:00,196.84611631527406
2016-02-22 12:00:00,227.4251997827477
2016-02-22 12:10:00,184.31454100557414
2016-02-22 12:20:00,125.68147883295339
2016-02-22 12:30:00,122.75538375468746
2016-02-22 12:40:00,115.32900950363417
2016-02-22 12:50:00,120.9355700631275
2016-02-22 13:00:00,127.6650432732024
2016-02-22 13:10:00,136.0280581937575
2016-02-22 13:20:00,135.90312035538653
2016-02-22 13:30:00,90.48479852168839
2016-02-22 13:40:00,128.35179205406047
2016-02-22 13:50:00,101.38144488272712
2016-02-22 14:00:00,57.994605455345294
2016-02-22 14:10:00,51.89916510912979
2016-02-22 14:20:00,59.32512095609042
2016-02-22 14:30:00,58.41226910666981
2016-02-22 14:40:00,62.38834025051631
2016-02-22 14:50:00,59.10665795239713
2016-02-22 15:00:00,59.50691094346935
2016-02-22 15:10:00,53.61149674480296
2016-02-22 15:20:00,50.27271881179206
2016-02-22 15:30:00,51.69924294535061
2016-02-22 15:40:00,52.47709552215232
2016-02-22 15:50:00,57.45369026633862
2016-02-22 16:00:00,64.25130175190462
2016-02-22 16:10:00,63.12183531493953
2016-02-22 16:20:00,50.28703375911857
2016-02-22 16:30:00,42.936326700665674
2016-02-22 16:40:00,48.15790018612036
2016-02-22 16:50:00,48.80418126995597
2016-02-22 17:00:00,48.808993243046714
2016-02-22 17:10:00,49.20297943197627
2016-02-22 17:20:00,44.527812490341674
2016-02-22 17:30:00,49.23743574510804
2016-02-22 17:40:00,57.70666687238143
2016-02-22 17:50:00,99.06301764493672
2016-02-22 18:00:00,201.83237673760743
2016-02-22 18:10:00,231.8969762669975
2016-02-22 18:20:00,154.95093368355575
2016-02-22 18:30:00,196.95854050457922
2016-02-22 18:40:00,163.4417373236365
2016-02-22 18:50:00,159.07215563811238
2016-02-22 19:00:00,126.08693255765776
2016-02-22 19:10:00,114.42467695561315
2016-02-22 19:20:00,111.41619042015112
2016-02-22 19:30:00,131.82501228135408
2016-02-22 19:40:00,143.8340212616805
2016-02-22 19:50:00,128.1575240779496
2016-02-22 20:00:00,117.42451622574751
2016-02-22 20:10:00,129.21687864074744
2016-02-22 20:20:00,113.11441276004143
2016-02-22 20:30:00,107.67645445724779
2016-02-22 20:40:00,98.18712179401189
2016-02-22 20:50:00,99.40052570647828
2016-02-22 21:00:00,102.9394413692366
2016-02-22 21:10:00,112.25421132509004
2016-02-22 21:20:00,92.3438508252449
2016-02-22 21:30:00,88.20827133536153
2016-02-22 21:40:00,88.21000607729754
2016-02-22 21:50:00,80.30893254925307
2016-02-22 22:00:00,68.51344206987537
2016-02-22 22:10:00,65.49575327433747
2016-02-22 22:20:00,63.85966114344852
2016-02-22 22:30:00,57.73937184020161
2016-02-22 22:40:00,60.35676307751825
2016-02-22 22:50:00,53.472119443381615
2016-02-22 23:00:00,54.67462705934898
2016-02-22 23:10:00,55.406610728647344
2016-02-22 23:20:00,63.546446612590955
2016-02-22 23:30:00,70.91188753626132
2016-02-22 23:40:00,60.50318191764083
2016-02-22 23:50:00,47.48067163541642
2016-02-23 00:00:00,43.83446719058414
2016-02-23 00:10:00,54.49001081236854
2016-02-23 00:20:00,58.01221561673347
2016-02-23 00:30:00,57.904620980460564
2016-02-23 00:40:00,60.53717222428657
2016-02-23 00:50:00,58.47209844160304
2016-02-23 01:00:00,57.36099048719455
2016-02-23 01:10:00,56.98220640292054
2016-02-23 01:20:00,59.57488448598206
2016-02-23 01:30:00,55.405203524629165
2016-02-23 01:40:00,52.21381191586707
2016-02-23 01:50:00,51.19838729205237
2016-02-23 02:00:00,49.29872783551014
2016-02-23 02:10:00,47.45826279282992
2016-02-23 02:20:00,46.77566359612742
2016-02-23 02:30:00,42.318070311139465
2016-02-23 02:40:00,44.4954567589159
2016-02-23 02:50:00,52.345325197984685
2016-02-23 03:00:00,47.197991818756655
2016-02-23 03:10:00,39.57828630380428
2016-02-23 03:20:00,51.91690863099863
2016-02-23 03:30:00,53.51135731614824
2016-02-23 03:40:00,56.85894727559273
2016-02-23 03:50:00,55.029755048660135
2016-02-23 04:00:00,52.803127122220054
2016-02-23 04:10:00,47.294812152357885
2016-02-23 04:20:00,50.675583408832864
2016-02-23 04:30:00,49.92800318171675
2016-02-23 04:40:00,52.11991233089305
2016-02-23 04:50:00,48.791571832382104
2016-02-23 05:00:00,50.957370365537805
2016-02-23 05:10:00,54.12212780618404
2016-02-23 05:20:00,50.39886312758066
2016-02-23 05:30:00,46.63489524875562
2016-02-23 05:40:00,41.73599278824288
2016-02-23 05:50:00,45.58593862707562
2016-02-23 06:00:00,54.122105908472946
2016-02-23 06:10:00,53.145585088260106
2016-02-23 06:20:00,53.607621095036464
2016-02-23 06:30:00,43.525488916019654
2016-02-23 06:40:00,43.40970474494914
2016-02-23 06:50:00,50.311672074743285
2016-02-23 07:00:00,56.39213745507945
2016-02-23 07:10:00,56.51398171672281
2016-02-23 07:20:00,57.12258921062009
2016-02-23 07:30:00,50.68433546972502
2016-02-23 07:40:00,64.51967814390214
2016-02-23 07:50:00,60.85711861385896
2016-02-23 08:00:00,56.422153997568216
2016-02-23 08:10:00,57.150952556659554
2016-02-23 08:20:00,57.85514069098953
2016-02-23 08:30:00,77.03484150608006
2016-02-23 08:40:00,68.33646299425979
2016-02-23 08:50:00,71.94279757863885
2016-02-23 09:00:00,72.25593680615785
2016-02-23 09:10:00,77.07548220662483
2016-02-23 09:20:00,66.5501787251223
2016-02-23 09:30:00,53.15978447737851
2016-02-23 09:40:00,186.6961714546833
2016-02-23 09:50:00,81.67108747600929
2016-02-23 10:00:00,124.9635276836354
2016-02-23 10:10:00,106.31605895113914
2016-02-23 10:20:00,127.45642522343479
2016-02-23 10:30:00,112.85749270433942
2016-02-23 10:40:00,91.4896279549695
2016-02-23 10:50:00,111.85153813031691
2016-02-23 11:00:00,155.79813865030354
2016-02-23 11:10:00,165.50646319457925
2016-02-23 11:20:00,146.9860203491955
2016-02-23 11:30:00,86.68711327707855
2016-02-23 11:40:00,63.36307715587532
2016-02-23 11:50:00,59.34650240774063
2016-02-23 12:00:00,58.793716772036696
2016-02-23 12:10:00,53.46971318475912
2016-02-23 12:20:00,51.47099642489859
2016-02-23 12:30:00,48.803326560201896
2016-02-23 12:40:00,94.33682100564576
2016-02-23 12:50:00,74.6904308371516
2016-02-23 13:00:00,73.72784556413531
2016-02-23 13:10:00,114.82937151562166
2016-02-23 13:20:00,95.68246854591698
2016-02-23 13:30:00,107.38503789232466
2016-02-23 13:40:00,100.82741843504375
2016-02-23 13:50:00,109.85010432951296
2016-02-23 14:00:00,86.22930632775135
2016-02-23 14:10:00,74.87047295957079
2016-02-23 14:20:00,108.98266683751147
2016-02-23 14:30:00,106.20675884211747
2016-02-23 14:40:00,74.83671256238576
2016-02-23 14:50:00,64.08229305548745
2016-02-23 15:00:00,49.98614139639131
2016-02-23 15:10:00,54.44284378321529
2016-02-23 15:20:00,60.92171114564991
2016-02-23 15:30:00,70.77139566052693
2016-02-23 15:40:00,69.77168950930692
2016-02-23 15:50:00,80.12218881444429
2016-02-23 16:00:00,134.6368724403659
2016-02-23 16:10:00,86.87443313602766
2016-02-23 16:20:00,70.08452334746782
2016-02-23 16:30:00,63.802064226689836
2016-02-23 16:40:00,63.50493787616938
2016-02-23 16:50:00,64.8101404937526
2016-02-23 17:00:00,61.72581054960594
2016-02-23 17:10:00,53.81401211448749
2016-02-23 17:20:00,57.02516557024041
2016-02-23 17:30:00,47.882127462238984
2016-02-23 17:40:00,53.53817723418868
2016-02-23 17:50:00,80.16031924880593
2016-02-23 18:00:00,128.3293999492883
2016-02-23 18:10:00,206.74617380612793
2016-02-23 18:20:00,248.12215810534133
2016-02-23 18:30:00,174.35611936316502
2016-02-23 18:40:00,167.61578781074886
2016-02-23 18:50:00,170.055844566989
2016-02-23 19:00:00,125.32361912146665
2016-02-23 19:10:00,106.57611436024631
2016-02-23 19:20:00,115.95570840866124
2016-02-23 19:30:00,127.07921766191717
2016-02-23 19:40:00,128.49188458691697
2016-02-23 19:50:00,115.69818615812567
2016-02-23 20:00:00,103.02482861941
2016-02-23 20:10:00,78.12590050749164
2016-02-23 20:20:00,79.12590266810855
2016-02-23 20:30:00,84.70313032672708
2016-02-23 20:40:00,112.99141844750355
2016-02-23 20:50:00,83.7441431514713
2016-02-23 21:00:00,83.64601767391714
2016-02-23 21:10:00,92.23507973164801
2016-02-23 21:20:00,90.01192750828223
2016-02-23 21:30:00,87.43516440289983
2016-02-23 21:40:00,73.73477511930004
2016-02-23 21:50:00,70.31913870312329
2016-02-23 22:00:00,71.16605651503724
2016-02-23 22:10:00,70.20955433855721
2016-02-23 22:20:00,62.53495150138857
2016-02-23 22:30:00,43.78820599627985
2016-02-23 22:40:00,46.85843739856944
2016-02-23 22:50:00,51.68577704890155
2016-02-23 23:00:00,52.86031726652702
2016-02-23 23:10:00,52.02280602600832
2016-02-23 23:20:00,53.024700854479924
2016-02-23 23:30:00,53.085591018346626
2016-02-23 23:40:00,47.440297762434426
2016-02-23 23:50:00,44.9542810575286
2016-02-24 00:00:00,43.98405667279647
2016-02-24 00:10:00,51.0859026114044
2016-02-24 00:20:00,53.20575660451928
2016-02-24 00:30:00,52.51022550823037
2016-02-24 00:40:00,50.79716488833832
2016-02-24 00:50:00,49.34549847265434
2016-02-24 01:00:00,49.06187808875241
2016-02-24 01:10:00,49.00610885617691
2016-02-24 01:20:00,48.86467734479168
2016-02-24 01:30:00,43.66944235423941
2016-02-24 01:40:00,43.40473171036966
2016-02-24 01:50:00,50.70859975044813
2016-02-24 02:00:00,52.10374619449768
2016-02-24 02:10:00,50.33391173921754
2016-02-24 02:20:00,46.9848676285309
2016-02-24 02:30:00,37.875975185838556
2016-02-24 02:40:00,48.39805905873319
2016-02-24 02:50:00,50.99290066318011
2016-02-24 03:00:00,51.993908129493896
2016-02-24 03:10:00,47.192525647136
2016-02-24 03:20:00,47.853991860332464
2016-02-24 03:30:00,48.903395486579534
2016-02-24 03:40:00,51.0027187235471
2016-02-24 03:50:00,47.274061728291876
2016-02-24 04:00:00,43.62395770341346
2016-02-24 04:10:00,39.884516139958286
2016-02-24 04:20:00,47.90120046779539
2016-02-24 04:30:00,48.35403899168489
2016-02-24 04:40:00,52.871387858001285
2016-02-24 04:50:00,50.52438032646746
2016-02-24 05:00:00,46.029457053517014
2016-02-24 05:10:00,44.27042064624508
2016-02-24 05:20:00,46.001056512042794
2016-02-24 05:30:00,43.10057022875046
2016-02-24 05:40:00,48.606080128776185
2016-02-24 05:50:00,47.2501075981511
2016-02-24 06:00:00,50.84804759873765
2016-02-24 06:10:00,46.40740435726023
2016-02-24 06:20:00,44.54085095868737
2016-02-24 06:30:00,42.2934743652581
2016-02-24 06:40:00,47.122393531392014
2016-02-24 06:50:00,54.76494172875309
2016-02-24 07:00:00,57.05687046643911
2016-02-24 07:10:00,54.249896637580086
2016-02-24 07:20:00,59.189368022169475
2016-02-24 07:30:00,69.90279546098529
2016-02-24 07:40:00,54.916802567756875
2016-02-24 07:50:00,61.66200223789245
2016-02-24 08:00:00,53.878618319532514
2016-02-24 08:10:00,76.52369877908642
2016-02-24 08:20:00,69.79286369674969
2016-02-24 08:30:00,60.388348337164324
2016-02-24 08:40:00,60.83652229178643
2016-02-24 08:50:00,62.32308569335705
2016-02-24 09:00:00,64.6460732445582
2016-02-24 09:10:00,57.18826561184663
2016-02-24 09:20:00,64.97364544617686
2016-02-24 09:30:00,75.51968066610944
2016-02-24 09:40:00,59.22575798022112
2016-02-24 09:50:00,71.52699196263411
2016-02-24 10:00:00,75.00191699657968
2016-02-24 10:10:00,62.87809782931447
2016-02-24 10:20:00,68.82721343885736
2016-02-24 10:30:00,80.80445037572967
2016-02-24 10:40:00,72.28259118844952
2016-02-24 10:50:00,70.83690175397538
2016-02-24 11:00:00,63.41410064967941
2016-02-24 11:10:00,56.018387832100565
2016-02-24 11:20:00,44.195121201691
2016-02-24 11:30:00,54.813112238193284
2016-02-24 11:40:00,74.45623181968942
2016-02-24 11:50:00,73.29364007483873
2016-02-24 12:00:00,76.79962633286264
2016-02-24 12:10:00,59.316485913620156
2016-02-24 12:20:00,70.964055504066
2016-02-24 12:30:00,56.40537180783536
2016-02-24 12:40:00,55.90917420634509
2016-02-24 12:50:00,62.37980806135779
2016-02-24 13:00:00,60.801072787678685
2016-02-24 13:10:00,57.17512925054278
2016-02-24 13:20:00,51.14045132113575
2016-02-24 13:30:00,89.74288631928417
2016-02-24 13:40:00,71.57415478883178
2016-02-24 13:50:00,122.05210451873091
2016-02-24 14:00:00,100.6262060929111
2016-02-24 14:10:00,116.98966008160865
2016-02-24 14:20:00,102.76893066792076
2016-02-24 14:30:00,111.9467549040621
2016-02-24 14:40:00,109.99466336717053
2016-02-24 14:50:00,126.6328085855971
2016-02-24 15:00:00,162.35937780027987
2016-02-24 15:10:00,168.42061288866083
2016-02-24 15:20:00,182.98379888958402
2016-02-24 15:30:00,133.97286124609542
2016-02-24 15:40:00,116.94127429774878
2016-02-24 15:50:00,84.35944753506438
2016-02-24 16:00:00,81.26677668998832
2016-02-24 16:10:00,91.46665587303858
2016-02-24 16:20:00,80.6762119237219
2016-02-24 16:30:00,86.62175865931685
2016-02-24 16:40:00,149.0181789280769
2016-02-24 16:50:00,129.53573723433217
2016-02-24 17:00:00,90.83647605448667
2016-02-24 17:10:00,111.94293212817794
2016-02-24 17:20:00,93.0434434830214
2016-02-24 17:30:00,99.44930485471362
2016-02-24 17:40:00,117.14774917173531
2016-02-24 17:50:00,96.30481397405497
2016-02-24 18:00:00,94.42932601777949
2016-02-24 18:10:00,100.11906704901759
2016-02-24 18:20:00,112.22498883798912
2016-02-24 18:30:00,113.15812202760986
2016-02-24 18:40:00,102.96304173579576
2016-02-24 18:50:00,118.00005816105323
2016-02-24 19:00:00,120.71113682018964
2016-02-24 19:10:00,114.38470888675486
2016-02-24 19:20:00,154.02120285388597
2016-02-24 19:30:00,119.23296578425469
2016-02-24 19:40:00,121.77056997166213
2016-02-24 19:50:00,122.28725301441418
2016-02-24 20:00:00,114.2664995157862
2016-02-24 20:10:00,124.57190887014379
2016-02-24 20:20:00,95.45410795320483
2016-02-24 20:30:00,115.47113545314977
2016-02-24 20:40:00,111.04368926787292
2016-02-24 20:50:00,108.54726682763275
2016-02-24 21:00:00,116.9079757912415
2016-02-24 21:10:00,104.15008904128855
2016-02-24 21:20:00,98.59021660515872
2016-02-24 21:30:00,100.62106486908723
2016-02-24 21:40:00,96.75247939337976
2016-02-24 21:50:00,93.53728545475171
2016-02-24 22:00:00,87.30976510617252
2016-02-24 22:10:00,76.29179633931028
2016-02-24 22:20:00,79.98931690726803
2016-02-24 22:30:00,73.59703030408731
2016-02-24 22:40:00,60.05439205178819
2016-02-24 22:50:00,63.58221822403249
2016-02-24 23:00:00,62.89612755195558
2016-02-24 23:10:00,58.56571949824256
2016-02-24 23:20:00,64.45022482034003
2016-02-24 23:30:00,66.47032851539099
2016-02-24 23:40:00,52.66378123013564
2016-02-24 23:50:00,52.179766881068204
2016-02-25 00:00:00,51.24532203995534
2016-02-25 00:10:00,55.099072329342604
2016-02-25 00:20:00,55.06696431946694
2016-02-25 00:30:00,55.38751003421104
2016-02-25 00:40:00,54.83179323747139
2016-02-25 00:50:00,53.69850923844621
2016-02-25 01:00:00,47.56535372601858
2016-02-25 01:10:00,47.07160923582457
2016-02-25 01:20:00,38.175718318195415
2016-02-25 01:30:00,46.14415048975296
2016-02-25 01:40:00,50.959675959394815
2016-02-25 01:50:00,54.33392545169816
2016-02-25 02:00:00,56.24744987001248
2016-02-25 02:10:00,53.90859631074487
2016-02-25 02:20:00,52.44218356137266
2016-02-25 02:30:00,48.80774667579511
2016-02-25 02:40:00,48.63542378176475
2016-02-25 02:50:00,50.596164122869176
2016-02-25 03:00:00,52.81856330777513
2016-02-25 03:10:00,52.50339382432672
2016-02-25 03:20:00,52.7883673793146
2016-02-25 03:30:00,49.30957900400829
2016-02-25 03:40:00,45.64675596223142
2016-02-25 03:50:00,40.856398018312966
2016-02-25 04:00:00,39.30491404767891
2016-02-25 04:10:00,45.783868225362866
2016-02-25 04:20:00,47.45361788412564
2016-02-25 04:30:00,53.058889510485635
2016-02-25 04:40:00,54.62549437998183
2016-02-25 04:50:00,53.52186862346
2016-02-25 05:00:00,51.85196631475792
2016-02-25 05:10:00,50.479252772131034
2016-02-25 05:20:00,50.03045961567972
2016-02-25 05:30:00,49.60595395754506
2016-02-25 05:40:00,44.326286554208245
2016-02-25 05:50:00,48.89763877471392
2016-02-25 06:00:00,51.559257534505996
2016-02-25 06:10:00,50.44965706134736
2016-02-25 06:20:00,47.363871755873134
2016-02-25 06:30:00,41.3237850594352
2016-02-25 06:40:00,43.61440552078525
2016-02-25 06:50:00,45.17967668415007
2016-02-25 07:00:00,44.4642040586288
2016-02-25 07:10:00,52.779498308485636
2016-02-25 07:20:00,64.50086503989216
2016-02-25 07:30:00,69.41130259266355
2016-02-25 07:40:00,65.07709765691872
2016-02-25 07:50:00,53.84606167749349
2016-02-25 08:00:00,55.97994389590387
2016-02-25 08:10:00,75.52905372447663
2016-02-25 08:20:00,87.66902789975373
2016-02-25 08:30:00,83.01589725670202
2016-02-25 08:40:00,84.04343567543054
2016-02-25 08:50:00,71.65478813538914
2016-02-25 09:00:00,72.05389653362636
2016-02-25 09:10:00,102.1243777820805
2016-02-25 09:20:00,178.97509273285033
2016-02-25 09:30:00,245.70318055568194
2016-02-25 09:40:00,144.80810710707902
2016-02-25 09:50:00,119.24235168377095
2016-02-25 10:00:00,102.18960147892427
2016-02-25 10:10:00,105.48606906298434
2016-02-25 10:20:00,102.84640120359767
2016-02-25 10:30:00,91.06906696531607
2016-02-25 10:40:00,161.29717848859195
2016-02-25 10:50:00,275.70126714120005
2016-02-25 11:00:00,345.18775322673474
2016-02-25 11:10:00,423.14156100793775
2016-02-25 11:20:00,360.44371922802526
2016-02-25 11:30:00,303.2327128086496
2016-02-25 11:40:00,268.3152115396155
2016-02-25 11:50:00,239.8894108184093
2016-02-25 12:00:00,199.49139113958992
2016-02-25 12:10:00,148.4884027397015
2016-02-25 12:20:00,157.14768117226842
2016-02-25 12:30:00,188.73560632802344
2016-02-25 12:40:00,205.80642033376267
2016-02-25 12:50:00,193.2535331658864
2016-02-25 13:00:00,235.72398033555157
2016-02-25 13:10:00,438.59417322732645
2016-02-25 13:20:00,393.23341763138865
2016-02-25 13:30:00,340.0323370997348
2016-02-25 13:40:00,311.05435591467716
2016-02-25 13:50:00,282.3532931285905
2016-02-25 14:00:00,291.20138530393314
2016-02-25 14:10:00,183.70272986684301
2016-02-25 14:20:00,188.27713336664846
2016-02-25 14:30:00,183.09173923884128
2016-02-25 14:40:00,194.4819463924311
2016-02-25 14:50:00,212.5411952967009
2016-02-25 15:00:00,403.5380815878976
2016-02-25 15:10:00,296.1403290957577
2016-02-25 15:20:00,256.54376546692447
2016-02-25 15:30:00,253.379193369115
2016-02-25 15:40:00,187.32313492919616
2016-02-25 15:50:00,117.96657415179203
2016-02-25 16:00:00,86.05520394705951
2016-02-25 16:10:00,81.28588022223423
2016-02-25 16:20:00,75.30392070620665
2016-02-25 16:30:00,65.93023877182974
2016-02-25 16:40:00,67.61063014081559
2016-02-25 16:50:00,65.53649787419906
2016-02-25 17:00:00,68.32478856234353
2016-02-25 17:10:00,77.3210049236744
2016-02-25 17:20:00,81.99634596405511
2016-02-25 17:30:00,83.69481427939186
2016-02-25 17:40:00,97.98798862545162
2016-02-25 17:50:00,118.36405901578155
2016-02-25 18:00:00,144.55288826749882
2016-02-25 18:10:00,139.68637220986676
2016-02-25 18:20:00,152.97494889079465
2016-02-25 18:30:00,165.26424072641043
2016-02-25 18:40:00,246.50539730168208
2016-02-25 18:50:00,181.58089477425315
2016-02-25 19:00:00,131.31126199793735
2016-02-25 19:10:00,132.3174152550858
2016-02-25 19:20:00,131.61777278596395
2016-02-25 19:30:00,129.77270759247915
2016-02-25 19:40:00,120.07107118289825
2016-02-25 19:50:00,118.68670195626721
2016-02-25 20:00:00,117.20986070682423
2016-02-25 20:10:00,111.9427077908896
2016-02-25 20:20:00,117.05384578916536
2016-02-25 20:30:00,115.39280506725625
2016-02-25 20:40:00,111.45584947411368
2016-02-25 20:50:00,117.38657101894
2016-02-25 21:00:00,95.58003904303884
2016-02-25 21:10:00,94.33898549107136
2016-02-25 21:20:00,94.07213639217177
2016-02-25 21:30:00,66.88891770536053
2016-02-25 21:40:00,65.27098532118997
2016-02-25 21:50:00,54.844550203250684
2016-02-25 22:00:00,57.024486723117235
2016-02-25 22:10:00,61.332246721778894
2016-02-25 22:20:00,57.26046391060919
2016-02-25 22:30:00,56.46638639971947
2016-02-25 22:40:00,52.271732153722944
2016-02-25 22:50:00,52.899576938392016
2016-02-25 23:00:00,57.16086601529423
2016-02-25 23:10:00,56.285418882217584
2016-02-25 23:20:00,54.167207348345904
2016-02-25 23:30:00,54.111282934672474
2016-02-25 23:40:00,53.81678962615647
2016-02-25 23:50:00,52.96021460956385
2016-02-26 00:00:00,51.91542031739906
2016-02-26 00:10:00,40.300730406670596
2016-02-26 00:20:00,37.91685786976009
2016-02-26 00:30:00,46.5900604499882
2016-02-26 00:40:00,52.16629647549133
2016-02-26 00:50:00,55.07059828688646
2016-02-26 01:00:00,55.187766368468196
2016-02-26 01:10:00,53.530529765482605
2016-02-26 01:20:00,48.81232944792416
2016-02-26 01:30:00,51.90716808379156
2016-02-26 01:40:00,51.45368372903588
2016-02-26 01:50:00,49.47124024415192
2016-02-26 02:00:00,48.09303459941116
2016-02-26 02:10:00,43.762590372854014
2016-02-26 02:20:00,47.44380209482945
2016-02-26 02:30:00,49.9867652437696
2016-02-26 02:40:00,49.228948651466865
2016-02-26 02:50:00,50.220795245539016
2016-02-26 03:00:00,49.19305650546952
2016-02-26 03:10:00,38.42740310287121
2016-02-26 03:20:00,38.64156450809583
2016-02-26 03:30:00,42.93517300214114
2016-02-26 03:40:00,52.76116014560946
2016-02-26 03:50:00,54.7612301039661
2016-02-26 04:00:00,55.24588023472463
2016-02-26 04:10:00,50.20719856278938
2016-02-26 04:20:00,49.99211889724757
2016-02-26 04:30:00,52.521471840806555
2016-02-26 04:40:00,50.331521756854606
2016-02-26 04:50:00,42.64250914514306
2016-02-26 05:00:00,43.038520225770135
2016-02-26 05:10:00,52.02008044775105
2016-02-26 05:20:00,55.076080310076094
2016-02-26 05:30:00,50.75543334387385
2016-02-26 05:40:00,50.06528911460273
2016-02-26 05:50:00,49.673694203430784
2016-02-26 06:00:00,49.42694894114243
2016-02-26 06:10:00,48.517100800154545
2016-02-26 06:20:00,37.32251493209273
2016-02-26 06:30:00,44.570789522269216
2016-02-26 06:40:00,56.48240088526173
2016-02-26 06:50:00,58.04612053679756
2016-02-26 07:00:00,58.62567375227802
2016-02-26 07:10:00,54.927949255342355
2016-02-26 07:20:00,61.68880651988197
2016-02-26 07:30:00,63.34573045230198
2016-02-26 07:40:00,51.89377513233247
2016-02-26 07:50:00,50.28272479831197
2016-02-26 08:00:00,65.3773712147014
2016-02-26 08:10:00,66.28467114730837
2016-02-26 08:20:00,59.1611157727834
2016-02-26 08:30:00,74.6202852178978
2016-02-26 08:40:00,64.45216969683628
2016-02-26 08:50:00,148.3169127481761
2016-02-26 09:00:00,78.40046804887635
2016-02-26 09:10:00,139.20948944233734
2016-02-26 09:20:00,112.93572818016145
2016-02-26 09:30:00,137.9412374840828
2016-02-26 09:40:00,109.476196045396
2016-02-26 09:50:00,122.07127810283704
2016-02-26 10:00:00,111.192220482115
2016-02-26 10:10:00,103.66306758880596
2016-02-26 10:20:00,114.33561360151236
2016-02-26 10:30:00,141.20643507365094
2016-02-26 10:40:00,115.06836683183577
2016-02-26 10:50:00,73.5201962640039
2016-02-26 11:00:00,84.08996079368535
2016-02-26 11:10:00,100.49532016290924
2016-02-26 11:20:00,92.7970203074279
2016-02-26 11:30:00,73.22480979327517
2016-02-26 11:40:00,69.5098408257945
2016-02-26 11:50:00,72.48105011242019
2016-02-26 12:00:00,83.92253372214579
2016-02-26 12:10:00,84.38197759436882
2016-02-26 12:20:00,159.60144873439285
2016-02-26 12:30:00,126.65982609673024
2016-02-26 12:40:00,202.47285958393408
2016-02-26 12:50:00,213.38443007503625
2016-02-26 13:00:00,210.62990530566873
2016-02-26 13:10:00,172.55589273098974
2016-02-26 13:20:00,101.22311188704016
2016-02-26 13:30:00,94.43237024569197
2016-02-26 13:40:00,81.17955448872112
2016-02-26 13:50:00,72.11530101453707
2016-02-26 14:00:00,69.80534158445084
2016-02-26 14:10:00,56.261765485150924
2016-02-26 14:20:00,44.68772412227039
2016-02-26 14:30:00,56.32779461470701
2016-02-26 14:40:00,52.41826656324894
2016-02-26 14:50:00,45.7248359248829
2016-02-26 15:00:00,48.28279021682065
2016-02-26 15:10:00,120.4184885456406
2016-02-26 15:20:00,71.01834909229179
2016-02-26 15:30:00,61.70634113455733
2016-02-26 15:40:00,61.11881542884696
2016-02-26 15:50:00,61.310863456106986
2016-02-26 16:00:00,46.63374661518712
2016-02-26 16:10:00,42.54330682620014
2016-02-26 16:20:00,43.94043859993443
2016-02-26 16:30:00,50.15211636824387
2016-02-26 16:40:00,46.54050271101462
2016-02-26 16:50:00,47.72604206253856
2016-02-26 17:00:00,54.2786247777759
2016-02-26 17:10:00,47.158264677103226
2016-02-26 17:20:00,42.983336428373384
2016-02-26 17:30:00,41.23726407299627
2016-02-26 17:40:00,42.42797191419201
2016-02-26 17:50:00,54.228103908437525
2016-02-26 18:00:00,72.01765380490696
2016-02-26 18:10:00,109.98419164624175
2016-02-26 18:20:00,160.49114842798372
2016-02-26 18:30:00,204.11608206845509
2016-02-26 18:40:00,183.05739967970865
2016-02-26 18:50:00,144.90344552602537
2016-02-26 19:00:00,152.40396886619237
2016-02-26 19:10:00,198.8638184468787
2016-02-26 19:20:00,116.6344580691701
2016-02-26 19:30:00,132.54478698807236
2016-02-26 19:40:00,108.09297694554938
2016-02-26 19:50:00,111.54592151570588
2016-02-26 20:00:00,122.59895314803042
2016-02-26 20:10:00,126.90938943338786
2016-02-26 20:20:00,123.034042244517
2016-02-26 20:30:00,112.5009097066291
2016-02-26 20:40:00,131.11700518325227
2016-02-26 20:50:00,93.37045639222261
2016-02-26 21:00:00,92.24250807805383
2016-02-26 21:10:00,83.08495136239007
2016-02-26 21:20:00,89.74059006826938
2016-02-26 21:30:00,77.35937901856539
2016-02-26 21:40:00,75.38002009670974
2016-02-26 21:50:00,75.6503655165609
2016-02-26 22:00:00,74.76638829854194
2016-02-26 22:10:00,63.039266460151524
2016-02-26 22:20:00,61.28389787961054
2016-02-26 22:30:00,44.79130623732213
2016-02-26 22:40:00,47.61692422195554
2016-02-26 22:50:00,51.338467784419535
2016-02-26 23:00:00,51.957794757032
2016-02-26 23:10:00,47.10130252980556
2016-02-26 23:20:00,44.533153686643196
2016-02-26 23:30:00,47.796743757864455
2016-02-26 23:40:00,41.97803571235817
2016-02-26 23:50:00,45.030410128032194
2016-02-27 00:00:00,51.567296793086946
2016-02-27 00:10:00,55.56161881738416
2016-02-27 00:20:00,53.432574644769005
2016-02-27 00:30:00,51.64941769834381
2016-02-27 00:40:00,48.24893584142401
2016-02-27 00:50:00,47.9563928572953
2016-02-27 01:00:00,50.9668225054552
2016-02-27 01:10:00,51.384121710967186
2016-02-27 01:20:00,47.47774815533336
2016-02-27 01:30:00,50.10275099550208
2016-02-27 01:40:00,48.99466773215518
2016-02-27 01:50:00,46.121932608719554
2016-02-27 02:00:00,40.059138786575964
2016-02-27 02:10:00,41.593058343432155
2016-02-27 02:20:00,42.59258883173764
2016-02-27 02:30:00,45.75309741873412
2016-02-27 02:40:00,44.14784219942287
2016-02-27 02:50:00,50.535235905302656
2016-02-27 03:00:00,52.79577826650913
2016-02-27 03:10:00,51.363840030548936
2016-02-27 03:20:00,45.26191454531073
2016-02-27 03:30:00,42.30441755228293
2016-02-27 03:40:00,48.93079654408398
2016-02-27 03:50:00,48.06214438819141
2016-02-27 04:00:00,45.0227416367709
2016-02-27 04:10:00,48.44142701993907
2016-02-27 04:20:00,51.16754918081921
2016-02-27 04:30:00,47.203918193784425
2016-02-27 04:40:00,39.07671397045972
2016-02-27 04:50:00,43.772690082867335
2016-02-27 05:00:00,45.25279999330272
2016-02-27 05:10:00,38.44922906912589
2016-02-27 05:20:00,44.36952213183545
2016-02-27 05:30:00,51.15914006553545
2016-02-27 05:40:00,53.36440729738492
2016-02-27 05:50:00,55.50431564555477
2016-02-27 06:00:00,52.370670331327865
2016-02-27 06:10:00,44.88196506683741
2016-02-27 06:20:00,48.237220030976026
2016-02-27 06:30:00,48.43299781677317
2016-02-27 06:40:00,48.667852862052435
2016-02-27 06:50:00,49.616664293680664
2016-02-27 07:00:00,53.28326430363046
2016-02-27 07:10:00,55.39440529854739
2016-02-27 07:20:00,50.23860273465604
2016-02-27 07:30:00,46.05189114712295
2016-02-27 07:40:00,42.06000965063398
2016-02-27 07:50:00,46.832302823650195
2016-02-27 08:00:00,52.18266968598121
2016-02-27 08:10:00,49.81806230549471
2016-02-27 08:20:00,55.867243456654336
2016-02-27 08:30:00,63.87688866625416
2016-02-27 08:40:00,70.50879199615686
2016-02-27 08:50:00,70.23380743602858
2016-02-27 09:00:00,67.90986490817403
2016-02-27 09:10:00,66.59484065265227
2016-02-27 09:20:00,82.79386527159515
2016-02-27 09:30:00,63.2705477516233
2016-02-27 09:40:00,72.89293891637463
2016-02-27 09:50:00,83.64227514703218
2016-02-27 10:00:00,96.37703501998647
2016-02-27 10:10:00,77.49742408247862
2016-02-27 10:20:00,67.25310925766968
2016-02-27 10:30:00,65.26069567506498
2016-02-27 10:40:00,71.94814948720405
2016-02-27 10:50:00,76.9875862782775
2016-02-27 11:00:00,124.82530291589595
2016-02-27 11:10:00,143.81119257863998
2016-02-27 11:20:00,123.25370578469699
2016-02-27 11:30:00,124.97028327020729
2016-02-27 11:40:00,115.92528001282243
2016-02-27 11:50:00,95.7255660516343
2016-02-27 12:00:00,83.86748233621103
2016-02-27 12:10:00,77.3579704483509
2016-02-27 12:20:00,88.94063422113393
2016-02-27 12:30:00,146.74245971961278
2016-02-27 12:40:00,134.2565840820433
2016-02-27 12:50:00,163.0018347468394
2016-02-27 13:00:00,160.5340729420313
2016-02-27 13:10:00,81.31141653986069
2016-02-27 13:20:00,71.88915421881109
2016-02-27 13:30:00,96.30585573544113
2016-02-27 13:40:00,80.25128424459021
2016-02-27 13:50:00,198.77646849378505
2016-02-27 14:00:00,258.87238010101873
2016-02-27 14:10:00,186.37605884346755
2016-02-27 14:20:00,219.79850415714463
2016-02-27 14:30:00,164.34460577751375
2016-02-27 14:40:00,134.8698408304913
2016-02-27 14:50:00,106.4734315529637
2016-02-27 15:00:00,80.83073612735024
2016-02-27 15:10:00,82.37967697161092
2016-02-27 15:20:00,95.48112151700474
2016-02-27 15:30:00,82.88232931896994
2016-02-27 15:40:00,79.39126379349825
2016-02-27 15:50:00,57.15730681758504
2016-02-27 16:00:00,54.84440822132765
2016-02-27 16:10:00,55.26784769122608
2016-02-27 16:20:00,56.45972300349448
2016-02-27 16:30:00,62.97029411959554
2016-02-27 16:40:00,45.070296269750465
2016-02-27 16:50:00,45.68121559727583
2016-02-27 17:00:00,57.532748028103235
2016-02-27 17:10:00,68.8680508831498
2016-02-27 17:20:00,65.01745909435832
2016-02-27 17:30:00,59.75370542028724
2016-02-27 17:40:00,69.53566363282387
2016-02-27 17:50:00,69.20072305634929
2016-02-27 18:00:00,88.6701271064639
2016-02-27 18:10:00,96.99744713389138
2016-02-27 18:20:00,125.14295382026819
2016-02-27 18:30:00,132.45746583046622
2016-02-27 18:40:00,122.7032673754737
2016-02-27 18:50:00,136.5457682983706
2016-02-27 19:00:00,136.0343184210123
2016-02-27 19:10:00,126.15397587642171
2016-02-27 19:20:00,114.083062127185
2016-02-27 19:30:00,103.9389738909412
2016-02-27 19:40:00,93.83428713632503
2016-02-27 19:50:00,85.64034932363622
2016-02-27 20:00:00,129.14171636826504
2016-02-27 20:10:00,99.83084240427017
2016-02-27 20:20:00,93.20909938407661
2016-02-27 20:30:00,102.3158917738557
2016-02-27 20:40:00,100.24131104290124
2016-02-27 20:50:00,101.49214639690145
2016-02-27 21:00:00,104.14359791454929
2016-02-27 21:10:00,98.26271154270404
2016-02-27 21:20:00,90.23105657782884
2016-02-27 21:30:00,86.10671557913108
2016-02-27 21:40:00,80.2182676026132
2016-02-27 21:50:00,78.72557465557013
2016-02-27 22:00:00,76.05874166800743
2016-02-27 22:10:00,73.42977570172019
2016-02-27 22:20:00,71.43961067051617
2016-02-27 22:30:00,50.05813673556411
2016-02-27 22:40:00,51.584567606989914
2016-02-27 22:50:00,51.31773198903756
2016-02-27 23:00:00,52.93824490024005
2016-02-27 23:10:00,57.20286967216868
2016-02-27 23:20:00,57.4917715103948
2016-02-27 23:30:00,57.1016391087284
2016-02-27 23:40:00,50.39047584362919
2016-02-27 23:50:00,56.577101661435066
2016-02-28 00:00:00,54.140397907557436
2016-02-28 00:10:00,46.405583243210955
2016-02-28 00:20:00,43.75120936673686
2016-02-28 00:30:00,52.13216575037941
2016-02-28 00:40:00,53.41472065195147
2016-02-28 00:50:00,47.11514490571511
2016-02-28 01:00:00,53.87622571420755
2016-02-28 01:10:00,46.685259861887914
2016-02-28 01:20:00,48.81511968408309
2016-02-28 01:30:00,49.64561183368121
2016-02-28 01:40:00,52.968244111643564
2016-02-28 01:50:00,55.15012895025866
2016-02-28 02:00:00,55.813865713178366
2016-02-28 02:10:00,52.85154650567134
2016-02-28 02:20:00,50.14760336296688
2016-02-28 02:30:00,52.363364644701626
2016-02-28 02:40:00,50.58789834589998
2016-02-28 02:50:00,51.65820499581265
2016-02-28 03:00:00,51.8912810092657
2016-02-28 03:10:00,42.396722327598106
2016-02-28 03:20:00,45.69978047208027
2016-02-28 03:30:00,50.56122447802653
2016-02-28 03:40:00,51.73770028702433
2016-02-28 03:50:00,46.24109457834336
2016-02-28 04:00:00,40.20187663695417
2016-02-28 04:10:00,44.62592769535112
2016-02-28 04:20:00,53.07544523360305
2016-02-28 04:30:00,55.90273930708899
2016-02-28 04:40:00,55.237251591593804
2016-02-28 04:50:00,50.77651396725333
2016-02-28 05:00:00,51.83902604163997
2016-02-28 05:10:00,52.694829763194214
2016-02-28 05:20:00,54.40356488493269
2016-02-28 05:30:00,56.423949284359956
2016-02-28 05:40:00,49.730413520401264
2016-02-28 05:50:00,46.08411740587812
2016-02-28 06:00:00,52.597094053268826
2016-02-28 06:10:00,49.07742655370398
2016-02-28 06:20:00,50.515530515430974
2016-02-28 06:30:00,43.81965456614381
2016-02-28 06:40:00,48.479757554211155
2016-02-28 06:50:00,52.66334207339954
2016-02-28 07:00:00,55.22443395455026
2016-02-28 07:10:00,54.34578043612213
2016-02-28 07:20:00,51.772598571518884
2016-02-28 07:30:00,50.13094465780711
2016-02-28 07:40:00,50.07902465341178
2016-02-28 07:50:00,51.277568468298945
2016-02-28 08:00:00,55.207653477599365
2016-02-28 08:10:00,52.52435927681043
2016-02-28 08:20:00,65.75140334156212
2016-02-28 08:30:00,63.95747955560837
2016-02-28 08:40:00,72.89736452605328
2016-02-28 08:50:00,57.503878893286256
2016-02-28 09:00:00,49.44725197708331
2016-02-28 09:10:00,60.54013272356847
2016-02-28 09:20:00,77.20347034885606
2016-02-28 09:30:00,76.49218838412982
2016-02-28 09:40:00,73.7367626387088
2016-02-28 09:50:00,86.61130978290613
2016-02-28 10:00:00,72.14530588041109
2016-02-28 10:10:00,63.184587979068624
2016-02-28 10:20:00,62.065020826335086
2016-02-28 10:30:00,67.5639937190122
2016-02-28 10:40:00,64.89933754477248
2016-02-28 10:50:00,64.01373469000156
2016-02-28 11:00:00,58.07344553268794
2016-02-28 11:10:00,59.85804201496315
2016-02-28 11:20:00,44.73592096768735
2016-02-28 11:30:00,46.179348665706506
2016-02-28 11:40:00,54.97822191299961
2016-02-28 11:50:00,55.150286208465005
2016-02-28 12:00:00,59.17669308975898
2016-02-28 12:10:00,60.15934950961278
2016-02-28 12:20:00,57.54669776955405
2016-02-28 12:30:00,48.520006302834695
2016-02-28 12:40:00,47.12754393052407
2016-02-28 12:50:00,50.32879135858129
2016-02-28 13:00:00,51.489874543707636
2016-02-28 13:10:00,55.600826062194834
2016-02-28 13:20:00,50.483895257122974
2016-02-28 13:30:00,46.63863843468489
2016-02-28 13:40:00,52.64079854877614
2016-02-28 13:50:00,47.36864832937813
2016-02-28 14:00:00,43.319340374831626
2016-02-28 14:10:00,49.64717312186276
2016-02-28 14:20:00,54.37118954221478
2016-02-28 14:30:00,62.568986990747476
2016-02-28 14:40:00,67.69760298348635
2016-02-28 14:50:00,65.01466543150227
2016-02-28 15:00:00,59.16340777797477
2016-02-28 15:10:00,49.684050410746266
2016-02-28 15:20:00,55.72456080603892
2016-02-28 15:30:00,48.160310046951636
2016-02-28 15:40:00,51.33819541145048
2016-02-28 15:50:00,55.685074190127835
2016-02-28 16:00:00,53.7670585287933
2016-02-28 16:10:00,56.603998553618105
2016-02-28 16:20:00,50.259652043446074
2016-02-28 16:30:00,44.1255755756493
2016-02-28 16:40:00,44.37715208415716
2016-02-28 16:50:00,46.3613368060812
2016-02-28 17:00:00,55.658510709699534
2016-02-28 17:10:00,65.9783554724618
2016-02-28 17:20:00,57.77833736535158
2016-02-28 17:30:00,60.86740828751177
2016-02-28 17:40:00,63.61332312393205
2016-02-28 17:50:00,62.5428665578806
2016-02-28 18:00:00,53.89265885599054
2016-02-28 18:10:00,51.74261130869209
2016-02-28 18:20:00,56.09661010970976
2016-02-28 18:30:00,55.34397151595313
2016-02-28 18:40:00,58.37415936938444
2016-02-28 18:50:00,47.24300646962669
2016-02-28 19:00:00,41.46191910649235
2016-02-28 19:10:00,51.56405797245018
2016-02-28 19:20:00,55.855160826883576
2016-02-28 19:30:00,56.6430421480053
2016-02-28 19:40:00,56.956281781651235
2016-02-28 19:50:00,47.13280769554686
2016-02-28 20:00:00,48.058552450470216
2016-02-28 20:10:00,50.466689485246
2016-02-28 20:20:00,56.468532364973726
2016-02-28 20:30:00,56.032876132525416
2016-02-28 20:40:00,84.00779743598903
2016-02-28 20:50:00,187.79509150773455
2016-02-28 21:00:00,151.15039512187235
2016-02-28 21:10:00,123.84281226850095
2016-02-28 21:20:00,93.18946622855793
2016-02-28 21:30:00,98.5796577930437
2016-02-28 21:40:00,94.84426804019206
2016-02-28 21:50:00,89.90651294670874
2016-02-28 22:00:00,72.86305154886502
2016-02-28 22:10:00,60.592239787090264
2016-02-28 22:20:00,56.20152260564908
2016-02-28 22:30:00,50.74024975713658
2016-02-28 22:40:00,44.8136829583271
2016-02-28 22:50:00,43.628389731407374
2016-02-28 23:00:00,50.72684807526035
2016-02-28 23:10:00,47.89958033276717
2016-02-28 23:20:00,39.68001994182137
2016-02-28 23:30:00,44.65954614237214
2016-02-28 23:40:00,48.30188441376057
2016-02-28 23:50:00,51.34296110337558
2016-02-29 00:00:00,55.60140618179101
2016-02-29 00:10:00,51.08125756551599
2016-02-29 00:20:00,51.22422066404576
2016-02-29 00:30:00,52.968536759233544
2016-02-29 00:40:00,45.62879565856501
2016-02-29 00:50:00,42.302735128283786
2016-02-29 01:00:00,47.864995294545636
2016-02-29 01:10:00,46.555753594416174
2016-02-29 01:20:00,40.64139105388898
2016-02-29 01:30:00,38.28591966521384
2016-02-29 01:40:00,47.07841392126606
2016-02-29 01:50:00,48.90691843016202
2016-02-29 02:00:00,53.63845166898788
2016-02-29 02:10:00,52.71943077190237
2016-02-29 02:20:00,50.31144785144423
2016-02-29 02:30:00,48.509624389888664
2016-02-29 02:40:00,50.55283527563071
2016-02-29 02:50:00,43.21713984648464
2016-02-29 03:00:00,49.00648629896949
2016-02-29 03:10:00,50.68870281582432
2016-02-29 03:20:00,45.41116298146516
2016-02-29 03:30:00,42.387980955021696
2016-02-29 03:40:00,37.70462505780482
2016-02-29 03:50:00,39.98322552347777
2016-02-29 04:00:00,47.559951991089754
2016-02-29 04:10:00,52.37175588142378
2016-02-29 04:20:00,55.03038607438947
2016-02-29 04:30:00,54.491728055634105
2016-02-29 04:40:00,50.62934302766829
2016-02-29 04:50:00,48.19829755473565
2016-02-29 05:00:00,47.863248244113784
2016-02-29 05:10:00,48.79408990387437
2016-02-29 05:20:00,48.89646134728033
2016-02-29 05:30:00,48.219116771708116
2016-02-29 05:40:00,46.996498996395886
2016-02-29 05:50:00,41.649513548937946
2016-02-29 06:00:00,42.84016942018464
2016-02-29 06:10:00,47.62295426128604
2016-02-29 06:20:00,46.6498110766257
2016-02-29 06:30:00,53.49600818996488
2016-02-29 06:40:00,56.390906295535956
2016-02-29 06:50:00,50.09236606680621
2016-02-29 07:00:00,63.68997520932736
2016-02-29 07:10:00,64.95287514899958
2016-02-29 07:20:00,61.850715828209374
2016-02-29 07:30:00,53.69903183372315
2016-02-29 07:40:00,53.23378778038252
2016-02-29 07:50:00,52.39100261825686
2016-02-29 08:00:00,56.65594841949875
2016-02-29 08:10:00,60.69759610981094
2016-02-29 08:20:00,47.85678081885079
2016-02-29 08:30:00,104.80499554749174
2016-02-29 08:40:00,125.96956569860485
2016-02-29 08:50:00,126.78975020046015
2016-02-29 09:00:00,197.17748695956638
2016-02-29 09:10:00,99.30313409230351
2016-02-29 09:20:00,98.47353649556982
2016-02-29 09:30:00,120.3916441985315
2016-02-29 09:40:00,160.41556742641598
2016-02-29 09:50:00,164.97854355570493
2016-02-29 10:00:00,158.60524813998111
2016-02-29 10:10:00,190.47459706052473
2016-02-29 10:20:00,257.0999157986645
2016-02-29 10:30:00,305.0010673673096
2016-02-29 10:40:00,429.9452083777673
2016-02-29 10:50:00,316.46307342871194
2016-02-29 11:00:00,385.76566674004675
2016-02-29 11:10:00,365.648048831515
2016-02-29 11:20:00,329.0128786471495
2016-02-29 11:30:00,281.1212379568732
2016-02-29 11:40:00,185.9695997192791
2016-02-29 11:50:00,195.08290681553254
2016-02-29 12:00:00,203.4406346656149
2016-02-29 12:10:00,234.36603276601684
2016-02-29 12:20:00,281.99070770683437
2016-02-29 12:30:00,295.15810444997425
2016-02-29 12:40:00,429.5638828979418
2016-02-29 12:50:00,382.0378020993449
2016-02-29 13:00:00,355.8061339048372
2016-02-29 13:10:00,328.82781691550974
2016-02-29 13:20:00,291.04959290605797
2016-02-29 13:30:00,282.38652409088104
2016-02-29 13:40:00,181.79790808559915
2016-02-29 13:50:00,213.37291594566858
2016-02-29 14:00:00,252.71399610471516
2016-02-29 14:10:00,473.6720641418315
2016-02-29 14:20:00,405.40282814576943
2016-02-29 14:30:00,352.38730721811805
2016-02-29 14:40:00,304.4443368688386
2016-02-29 14:50:00,284.1657691053007
2016-02-29 15:00:00,321.8939542973655
2016-02-29 15:10:00,207.3754667562508
2016-02-29 15:20:00,230.45194492906006
2016-02-29 15:30:00,264.16991879140744
2016-02-29 15:40:00,478.3305146217757
2016-02-29 15:50:00,404.71448577536677
2016-02-29 16:00:00,359.01424964854914
2016-02-29 16:10:00,311.2253768639076
2016-02-29 16:20:00,295.02495320337226
2016-02-29 16:30:00,247.75955420521888
2016-02-29 16:40:00,150.74994425321188
2016-02-29 16:50:00,158.70202003388962
2016-02-29 17:00:00,154.86418675213847
2016-02-29 17:10:00,161.7439127594731
2016-02-29 17:20:00,144.9496944079016
2016-02-29 17:30:00,152.89532900002726
2016-02-29 17:40:00,141.84350201546007
2016-02-29 17:50:00,345.42911278547615
2016-02-29 18:00:00,311.2481999689416
2016-02-29 18:10:00,300.3916635513679
2016-02-29 18:20:00,293.29732042698686
2016-02-29 18:30:00,254.22415374509907
2016-02-29 18:40:00,255.45058297594505
2016-02-29 18:50:00,225.91600236269164
2016-02-29 19:00:00,124.42310693768017
2016-02-29 19:10:00,194.1496096092883
2016-02-29 19:20:00,115.55622302282765
2016-02-29 19:30:00,113.9501370597944
2016-02-29 19:40:00,121.48437572784327
2016-02-29 19:50:00,101.87304474728708
2016-02-29 20:00:00,115.1629151560851
2016-02-29 20:10:00,82.20823359374083
2016-02-29 20:20:00,128.07385101482217
2016-02-29 20:30:00,117.33389499636657
2016-02-29 20:40:00,108.88097382417844
2016-02-29 20:50:00,107.51046178982264
2016-02-29 21:00:00,106.32982576530432
2016-02-29 21:10:00,83.53811574917053
2016-02-29 21:20:00,82.77658735754443
2016-02-29 21:30:00,88.22358571820898
2016-02-29 21:40:00,99.32143315437645
2016-02-29 21:50:00,89.17190538723209
2016-02-29 22:00:00,86.68491176924915
2016-02-29 22:10:00,83.17056031376441
2016-02-29 22:20:00,74.64291193518852
2016-02-29 22:30:00,67.94682080758471
2016-02-29 22:40:00,52.3674668151438
2016-02-29 22:50:00,51.38831093553194
2016-02-29 23:00:00,56.01352146807502
2016-02-29 23:10:00,56.45271802546771
2016-02-29 23:20:00,55.35266018719302
2016-02-29 23:30:00,53.98739405188905
2016-02-29 23:40:00,48.09875699836176
2016-02-29 23:50:00,50.5467633770201
2016-03-01 00:00:00,54.69712811535982
2016-03-01 00:10:00,55.12299902381823
2016-03-01 00:20:00,57.68736434071862
2016-03-01 00:30:00,56.32729586770812
2016-03-01 00:40:00,54.729229114573066
2016-03-01 00:50:00,55.22560882020547
2016-03-01 01:00:00,55.06269585010504
2016-03-01 01:10:00,54.88774831888935
2016-03-01 01:20:00,52.48224749195045
2016-03-01 01:30:00,55.07597560977358
2016-03-01 01:40:00,55.486871562800616
2016-03-01 01:50:00,53.620411891662854
2016-03-01 02:00:00,45.02438712808678
2016-03-01 02:10:00,35.84674267074219
2016-03-01 02:20:00,38.751266532209854
2016-03-01 02:30:00,52.12314741490659
2016-03-01 02:40:00,55.306394987860074
2016-03-01 02:50:00,54.93539716938466
2016-03-01 03:00:00,53.11887008630513
2016-03-01 03:10:00,51.00928027857729
2016-03-01 03:20:00,51.90882431272005
2016-03-01 03:30:00,45.37488535603367
2016-03-01 03:40:00,42.74228848488341
2016-03-01 03:50:00,50.534656528506986
2016-03-01 04:00:00,51.03982636783964
2016-03-01 04:10:00,48.0200360529753
2016-03-01 04:20:00,51.887910873103735
2016-03-01 04:30:00,42.732739138433644
2016-03-01 04:40:00,39.2345091920407
2016-03-01 04:50:00,41.353668094936
2016-03-01 05:00:00,51.33225345930553
2016-03-01 05:10:00,56.06809109812186
2016-03-01 05:20:00,53.91841735127731
2016-03-01 05:30:00,51.362587767342475
2016-03-01 05:40:00,51.702029494762
2016-03-01 05:50:00,51.737260328733925
2016-03-01 06:00:00,51.0100323484688
2016-03-01 06:10:00,44.60334919436726
2016-03-01 06:20:00,45.73254528578001
2016-03-01 06:30:00,53.45447853880461
2016-03-01 06:40:00,55.02484508772053
2016-03-01 06:50:00,48.9715690127716
2016-03-01 07:00:00,40.95915902636295
2016-03-01 07:10:00,46.72018336039988
2016-03-01 07:20:00,56.1343065803977
2016-03-01 07:30:00,56.54472035213173
2016-03-01 07:40:00,64.20817208013125
2016-03-01 07:50:00,68.97425039842308
2016-03-01 08:00:00,61.139284842093275
2016-03-01 08:10:00,62.52673585374935
2016-03-01 08:20:00,74.35073848544971
2016-03-01 08:30:00,72.18244797624146
2016-03-01 08:40:00,71.91622351743635
2016-03-01 08:50:00,68.83052699248967
2016-03-01 09:00:00,77.93711619244583
2016-03-01 09:10:00,96.84567632241833
2016-03-01 09:20:00,78.5454504398357
2016-03-01 09:30:00,65.33506912284491
2016-03-01 09:40:00,53.81330877635763
2016-03-01 09:50:00,59.757468168599765
2016-03-01 10:00:00,66.06802351848386
2016-03-01 10:10:00,61.1694354211502
2016-03-01 10:20:00,56.97587818286401
2016-03-01 10:30:00,54.42231136185456
2016-03-01 10:40:00,62.87243984488245
2016-03-01 10:50:00,68.96815320732914
2016-03-01 11:00:00,67.26372118758347
2016-03-01 11:10:00,76.09885946544324
2016-03-01 11:20:00,86.65063355211093
2016-03-01 11:30:00,66.76301791973682
2016-03-01 11:40:00,128.65424372404252
2016-03-01 11:50:00,78.03586911346693
2016-03-01 12:00:00,61.32902031745158
2016-03-01 12:10:00,70.06099011439987
2016-03-01 12:20:00,82.21673415984418
2016-03-01 12:30:00,76.00175591803607
2016-03-01 12:40:00,61.64748881517296
2016-03-01 12:50:00,59.377754692033456
2016-03-01 13:00:00,75.08863933080094
2016-03-01 13:10:00,82.91156529601624
2016-03-01 13:20:00,82.67049091370103
2016-03-01 13:30:00,91.87645063958284
2016-03-01 13:40:00,89.15959616009403
2016-03-01 13:50:00,99.04918331766883
2016-03-01 14:00:00,98.259722572152
2016-03-01 14:10:00,73.79564703733014
2016-03-01 14:20:00,57.19003399464514
2016-03-01 14:30:00,49.25285507240115
2016-03-01 14:40:00,50.955487986973345
2016-03-01 14:50:00,58.007792072465755
2016-03-01 15:00:00,59.967652236828
2016-03-01 15:10:00,48.883434194277115
2016-03-01 15:20:00,45.61315689480838
2016-03-01 15:30:00,43.103874494720294
2016-03-01 15:40:00,47.03613085834868
2016-03-01 15:50:00,63.85984021760508
2016-03-01 16:00:00,52.64786515996282
2016-03-01 16:10:00,56.916791338155726
2016-03-01 16:20:00,51.86347750697866
2016-03-01 16:30:00,47.67173388996278
2016-03-01 16:40:00,45.34507579359534
2016-03-01 16:50:00,43.613301364325054
2016-03-01 17:00:00,39.01535763691682
2016-03-01 17:10:00,37.119546894501774
2016-03-01 17:20:00,38.00872455641199
2016-03-01 17:30:00,45.589164446910594
2016-03-01 17:40:00,56.10769479112968
2016-03-01 17:50:00,70.36011799502332
2016-03-01 18:00:00,111.10229791156186
2016-03-01 18:10:00,186.9732013963865
2016-03-01 18:20:00,233.12909617122477
2016-03-01 18:30:00,250.8512543981665
2016-03-01 18:40:00,247.3293996459445
2016-03-01 18:50:00,144.5710917945003
2016-03-01 19:00:00,146.52588117438464
2016-03-01 19:10:00,110.68236457361432
2016-03-01 19:20:00,113.95139741741379
2016-03-01 19:30:00,115.52577357593309
2016-03-01 19:40:00,117.8478207073258
2016-03-01 19:50:00,121.2032322863434
2016-03-01 20:00:00,93.78631617144599
2016-03-01 20:10:00,105.32984656600775
2016-03-01 20:20:00,103.76461766627472
2016-03-01 20:30:00,114.33010640765609
2016-03-01 20:40:00,96.00839689517359
2016-03-01 20:50:00,98.89081425198584
2016-03-01 21:00:00,85.93595570495378
2016-03-01 21:10:00,82.04623614871903
2016-03-01 21:20:00,85.13243595722524
2016-03-01 21:30:00,89.82517333029033
2016-03-01 21:40:00,82.34387013995175
2016-03-01 21:50:00,76.15376158896973
2016-03-01 22:00:00,73.08733449878649
2016-03-01 22:10:00,80.10873216428794
2016-03-01 22:20:00,58.12376464868925
2016-03-01 22:30:00,49.13039358211286
2016-03-01 22:40:00,48.57731315791043
2016-03-01 22:50:00,48.83579406732733
2016-03-01 23:00:00,45.25353864616384
2016-03-01 23:10:00,47.99619057744669
2016-03-01 23:20:00,51.43573307834268
2016-03-01 23:30:00,53.17680799841223
2016-03-01 23:40:00,48.57366971816966
2016-03-01 23:50:00,40.58230226987616
2016-03-02 00:00:00,37.461046738787125
2016-03-02 00:10:00,45.81418133050813
2016-03-02 00:20:00,54.04112423019353
2016-03-02 00:30:00,55.15648989418284
2016-03-02 00:40:00,55.80631436929093
2016-03-02 00:50:00,53.382564518952556
2016-03-02 01:00:00,52.11148051347953
2016-03-02 01:10:00,51.59257939764371
2016-03-02 01:20:00,51.07600885187193
2016-03-02 01:30:00,50.55286599531716
2016-03-02 01:40:00,48.26856298700796
2016-03-02 01:50:00,50.08776700539907
2016-03-02 02:00:00,49.5625628055763
2016-03-02 02:10:00,46.854785302921144
2016-03-02 02:20:00,44.229829084735655
2016-03-02 02:30:00,43.4119594648548
2016-03-02 02:40:00,40.20717195468489
2016-03-02 02:50:00,41.61811811645596
2016-03-02 03:00:00,41.46258709817567
2016-03-02 03:10:00,42.71710953763465
2016-03-02 03:20:00,50.51346973465055
2016-03-02 03:30:00,54.07900508832703
2016-03-02 03:40:00,53.80497828121762
2016-03-02 03:50:00,51.75400018553035
2016-03-02 04:00:00,45.772686802545984
2016-03-02 04:10:00,48.854114243891715
2016-03-02 04:20:00,50.00915588405474
2016-03-02 04:30:00,40.48111676309453
2016-03-02 04:40:00,51.042613196025215
2016-03-02 04:50:00,51.71792255121794
2016-03-02 05:00:00,49.41805929361305
2016-03-02 05:10:00,46.186589403285836
2016-03-02 05:20:00,40.541647646543396
2016-03-02 05:30:00,47.07546504232561
2016-03-02 05:40:00,41.96249662827541
2016-03-02 05:50:00,51.20022662856303
2016-03-02 06:00:00,51.46655047461481
2016-03-02 06:10:00,43.29696323850974
2016-03-02 06:20:00,42.0072735649421
2016-03-02 06:30:00,46.968705452269276
2016-03-02 06:40:00,51.26502628767665
2016-03-02 06:50:00,55.754687015249004
2016-03-02 07:00:00,55.62635470045723
2016-03-02 07:10:00,50.03232672561466
2016-03-02 07:20:00,49.69665022898682
2016-03-02 07:30:00,60.951160576363094
2016-03-02 07:40:00,61.82338185733795
2016-03-02 07:50:00,59.331579774195
2016-03-02 08:00:00,64.56769959308306
2016-03-02 08:10:00,72.42025320207347
2016-03-02 08:20:00,145.3223643281412
2016-03-02 08:30:00,80.98264753545034
2016-03-02 08:40:00,118.636484350647
2016-03-02 08:50:00,75.71446496892443
2016-03-02 09:00:00,104.66988628393047
2016-03-02 09:10:00,102.34048771574673
2016-03-02 09:20:00,129.55336959692482
2016-03-02 09:30:00,170.16153104219268
2016-03-02 09:40:00,193.67084665238414
2016-03-02 09:50:00,116.86146357267674
2016-03-02 10:00:00,80.79652299814107
2016-03-02 10:10:00,70.13841901540441
2016-03-02 10:20:00,74.47649936112194
2016-03-02 10:30:00,67.0649004409212
2016-03-02 10:40:00,97.89429098892548
2016-03-02 10:50:00,102.97062059275508
2016-03-02 11:00:00,86.67082621415754
2016-03-02 11:10:00,61.87772697653673
2016-03-02 11:20:00,66.49505223914603
2016-03-02 11:30:00,96.1205244882902
2016-03-02 11:40:00,66.06259915787713
2016-03-02 11:50:00,60.214853498073346
2016-03-02 12:00:00,130.40261858759493
2016-03-02 12:10:00,106.62490798452912
2016-03-02 12:20:00,159.80313297599264
2016-03-02 12:30:00,84.93527456983226
2016-03-02 12:40:00,73.87987651470975
2016-03-02 12:50:00,66.05540243326696
2016-03-02 13:00:00,67.60555932462852
2016-03-02 13:10:00,60.21643905876114
2016-03-02 13:20:00,90.25705324595499
2016-03-02 13:30:00,66.94226192909979
2016-03-02 13:40:00,75.90279880567445
2016-03-02 13:50:00,77.97768637129575
2016-03-02 14:00:00,82.46566454018983
2016-03-02 14:10:00,75.41930032805837
2016-03-02 14:20:00,68.26537961872003
2016-03-02 14:30:00,70.89614673464466
2016-03-02 14:40:00,74.64588109801127
2016-03-02 14:50:00,58.98913513206652
2016-03-02 15:00:00,58.97279155664141
2016-03-02 15:10:00,59.29568158180792
2016-03-02 15:20:00,56.819227999739276
2016-03-02 15:30:00,58.584675368484895
2016-03-02 15:40:00,56.77821733320039
2016-03-02 15:50:00,72.98819622752693
2016-03-02 16:00:00,75.66088689829526
2016-03-02 16:10:00,75.41233856324787
2016-03-02 16:20:00,75.45311772590628
2016-03-02 16:30:00,72.44475119832126
2016-03-02 16:40:00,83.30875773974785
2016-03-02 16:50:00,94.5115884152347
2016-03-02 17:00:00,88.65122084121838
2016-03-02 17:10:00,121.83194975188562
2016-03-02 17:20:00,145.4140605164203
2016-03-02 17:30:00,143.60002543532903
2016-03-02 17:40:00,122.6400327033692
2016-03-02 17:50:00,131.0335181419678
2016-03-02 18:00:00,133.81441880669806
2016-03-02 18:10:00,280.2608753512606
2016-03-02 18:20:00,210.2743623877928
2016-03-02 18:30:00,179.75434302209493
2016-03-02 18:40:00,200.43624689195588
2016-03-02 18:50:00,230.2598755496029
2016-03-02 19:00:00,166.57116621355547
2016-03-02 19:10:00,145.53687331680305
2016-03-02 19:20:00,214.80770920608776
2016-03-02 19:30:00,130.73645866228028
2016-03-02 19:40:00,138.3287528236234
2016-03-02 19:50:00,157.33766629609647
2016-03-02 20:00:00,154.3986384505661
2016-03-02 20:10:00,139.84775981342142
2016-03-02 20:20:00,130.6247428827571
2016-03-02 20:30:00,118.26385870968832
2016-03-02 20:40:00,107.21555672323412
2016-03-02 20:50:00,110.23721316098529
2016-03-02 21:00:00,109.25623575325051
2016-03-02 21:10:00,101.74272435050945
2016-03-02 21:20:00,100.597780219148
2016-03-02 21:30:00,102.27758105743989
2016-03-02 21:40:00,86.92002193419054
2016-03-02 21:50:00,73.9278693183094
2016-03-02 22:00:00,63.9185316599482
2016-03-02 22:10:00,63.43218183490528
2016-03-02 22:20:00,57.01219623851081
2016-03-02 22:30:00,56.456050362079594
2016-03-02 22:40:00,49.35909041608908
2016-03-02 22:50:00,50.161094795433215
2016-03-02 23:00:00,54.324018018147555
2016-03-02 23:10:00,44.09721042463471
2016-03-02 23:20:00,47.86963886998895
2016-03-02 23:30:00,52.11076948296963
2016-03-02 23:40:00,52.58679828748677
2016-03-02 23:50:00,50.986962803497605
2016-03-03 00:00:00,40.44158011542666
2016-03-03 00:10:00,51.67219532375
2016-03-03 00:20:00,53.00289367667812
2016-03-03 00:30:00,51.837623879169655
2016-03-03 00:40:00,50.469147100563994
2016-03-03 00:50:00,45.53223001642794
2016-03-03 01:00:00,49.744224284293075
2016-03-03 01:10:00,51.19382966643306
2016-03-03 01:20:00,46.83853391082982
2016-03-03 01:30:00,48.05081401444373
2016-03-03 01:40:00,48.910286969508796
2016-03-03 01:50:00,48.20027158131563
2016-03-03 02:00:00,46.10734108955683
2016-03-03 02:10:00,40.72475204495677
2016-03-03 02:20:00,41.798995816385485
2016-03-03 02:30:00,41.830572137200896
2016-03-03 02:40:00,45.247071240566946
2016-03-03 02:50:00,43.3975192419735
2016-03-03 03:00:00,51.00209484044635
2016-03-03 03:10:00,53.464723566342144
2016-03-03 03:20:00,53.75108059224709
2016-03-03 03:30:00,50.54575999552081
2016-03-03 03:40:00,43.49345312114017
2016-03-03 03:50:00,50.48593849221511
2016-03-03 04:00:00,48.111973334529786
2016-03-03 04:10:00,48.7824303054727
2016-03-03 04:20:00,44.13645289605118
2016-03-03 04:30:00,47.49981342224015
2016-03-03 04:40:00,49.21623965068366
2016-03-03 04:50:00,47.815259854251615
2016-03-03 05:00:00,41.29086868645347
2016-03-03 05:10:00,46.03469601249167
2016-03-03 05:20:00,46.333576361972504
2016-03-03 05:30:00,49.97781335997048
2016-03-03 05:40:00,46.35725043434634
2016-03-03 05:50:00,52.02894646254776
2016-03-03 06:00:00,46.01438242142342
2016-03-03 06:10:00,37.76136152514182
2016-03-03 06:20:00,45.10073672722922
2016-03-03 06:30:00,50.63488517525641
2016-03-03 06:40:00,56.02613160917743
2016-03-03 06:50:00,55.63295745061103
2016-03-03 07:00:00,55.72959857139399
2016-03-03 07:10:00,54.23676971831215
2016-03-03 07:20:00,48.41203120506011
2016-03-03 07:30:00,57.215803000418354
2016-03-03 07:40:00,61.993895144298705
2016-03-03 07:50:00,66.68065557901093
2016-03-03 08:00:00,57.76421454167999
2016-03-03 08:10:00,61.6619026660029
2016-03-03 08:20:00,67.69302921713354
2016-03-03 08:30:00,71.94163995179724
2016-03-03 08:40:00,105.14129650265295
2016-03-03 08:50:00,76.20919470868033
2016-03-03 09:00:00,75.8201978576894
2016-03-03 09:10:00,75.27132104990746
2016-03-03 09:20:00,75.49319542425285
2016-03-03 09:30:00,85.17380974162798
2016-03-03 09:40:00,113.88699987528314
2016-03-03 09:50:00,81.98699427352221
2016-03-03 10:00:00,71.48525727488446
2016-03-03 10:10:00,85.39363260702989
2016-03-03 10:20:00,83.82691013386469
2016-03-03 10:30:00,91.99284530682223
2016-03-03 10:40:00,96.20289707946971
2016-03-03 10:50:00,94.49088719273459
2016-03-03 11:00:00,123.44096860968581
2016-03-03 11:10:00,110.43713975732787
2016-03-03 11:20:00,98.11742681042159
2016-03-03 11:30:00,90.59318141508275
2016-03-03 11:40:00,83.55389305013946
2016-03-03 11:50:00,79.59755890171023
2016-03-03 12:00:00,78.24042921669817
2016-03-03 12:10:00,72.74100579639847
2016-03-03 12:20:00,75.26500274940764
2016-03-03 12:30:00,75.07378127036867
2016-03-03 12:40:00,74.91823811042838
2016-03-03 12:50:00,111.63289328276954
2016-03-03 13:00:00,79.41289142453523
2016-03-03 13:10:00,87.58582091460936
2016-03-03 13:20:00,120.62101540630641
2016-03-03 13:30:00,101.48208600606524
2016-03-03 13:40:00,141.6749645069222
2016-03-03 13:50:00,118.63866108737943
2016-03-03 14:00:00,145.93902376853268
2016-03-03 14:10:00,116.60566579756994
2016-03-03 14:20:00,83.40740514138766
2016-03-03 14:30:00,98.99173002390181
2016-03-03 14:40:00,121.84377359058361
2016-03-03 14:50:00,134.58597347114207
2016-03-03 15:00:00,121.7210328880222
2016-03-03 15:10:00,108.65682729644125
2016-03-03 15:20:00,74.56654729105323
2016-03-03 15:30:00,57.56687536843281
2016-03-03 15:40:00,54.04207976241716
2016-03-03 15:50:00,56.393058562083084
2016-03-03 16:00:00,51.25190797873196
2016-03-03 16:10:00,47.47336134010831
2016-03-03 16:20:00,52.15071798433817
2016-03-03 16:30:00,55.180148710839276
2016-03-03 16:40:00,66.41067771058742
2016-03-03 16:50:00,81.56961292049229
2016-03-03 17:00:00,206.89010446412826
2016-03-03 17:10:00,190.16945531244804
2016-03-03 17:20:00,172.97874567217278
2016-03-03 17:30:00,160.62534949848518
2016-03-03 17:40:00,100.77873423172699
2016-03-03 17:50:00,112.77550519375336
2016-03-03 18:00:00,126.70146393314708
2016-03-03 18:10:00,138.08473715120823
2016-03-03 18:20:00,124.40596818712679
2016-03-03 18:30:00,132.5518801964004
2016-03-03 18:40:00,120.76148518986216
2016-03-03 18:50:00,97.8342773704583
2016-03-03 19:00:00,92.13776771665589
2016-03-03 19:10:00,88.3728124582606
2016-03-03 19:20:00,87.4475105058155
2016-03-03 19:30:00,90.0561090751091
2016-03-03 19:40:00,91.67417162096439
2016-03-03 19:50:00,97.75315070791493
2016-03-03 20:00:00,105.3442768657423
2016-03-03 20:10:00,105.17058869801814
2016-03-03 20:20:00,93.11198395036193
2016-03-03 20:30:00,92.22970746695822
2016-03-03 20:40:00,88.60386938799729
2016-03-03 20:50:00,82.9993994504307
2016-03-03 21:00:00,72.72691515980448
2016-03-03 21:10:00,73.36534572153506
2016-03-03 21:20:00,76.10745037486431
2016-03-03 21:30:00,73.42379113506425
2016-03-03 21:40:00,73.75947738701241
2016-03-03 21:50:00,58.661847336713734
2016-03-03 22:00:00,48.00108994563885
2016-03-03 22:10:00,48.74172126008912
2016-03-03 22:20:00,44.1663732170025
2016-03-03 22:30:00,52.71056773367061
2016-03-03 22:40:00,55.08631292311
2016-03-03 22:50:00,56.837745256153006
2016-03-03 23:00:00,52.19607661564814
2016-03-03 23:10:00,47.37728424959517
2016-03-03 23:20:00,52.63810512778985
2016-03-03 23:30:00,48.441929832369546
2016-03-03 23:40:00,51.24426562719864
2016-03-03 23:50:00,50.640296624609576
2016-03-04 00:00:00,48.86350465688098
2016-03-04 00:10:00,53.371360801158076
2016-03-04 00:20:00,54.72941950936461
2016-03-04 00:30:00,50.391627278673184
2016-03-04 00:40:00,41.49266435500003
2016-03-04 00:50:00,42.39064575797926
2016-03-04 01:00:00,53.024752362713265
2016-03-04 01:10:00,52.23989402869813
2016-03-04 01:20:00,52.210063992984125
2016-03-04 01:30:00,51.42832626745584
2016-03-04 01:40:00,49.854292289379366
2016-03-04 01:50:00,51.84093623302044
2016-03-04 02:00:00,44.960703866330995
2016-03-04 02:10:00,46.8885069594869
2016-03-04 02:20:00,44.392725998680305
2016-03-04 02:30:00,44.787535404427445
2016-03-04 02:40:00,50.99392101065117
2016-03-04 02:50:00,52.0949246232144
2016-03-04 03:00:00,50.7432240406866
2016-03-04 03:10:00,48.25404636493362
2016-03-04 03:20:00,42.254806638591184
2016-03-04 03:30:00,52.612302873801504
2016-03-04 03:40:00,43.2443433039654
2016-03-04 03:50:00,43.762444558193614
2016-03-04 04:00:00,48.75070115317021
2016-03-04 04:10:00,50.69168029668536
2016-03-04 04:20:00,53.906671357091035
2016-03-04 04:30:00,53.577326098039755
2016-03-04 04:40:00,51.87266390111471
2016-03-04 04:50:00,49.94261651429603
2016-03-04 05:00:00,46.521414835221684
2016-03-04 05:10:00,46.29912181786082
2016-03-04 05:20:00,51.332028934104024
2016-03-04 05:30:00,49.454645489845866
2016-03-04 05:40:00,52.91411446674914
2016-03-04 05:50:00,46.365079193358596
2016-03-04 06:00:00,51.412678758737194
2016-03-04 06:10:00,44.50882222460776
2016-03-04 06:20:00,46.809792921112965
2016-03-04 06:30:00,45.21530589726301
2016-03-04 06:40:00,49.02073784185199
2016-03-04 06:50:00,54.39130473880189
2016-03-04 07:00:00,51.334161962412054
2016-03-04 07:10:00,51.95907598164489
2016-03-04 07:20:00,46.2104318949531
2016-03-04 07:30:00,38.53621876284593
2016-03-04 07:40:00,48.2592787442438
2016-03-04 07:50:00,53.31553865441946
2016-03-04 08:00:00,58.07966354985571
2016-03-04 08:10:00,60.244965494330444
2016-03-04 08:20:00,68.22809964929161
2016-03-04 08:30:00,58.43837984483248
2016-03-04 08:40:00,59.26674617509892
2016-03-04 08:50:00,62.404491226716246
2016-03-04 09:00:00,65.21749528934822
2016-03-04 09:10:00,60.980872698792
2016-03-04 09:20:00,65.64149519027724
2016-03-04 09:30:00,61.212748601719895
2016-03-04 09:40:00,54.358636373244664
2016-03-04 09:50:00,59.0047251283225
2016-03-04 10:00:00,58.67854713797733
2016-03-04 10:10:00,53.22596757635313
2016-03-04 10:20:00,47.68324938969329
2016-03-04 10:30:00,45.91074878952784
2016-03-04 10:40:00,47.369486103683435
2016-03-04 10:50:00,37.5468971300838
2016-03-04 11:00:00,39.88985188917067
2016-03-04 11:10:00,53.294120943396344
2016-03-04 11:20:00,55.83517670249987
2016-03-04 11:30:00,58.78845678145509
2016-03-04 11:40:00,54.9484578542212
2016-03-04 11:50:00,52.548632228168
2016-03-04 12:00:00,50.95409895090876
2016-03-04 12:10:00,47.02662477535729
2016-03-04 12:20:00,54.53112240249277
2016-03-04 12:30:00,59.030169759830315
2016-03-04 12:40:00,53.71842027839275
2016-03-04 12:50:00,59.5214189302715
2016-03-04 13:00:00,57.25668454530928
2016-03-04 13:10:00,67.762233826896
2016-03-04 13:20:00,125.44345794517623
2016-03-04 13:30:00,84.08255663837429
2016-03-04 13:40:00,71.38297405983512
2016-03-04 13:50:00,59.65622438709272
2016-03-04 14:00:00,63.938895597864175
2016-03-04 14:10:00,79.49688747416067
2016-03-04 14:20:00,85.68459280225136
2016-03-04 14:30:00,153.4554974894957
2016-03-04 14:40:00,258.5766728750599
2016-03-04 14:50:00,276.7756350533375
2016-03-04 15:00:00,420.9530344423659
2016-03-04 15:10:00,354.3811132662279
2016-03-04 15:20:00,323.0416657424637
2016-03-04 15:30:00,302.8356846235118
2016-03-04 15:40:00,274.42219221470157
2016-03-04 15:50:00,248.19724488382957
2016-03-04 16:00:00,156.40928874533662
2016-03-04 16:10:00,166.1628774191627
2016-03-04 16:20:00,192.71391723168912
2016-03-04 16:30:00,177.8325588208981
2016-03-04 16:40:00,395.6720554056171
2016-03-04 16:50:00,307.37655505034985
2016-03-04 17:00:00,301.5336540913947
2016-03-04 17:10:00,276.4956672497379
2016-03-04 17:20:00,290.62934956676406
2016-03-04 17:30:00,233.14278759873852
2016-03-04 17:40:00,152.22774353442875
2016-03-04 17:50:00,162.8202811042985
2016-03-04 18:00:00,169.2217597705596
2016-03-04 18:10:00,168.83089431492283
2016-03-04 18:20:00,128.40023762010804
2016-03-04 18:30:00,101.07092541830346
2016-03-04 18:40:00,90.57742029571772
2016-03-04 18:50:00,110.05620413301037
2016-03-04 19:00:00,104.92824596007318
2016-03-04 19:10:00,106.44564516632427
2016-03-04 19:20:00,162.7528341584707
2016-03-04 19:30:00,131.83480597877136
2016-03-04 19:40:00,97.07920562359581
2016-03-04 19:50:00,95.46663465341916
2016-03-04 20:00:00,108.40788733305826
2016-03-04 20:10:00,107.88908005894459
2016-03-04 20:20:00,96.76335905555426
2016-03-04 20:30:00,91.35724489426622
2016-03-04 20:40:00,112.42400464219394
2016-03-04 20:50:00,110.49050590865282
2016-03-04 21:00:00,112.1941190827325
2016-03-04 21:10:00,107.8078216955565
2016-03-04 21:20:00,101.30452465737031
2016-03-04 21:30:00,90.09268891300097
2016-03-04 21:40:00,97.60728970605348
2016-03-04 21:50:00,83.64942324817022
2016-03-04 22:00:00,74.67492302056209
2016-03-04 22:10:00,80.01176114979677
2016-03-04 22:20:00,82.48739874051932
2016-03-04 22:30:00,79.99487751225642
2016-03-04 22:40:00,74.13298982755006
2016-03-04 22:50:00,53.34719636874289
2016-03-04 23:00:00,44.114249239784655
2016-03-04 23:10:00,51.103834925861456
2016-03-04 23:20:00,49.90769069579354
2016-03-04 23:30:00,49.016245177363515
2016-03-04 23:40:00,51.0695133443713
2016-03-04 23:50:00,48.264629103920306
2016-03-05 00:00:00,49.08445945868975
2016-03-05 00:10:00,46.53893709958215
2016-03-05 00:20:00,50.13983607434204
2016-03-05 00:30:00,53.02226392731583
2016-03-05 00:40:00,52.294927212652254
2016-03-05 00:50:00,50.225178366258035
2016-03-05 01:00:00,43.298364008159936
2016-03-05 01:10:00,43.84486103098714
2016-03-05 01:20:00,50.52251977514626
2016-03-05 01:30:00,49.9322884075046
2016-03-05 01:40:00,46.98018232413922
2016-03-05 01:50:00,40.1950502006524
2016-03-05 02:00:00,42.66362073136399
2016-03-05 02:10:00,50.15294342318747
2016-03-05 02:20:00,54.08264176154483
2016-03-05 02:30:00,52.46977526742922
2016-03-05 02:40:00,52.08364982748802
2016-03-05 02:50:00,48.496664806677884
2016-03-05 03:00:00,49.52121782225261
2016-03-05 03:10:00,52.17123262284679
2016-03-05 03:20:00,49.838952989578885
2016-03-05 03:30:00,46.34569686582836
2016-03-05 03:40:00,47.883009084815875
2016-03-05 03:50:00,44.77379713842524
2016-03-05 04:00:00,43.572086086148666
2016-03-05 04:10:00,49.5864993959301
2016-03-05 04:20:00,48.18760791544486
2016-03-05 04:30:00,45.18667409401374
2016-03-05 04:40:00,51.90626852940053
2016-03-05 04:50:00,50.89469207359577
2016-03-05 05:00:00,47.42454583119676
2016-03-05 05:10:00,41.37621668640536
2016-03-05 05:20:00,43.59317258046109
2016-03-05 05:30:00,40.754598612159064
2016-03-05 05:40:00,45.609759065243466
2016-03-05 05:50:00,54.26470835457814
2016-03-05 06:00:00,58.07663483962285
2016-03-05 06:10:00,57.09561749639617
2016-03-05 06:20:00,55.136863965989
2016-03-05 06:30:00,50.68084719650094
2016-03-05 06:40:00,53.22736026569202
2016-03-05 06:50:00,52.72353790478125
2016-03-05 07:00:00,54.86937263706374
2016-03-05 07:10:00,51.75874924583474
2016-03-05 07:20:00,52.35316676473667
2016-03-05 07:30:00,54.982309370938594
2016-03-05 07:40:00,49.74876419452549
2016-03-05 07:50:00,42.16931826966204
2016-03-05 08:00:00,49.66222713307276
2016-03-05 08:10:00,48.22564193890208
2016-03-05 08:20:00,55.241484197903425
2016-03-05 08:30:00,54.70500336495103
2016-03-05 08:40:00,51.647050127031775
2016-03-05 08:50:00,63.614700235945634
2016-03-05 09:00:00,51.51613798990952
2016-03-05 09:10:00,49.11352468008602
2016-03-05 09:20:00,54.07447380565294
2016-03-05 09:30:00,62.80043649230364
2016-03-05 09:40:00,61.06405864534028
2016-03-05 09:50:00,59.83127259185314
2016-03-05 10:00:00,58.527998477350714
2016-03-05 10:10:00,61.55223575888357
2016-03-05 10:20:00,61.243944912401936
2016-03-05 10:30:00,53.39690817113393
2016-03-05 10:40:00,51.626399047120344
2016-03-05 10:50:00,63.887548558242386
2016-03-05 11:00:00,68.63435003616149
2016-03-05 11:10:00,72.39774407999528
2016-03-05 11:20:00,77.76499199237115
2016-03-05 11:30:00,72.21134466633029
2016-03-05 11:40:00,77.99821111852077
2016-03-05 11:50:00,82.49996879089977
2016-03-05 12:00:00,67.51725902614939
2016-03-05 12:10:00,63.864824217224154
2016-03-05 12:20:00,80.33342335022918
2016-03-05 12:30:00,93.74248689532521
2016-03-05 12:40:00,75.80087396826588
2016-03-05 12:50:00,68.90396551839942
2016-03-05 13:00:00,73.19921152550268
2016-03-05 13:10:00,81.18826911755777
2016-03-05 13:20:00,75.46756288632582
2016-03-05 13:30:00,73.90272263192561
2016-03-05 13:40:00,84.90068644040426
2016-03-05 13:50:00,91.92061633987713
2016-03-05 14:00:00,91.15735422673703
2016-03-05 14:10:00,97.39658271328943
2016-03-05 14:20:00,230.39075364495824
2016-03-05 14:30:00,176.4477000593911
2016-03-05 14:40:00,139.21322691953046
2016-03-05 14:50:00,107.47980434908162
2016-03-05 15:00:00,96.94764654428937
2016-03-05 15:10:00,98.60283009685456
2016-03-05 15:20:00,110.7991500258001
2016-03-05 15:30:00,210.86333293702114
2016-03-05 15:40:00,340.7315769246657
2016-03-05 15:50:00,415.5357612178478
2016-03-05 16:00:00,361.50932011253934
2016-03-05 16:10:00,324.98788438321156
2016-03-05 16:20:00,315.606599759999
2016-03-05 16:30:00,302.9245337003675
2016-03-05 16:40:00,258.9859030157097
2016-03-05 16:50:00,131.41950983049801
2016-03-05 17:00:00,124.96051530923776
2016-03-05 17:10:00,117.61059393168743
2016-03-05 17:20:00,123.61664674970686
2016-03-05 17:30:00,127.66205318344751
2016-03-05 17:40:00,84.80628871813647
2016-03-05 17:50:00,75.29704920459073
2016-03-05 18:00:00,73.60291303313001
2016-03-05 18:10:00,79.43095497396018
2016-03-05 18:20:00,81.32277773311404
2016-03-05 18:30:00,171.15515013768945
2016-03-05 18:40:00,160.7215601940359
2016-03-05 18:50:00,164.49419759125277
2016-03-05 19:00:00,99.17628815584901
2016-03-05 19:10:00,87.8239147967157
2016-03-05 19:20:00,86.41163216892615
2016-03-05 19:30:00,78.81482536177276
2016-03-05 19:40:00,123.41024348859192
2016-03-05 19:50:00,84.50413826000833
2016-03-05 20:00:00,92.50323741845816
2016-03-05 20:10:00,99.87948797641005
2016-03-05 20:20:00,99.15113436865003
2016-03-05 20:30:00,81.03601336193296
2016-03-05 20:40:00,69.78042034381008
2016-03-05 20:50:00,83.19401493136702
2016-03-05 21:00:00,87.49799145531853
2016-03-05 21:10:00,89.33489179301642
2016-03-05 21:20:00,78.51927250210794
2016-03-05 21:30:00,76.74465762293
2016-03-05 21:40:00,70.65704985400296
2016-03-05 21:50:00,94.96349759584314
2016-03-05 22:00:00,81.39191965657749
2016-03-05 22:10:00,78.9053512597276
2016-03-05 22:20:00,79.06841642108796
2016-03-05 22:30:00,82.48863750171523
2016-03-05 22:40:00,82.00175997493923
2016-03-05 22:50:00,77.86874136187778
2016-03-05 23:00:00,70.34844933452422
2016-03-05 23:10:00,61.33843009838279
2016-03-05 23:20:00,47.97656687265996
2016-03-05 23:30:00,39.77469454655113
2016-03-05 23:40:00,46.66771964389587
2016-03-05 23:50:00,51.344857520324
2016-03-06 00:00:00,43.91651129872207
2016-03-06 00:10:00,40.32771405262851
2016-03-06 00:20:00,46.07671846722729
2016-03-06 00:30:00,50.05347585474413
2016-03-06 00:40:00,53.17751715886685
2016-03-06 00:50:00,51.6667426917771
2016-03-06 01:00:00,51.32512317571963
2016-03-06 01:10:00,50.29275922692366
2016-03-06 01:20:00,44.82576743871379
2016-03-06 01:30:00,46.70128295196639
2016-03-06 01:40:00,47.841502695198294
2016-03-06 01:50:00,47.04446883333411
2016-03-06 02:00:00,44.52092755833786
2016-03-06 02:10:00,39.55671373363416
2016-03-06 02:20:00,45.29090009382824
2016-03-06 02:30:00,45.06817696988727
2016-03-06 02:40:00,48.665246470598404
2016-03-06 02:50:00,45.53621377091347
2016-03-06 03:00:00,39.7145501207521
2016-03-06 03:10:00,46.7700232892886
2016-03-06 03:20:00,43.71288799384403
2016-03-06 03:30:00,50.75339997325348
2016-03-06 03:40:00,53.92996946548134
2016-03-06 03:50:00,51.08474389748074
2016-03-06 04:00:00,50.92556072787621
2016-03-06 04:10:00,46.869815624561646
2016-03-06 04:20:00,49.14740761252111
2016-03-06 04:30:00,50.03632471950749
2016-03-06 04:40:00,49.464126965579965
2016-03-06 04:50:00,47.94933945728359
2016-03-06 05:00:00,46.18939002794427
2016-03-06 05:10:00,41.87548069258103
2016-03-06 05:20:00,43.02454246022416
2016-03-06 05:30:00,47.25854214498395
2016-03-06 05:40:00,52.524480475984255
2016-03-06 05:50:00,52.34915894431994
2016-03-06 06:00:00,46.048253873546365
2016-03-06 06:10:00,40.63179592332398
2016-03-06 06:20:00,45.796708694272056
2016-03-06 06:30:00,51.68797891568219
2016-03-06 06:40:00,53.194004796310494
2016-03-06 06:50:00,54.09448668329412
2016-03-06 07:00:00,55.106253278387285
2016-03-06 07:10:00,53.24445889977856
2016-03-06 07:20:00,50.82723226957424
2016-03-06 07:30:00,53.52558439571653
2016-03-06 07:40:00,51.35295133512151
2016-03-06 07:50:00,45.522947620502045
2016-03-06 08:00:00,47.74316424016828
2016-03-06 08:10:00,52.426539088215215
2016-03-06 08:20:00,54.167689494174034
2016-03-06 08:30:00,55.3774374745679
2016-03-06 08:40:00,53.424020947628804
2016-03-06 08:50:00,49.812595718846644
2016-03-06 09:00:00,48.038019334630256
2016-03-06 09:10:00,39.71826226601604
2016-03-06 09:20:00,45.58654749966211
2016-03-06 09:30:00,56.90280191278222
2016-03-06 09:40:00,60.713446229917174
2016-03-06 09:50:00,63.35294441551605
2016-03-06 10:00:00,68.69358124285948
2016-03-06 10:10:00,74.85815134211049
2016-03-06 10:20:00,72.8501946049099
2016-03-06 10:30:00,63.931541790064344
2016-03-06 10:40:00,68.26859702954457
2016-03-06 10:50:00,71.61478263233789
2016-03-06 11:00:00,82.95437861594014
2016-03-06 11:10:00,80.59617228979755
2016-03-06 11:20:00,79.62705691416065
2016-03-06 11:30:00,79.80777725676863
2016-03-06 11:40:00,72.38300954457814
2016-03-06 11:50:00,58.860035407223265
2016-03-06 12:00:00,59.811070988610325
2016-03-06 12:10:00,72.03685488150875
2016-03-06 12:20:00,71.82363876173925
2016-03-06 12:30:00,77.0120377672301
2016-03-06 12:40:00,79.17949239316168
2016-03-06 12:50:00,80.709706866164
2016-03-06 13:00:00,89.41970752336115
2016-03-06 13:10:00,87.2190078609368
2016-03-06 13:20:00,87.52902079129504
2016-03-06 13:30:00,94.32061259803135
2016-03-06 13:40:00,95.18430007411577
2016-03-06 13:50:00,90.70090402090818
2016-03-06 14:00:00,78.40354744363147
2016-03-06 14:10:00,77.87262653277466
2016-03-06 14:20:00,77.60785237402055
2016-03-06 14:30:00,67.78312855224671
2016-03-06 14:40:00,58.05820659000035
2016-03-06 14:50:00,61.72349069500069
2016-03-06 15:00:00,63.81865394810083
2016-03-06 15:10:00,72.00631989175872
2016-03-06 15:20:00,68.4853089912321
2016-03-06 15:30:00,73.8559487928118
2016-03-06 15:40:00,69.4715607167007
2016-03-06 15:50:00,83.07331107153591
2016-03-06 16:00:00,88.03413089117298
2016-03-06 16:10:00,79.91591379479827
2016-03-06 16:20:00,81.00319173520937
2016-03-06 16:30:00,91.2083554453472
2016-03-06 16:40:00,80.8546459501838
2016-03-06 16:50:00,73.24863559648253
2016-03-06 17:00:00,84.31479331265739
2016-03-06 17:10:00,73.93414772727293
2016-03-06 17:20:00,75.33974998412239
2016-03-06 17:30:00,63.277353666558454
2016-03-06 17:40:00,67.95285091101003
2016-03-06 17:50:00,73.75330919802927
2016-03-06 18:00:00,236.89721255757772
2016-03-06 18:10:00,260.24382759287124
2016-03-06 18:20:00,355.5664967051689
2016-03-06 18:30:00,249.55101134472045
2016-03-06 18:40:00,252.46975856563455
2016-03-06 18:50:00,216.99487187420445
2016-03-06 19:00:00,251.33383694129293
2016-03-06 19:10:00,205.21063379285775
2016-03-06 19:20:00,145.87895883744318
2016-03-06 19:30:00,130.02364049502523
2016-03-06 19:40:00,150.91845892287046
2016-03-06 19:50:00,232.76806934533545
2016-03-06 20:00:00,258.74937205064606
2016-03-06 20:10:00,171.3808072177851
2016-03-06 20:20:00,297.7520307664637
2016-03-06 20:30:00,127.57739349065858
2016-03-06 20:40:00,231.91009600456482
2016-03-06 20:50:00,176.05446373922376
2016-03-06 21:00:00,117.10211354612218
2016-03-06 21:10:00,127.8347692935642
2016-03-06 21:20:00,132.49107227893376
2016-03-06 21:30:00,134.4378298760582
2016-03-06 21:40:00,148.1241490800244
2016-03-06 21:50:00,132.41260502707382
2016-03-06 22:00:00,101.7251772737033
2016-03-06 22:10:00,76.49628204847492
2016-03-06 22:20:00,69.05564391625013
2016-03-06 22:30:00,75.97117088789514
2016-03-06 22:40:00,60.98050582599997
2016-03-06 22:50:00,65.19113065015061
2016-03-06 23:00:00,59.247310043739425
2016-03-06 23:10:00,56.14255415598525
2016-03-06 23:20:00,56.331165256118595
2016-03-06 23:30:00,51.03596681593054
2016-03-06 23:40:00,53.70883060468228
2016-03-06 23:50:00,55.866048406532144
2016-03-07 00:00:00,58.03317042103685
2016-03-07 00:10:00,50.770006457572
2016-03-07 00:20:00,42.741120767322464
2016-03-07 00:30:00,49.461943863291715
2016-03-07 00:40:00,48.93326214725816
2016-03-07 00:50:00,51.24751380134975
2016-03-07 01:00:00,51.84966941591397
2016-03-07 01:10:00,49.452284418435205
2016-03-07 01:20:00,46.203879447167544
2016-03-07 01:30:00,44.679515695445986
2016-03-07 01:40:00,47.872754894367105
2016-03-07 01:50:00,47.934273439092166
2016-03-07 02:00:00,41.667944593086474
2016-03-07 02:10:00,45.318394949180124
2016-03-07 02:20:00,43.286205537167234
2016-03-07 02:30:00,46.593274500349985
2016-03-07 02:40:00,47.155794894257646
2016-03-07 02:50:00,47.38422254302857
2016-03-07 03:00:00,45.67179594475039
2016-03-07 03:10:00,35.44056023134145
2016-03-07 03:20:00,37.29564802469132
2016-03-07 03:30:00,49.73171341014129
2016-03-07 03:40:00,52.44466119993761
2016-03-07 03:50:00,53.387903109091155
2016-03-07 04:00:00,52.29460751874983
2016-03-07 04:10:00,53.741478670704886
2016-03-07 04:20:00,50.57577568929887
2016-03-07 04:30:00,42.807686938153914
2016-03-07 04:40:00,46.87694170312499
2016-03-07 04:50:00,46.679188901835
2016-03-07 05:00:00,45.63728027122481
2016-03-07 05:10:00,44.431003765387246
2016-03-07 05:20:00,47.98617146431286
2016-03-07 05:30:00,51.17856306893261
2016-03-07 05:40:00,43.828882053335384
2016-03-07 05:50:00,38.19766033167409
2016-03-07 06:00:00,39.09227798368711
2016-03-07 06:10:00,46.893466799320265
2016-03-07 06:20:00,54.29992667575789
2016-03-07 06:30:00,57.35361600183376
2016-03-07 06:40:00,54.242065977503415
2016-03-07 06:50:00,56.83279402874479
2016-03-07 07:00:00,54.30060550186298
2016-03-07 07:10:00,48.528759250082786
2016-03-07 07:20:00,55.77067682233628
2016-03-07 07:30:00,53.95382650306742
2016-03-07 07:40:00,54.75783547397337
2016-03-07 07:50:00,52.42734136631544
2016-03-07 08:00:00,63.189177756489656
2016-03-07 08:10:00,54.82269034808453
2016-03-07 08:20:00,46.435100689584516
2016-03-07 08:30:00,43.06928133127361
2016-03-07 08:40:00,125.37614162205914
2016-03-07 08:50:00,114.83039303456385
2016-03-07 09:00:00,81.24893716827553
2016-03-07 09:10:00,86.22304137091052
2016-03-07 09:20:00,73.95993896292214
2016-03-07 09:30:00,84.96706850454586
2016-03-07 09:40:00,94.75777422470408
2016-03-07 09:50:00,155.30124825736803
2016-03-07 10:00:00,264.2747747971213
2016-03-07 10:10:00,489.4794362338941
2016-03-07 10:20:00,413.07369122113937
2016-03-07 10:30:00,380.45236907799404
2016-03-07 10:40:00,340.41676888542196
2016-03-07 10:50:00,305.7921401495734
2016-03-07 11:00:00,289.5170711836697
2016-03-07 11:10:00,294.6561125779051
2016-03-07 11:20:00,193.93238213781729
2016-03-07 11:30:00,207.6092328268724
2016-03-07 11:40:00,308.3102295011373
2016-03-07 11:50:00,297.2006229567991
2016-03-07 12:00:00,332.94044334596583
2016-03-07 12:10:00,320.9120126385116
2016-03-07 12:20:00,194.82157022910488
2016-03-07 12:30:00,228.126380149497
2016-03-07 12:40:00,333.14267926524525
2016-03-07 12:50:00,189.4179249692798
2016-03-07 13:00:00,192.39446602430453
2016-03-07 13:10:00,212.34839369604387
2016-03-07 13:20:00,245.85048660900964
2016-03-07 13:30:00,214.1796139012234
2016-03-07 13:40:00,413.4379756313567
2016-03-07 13:50:00,362.97431735791855
2016-03-07 14:00:00,328.84699979598753
2016-03-07 14:10:00,282.8848249066732
2016-03-07 14:20:00,255.3574027476891
2016-03-07 14:30:00,192.57714055498073
2016-03-07 14:40:00,147.21030424873098
2016-03-07 14:50:00,173.7401270014524
2016-03-07 15:00:00,257.9130652917551
2016-03-07 15:10:00,152.64973329370136
2016-03-07 15:20:00,269.9989181311138
2016-03-07 15:30:00,284.0054940362889
2016-03-07 15:40:00,377.81879136485344
2016-03-07 15:50:00,255.83547790784627
2016-03-07 16:00:00,210.13780131469696
2016-03-07 16:10:00,250.0381630081912
2016-03-07 16:20:00,174.51305365004285
2016-03-07 16:30:00,129.64603048338077
2016-03-07 16:40:00,118.66697177693959
2016-03-07 16:50:00,115.62652740686224
2016-03-07 17:00:00,79.59041359270654
2016-03-07 17:10:00,80.79785771391582
2016-03-07 17:20:00,80.26783391826952
2016-03-07 17:30:00,71.47444506356382
2016-03-07 17:40:00,76.82698922383919
2016-03-07 17:50:00,82.44377854132482
2016-03-07 18:00:00,79.32661603311757
2016-03-07 18:10:00,95.93866161047245
2016-03-07 18:20:00,84.75297237944064
2016-03-07 18:30:00,81.92574064213443
2016-03-07 18:40:00,115.23595598061353
2016-03-07 18:50:00,111.32972958811061
2016-03-07 19:00:00,140.22224050201223
2016-03-07 19:10:00,155.44878622177595
2016-03-07 19:20:00,178.90073735890996
2016-03-07 19:30:00,155.82126215864318
2016-03-07 19:40:00,151.46080804088803
2016-03-07 19:50:00,131.86806561415372
2016-03-07 20:00:00,123.5173892098509
2016-03-07 20:10:00,128.89181201360753
2016-03-07 20:20:00,128.6208256536048
2016-03-07 20:30:00,131.42371301527547
2016-03-07 20:40:00,126.21184658073119
2016-03-07 20:50:00,123.895403778181
2016-03-07 21:00:00,121.28623082454928
2016-03-07 21:10:00,113.33268146885922
2016-03-07 21:20:00,99.30729811073464
2016-03-07 21:30:00,93.06241843231946
2016-03-07 21:40:00,96.4750820752131
2016-03-07 21:50:00,101.31247237384731
2016-03-07 22:00:00,97.48060094926629
2016-03-07 22:10:00,83.97057074142626
2016-03-07 22:20:00,81.059640060227
2016-03-07 22:30:00,76.96637633151018
2016-03-07 22:40:00,57.93788225331032
2016-03-07 22:50:00,56.20083521567497
2016-03-07 23:00:00,52.7055217792677
2016-03-07 23:10:00,62.33069446559298
2016-03-07 23:20:00,59.77208934535764
2016-03-07 23:30:00,53.20672347535325
2016-03-07 23:40:00,52.054868413361184
2016-03-07 23:50:00,53.350728585868545
2016-03-08 00:00:00,54.37259844603818
2016-03-08 00:10:00,53.24644575897462
2016-03-08 00:20:00,53.472279575875156
2016-03-08 00:30:00,50.36780354637486
2016-03-08 00:40:00,53.561861942105025
2016-03-08 00:50:00,53.50918535470371
2016-03-08 01:00:00,54.11962166962042
2016-03-08 01:10:00,52.94008983164846
2016-03-08 01:20:00,47.85145146535602
2016-03-08 01:30:00,51.10259715985978
2016-03-08 01:40:00,51.58972342509649
2016-03-08 01:50:00,53.30660315428179
2016-03-08 02:00:00,54.8842605148165
2016-03-08 02:10:00,53.33334499561274
2016-03-08 02:20:00,50.88745444460552
2016-03-08 02:30:00,49.25810171651932
2016-03-08 02:40:00,41.869720642409916
2016-03-08 02:50:00,37.01120243127314
2016-03-08 03:00:00,44.77433357000412
2016-03-08 03:10:00,46.81026774423883
2016-03-08 03:20:00,50.011808484939124
2016-03-08 03:30:00,51.99478391086407
2016-03-08 03:40:00,46.62248693143324
2016-03-08 03:50:00,38.58520967239604
2016-03-08 04:00:00,38.42715406421706
2016-03-08 04:10:00,42.540518488475996
2016-03-08 04:20:00,51.617798911728656
2016-03-08 04:30:00,53.271550669257174
2016-03-08 04:40:00,54.040573221440745
2016-03-08 04:50:00,52.00330669294787
2016-03-08 05:00:00,51.58599230034869
2016-03-08 05:10:00,47.13953307415546
2016-03-08 05:20:00,40.854061878175074
2016-03-08 05:30:00,48.56869143992755
2016-03-08 05:40:00,50.067632213273356
2016-03-08 05:50:00,51.63744289590182
2016-03-08 06:00:00,50.00850744645506
2016-03-08 06:10:00,45.50257424754723
2016-03-08 06:20:00,44.00357168055912
2016-03-08 06:30:00,46.45406717861528
2016-03-08 06:40:00,49.569949111014346
2016-03-08 06:50:00,46.07671285674435
2016-03-08 07:00:00,41.667327610650354
2016-03-08 07:10:00,42.76182805016826
2016-03-08 07:20:00,54.206938237419585
2016-03-08 07:30:00,61.7206115533203
2016-03-08 07:40:00,65.90950754066098
2016-03-08 07:50:00,62.24365262330539
2016-03-08 08:00:00,56.52786234768834
2016-03-08 08:10:00,62.199538864723344
2016-03-08 08:20:00,68.82548945451255
2016-03-08 08:30:00,66.4523533747971
2016-03-08 08:40:00,70.16374335378683
2016-03-08 08:50:00,73.66076445587777
2016-03-08 09:00:00,70.5538973636857
2016-03-08 09:10:00,58.07181457029727
2016-03-08 09:20:00,51.700078266637405
2016-03-08 09:30:00,67.63819912428619
2016-03-08 09:40:00,57.9682996250511
2016-03-08 09:50:00,50.044958373019405
2016-03-08 10:00:00,44.59409813691899
2016-03-08 10:10:00,52.4361141507268
2016-03-08 10:20:00,69.63072888992079
2016-03-08 10:30:00,60.239755433011624
2016-03-08 10:40:00,56.33463745172643
2016-03-08 10:50:00,50.91185120405336
2016-03-08 11:00:00,59.49174798584639
2016-03-08 11:10:00,56.802667310185946
2016-03-08 11:20:00,53.26397723410303
2016-03-08 11:30:00,59.26476864318402
2016-03-08 11:40:00,73.4362080928437
2016-03-08 11:50:00,57.77672739286333
2016-03-08 12:00:00,44.64380090128647
2016-03-08 12:10:00,47.93447755468568
2016-03-08 12:20:00,77.39701745166685
2016-03-08 12:30:00,85.99979824376685
2016-03-08 12:40:00,75.36303999714502
2016-03-08 12:50:00,62.24656456861029
2016-03-08 13:00:00,71.0490502777238
2016-03-08 13:10:00,76.53067459586848
2016-03-08 13:20:00,98.15638638909257
2016-03-08 13:30:00,87.06952796484154
2016-03-08 13:40:00,70.10999093141011
2016-03-08 13:50:00,68.06920645315886
2016-03-08 14:00:00,67.54046582662869
2016-03-08 14:10:00,71.24810450687637
2016-03-08 14:20:00,66.4508776013355
2016-03-08 14:30:00,49.82524364544245
2016-03-08 14:40:00,46.96804230944437
2016-03-08 14:50:00,49.70850380348287
2016-03-08 15:00:00,44.86159364366043
2016-03-08 15:10:00,53.738772385740546
2016-03-08 15:20:00,56.05316095191687
2016-03-08 15:30:00,57.39480194476318
2016-03-08 15:40:00,57.32191239290394
2016-03-08 15:50:00,53.68538623745861
2016-03-08 16:00:00,57.531533091724036
2016-03-08 16:10:00,45.61184217388223
2016-03-08 16:20:00,44.529031522968566
2016-03-08 16:30:00,52.26075411223293
2016-03-08 16:40:00,49.52535641882948
2016-03-08 16:50:00,48.58686220980897
2016-03-08 17:00:00,45.517083771762586
2016-03-08 17:10:00,47.204278203852624
2016-03-08 17:20:00,38.925837042508014
2016-03-08 17:30:00,38.64561193406852
2016-03-08 17:40:00,41.54398182880362
2016-03-08 17:50:00,50.58326082688971
2016-03-08 18:00:00,62.047325803240916
2016-03-08 18:10:00,96.78343805576561
2016-03-08 18:20:00,155.31797672314636
2016-03-08 18:30:00,203.5716613355056
2016-03-08 18:40:00,214.33856626074729
2016-03-08 18:50:00,288.1227172606259
2016-03-08 19:00:00,213.02983706861278
2016-03-08 19:10:00,185.73631327870345
2016-03-08 19:20:00,123.65927287625027
2016-03-08 19:30:00,119.26001731270452
2016-03-08 19:40:00,120.19345194080596
2016-03-08 19:50:00,126.266295549984
2016-03-08 20:00:00,119.04120978227037
2016-03-08 20:10:00,107.20981777532927
2016-03-08 20:20:00,111.8898708279486
2016-03-08 20:30:00,103.95072218872902
2016-03-08 20:40:00,99.47756307314958
2016-03-08 20:50:00,95.51912921126379
2016-03-08 21:00:00,102.41789721612201
2016-03-08 21:10:00,94.24408783676084
2016-03-08 21:20:00,99.52154963646235
2016-03-08 21:30:00,87.71194524077696
2016-03-08 21:40:00,83.57333701805861
2016-03-08 21:50:00,87.18239968895723
2016-03-08 22:00:00,82.49147660607963
2016-03-08 22:10:00,75.78387923489312
2016-03-08 22:20:00,72.50808024420319
2016-03-08 22:30:00,60.28209468814019
2016-03-08 22:40:00,44.489187513951656
2016-03-08 22:50:00,42.7386325207953
2016-03-08 23:00:00,49.455162615312084
2016-03-08 23:10:00,53.2434654974701
2016-03-08 23:20:00,53.43340608564648
2016-03-08 23:30:00,44.23471841974869
2016-03-08 23:40:00,42.52724519766022
2016-03-08 23:50:00,48.25128364242457
2016-03-09 00:00:00,51.49171372509502
2016-03-09 00:10:00,50.95073074426385
2016-03-09 00:20:00,51.27262391490994
2016-03-09 00:30:00,50.81893153371716
2016-03-09 00:40:00,49.57805982199494
2016-03-09 00:50:00,49.971888158538796
2016-03-09 01:00:00,48.92454084555905
2016-03-09 01:10:00,47.17677773248954
2016-03-09 01:20:00,46.250090415025156
2016-03-09 01:30:00,45.316462951601196
2016-03-09 01:40:00,44.222256240903256
2016-03-09 01:50:00,43.365924488627925
2016-03-09 02:00:00,39.14046215392435
2016-03-09 02:10:00,40.19976197378762
2016-03-09 02:20:00,40.55881075969157
2016-03-09 02:30:00,44.34157282569108
2016-03-09 02:40:00,47.26595617881621
2016-03-09 02:50:00,50.089345983343385
2016-03-09 03:00:00,51.20887880790194
2016-03-09 03:10:00,49.5947434058135
2016-03-09 03:20:00,42.189747995124144
2016-03-09 03:30:00,40.56329170044404
2016-03-09 03:40:00,50.353776144851516
2016-03-09 03:50:00,50.41683873784979
2016-03-09 04:00:00,47.40028822244109
2016-03-09 04:10:00,48.33505198745005
2016-03-09 04:20:00,39.78059593427037
2016-03-09 04:30:00,42.68875672263687
2016-03-09 04:40:00,42.50487049246555
2016-03-09 04:50:00,48.55677553573458
2016-03-09 05:00:00,46.268288148891465
2016-03-09 05:10:00,48.09841371363463
2016-03-09 05:20:00,47.99001694220739
2016-03-09 05:30:00,41.45289212835124
2016-03-09 05:40:00,37.616300176983415
2016-03-09 05:50:00,42.984536821966024
2016-03-09 06:00:00,54.08763656118412
2016-03-09 06:10:00,57.90712136004659
2016-03-09 06:20:00,54.843196952723076
2016-03-09 06:30:00,55.3340454842599
2016-03-09 06:40:00,57.02746840793221
2016-03-09 06:50:00,53.56021682337964
2016-03-09 07:00:00,51.35859611823396
2016-03-09 07:10:00,47.17282385617747
2016-03-09 07:20:00,53.266705316748734
2016-03-09 07:30:00,67.82672451129842
2016-03-09 07:40:00,56.78632715082293
2016-03-09 07:50:00,56.07618853636626
2016-03-09 08:00:00,57.12669008125667
2016-03-09 08:10:00,61.68768586608089
2016-03-09 08:20:00,65.77321360306796
2016-03-09 08:30:00,47.7315764911385
2016-03-09 08:40:00,50.279377708871294
2016-03-09 08:50:00,212.26531666935617
2016-03-09 09:00:00,84.78667886054295
2016-03-09 09:10:00,214.15639828074663
2016-03-09 09:20:00,131.04587626858034
2016-03-09 09:30:00,161.3708372639985
2016-03-09 09:40:00,121.31362770618796
2016-03-09 09:50:00,101.76510586431289
2016-03-09 10:00:00,112.54860602470146
2016-03-09 10:10:00,166.14391270770267
2016-03-09 10:20:00,172.7601220051032
2016-03-09 10:30:00,194.78706486336282
2016-03-09 10:40:00,135.9484149711627
2016-03-09 10:50:00,64.78767127824904
2016-03-09 11:00:00,71.00067339732574
2016-03-09 11:10:00,63.89867040037562
2016-03-09 11:20:00,54.26003337205067
2016-03-09 11:30:00,53.53619702183732
2016-03-09 11:40:00,46.442491874775605
2016-03-09 11:50:00,49.91964620786572
2016-03-09 12:00:00,59.681371553251076
2016-03-09 12:10:00,60.30186221175603
2016-03-09 12:20:00,67.5534631072314
2016-03-09 12:30:00,51.167928431123016
2016-03-09 12:40:00,44.7556476356114
2016-03-09 12:50:00,50.97824828634972
2016-03-09 13:00:00,52.47177198737397
2016-03-09 13:10:00,45.4421589083505
2016-03-09 13:20:00,48.61988442604617
2016-03-09 13:30:00,51.2341384317933
2016-03-09 13:40:00,68.66686488963015
2016-03-09 13:50:00,78.1151895121403
2016-03-09 14:00:00,81.24429186468832
2016-03-09 14:10:00,87.37020361224269
2016-03-09 14:20:00,81.31857790663993
2016-03-09 14:30:00,72.71702597165873
2016-03-09 14:40:00,84.21002804465073
2016-03-09 14:50:00,124.01680294331196
2016-03-09 15:00:00,107.31193051410605
2016-03-09 15:10:00,102.00582602551938
2016-03-09 15:20:00,102.74081211001129
2016-03-09 15:30:00,106.61535269445369
2016-03-09 15:40:00,105.7827765571462
2016-03-09 15:50:00,113.0596954935282
2016-03-09 16:00:00,125.96062809887948
2016-03-09 16:10:00,131.7301521183911
2016-03-09 16:20:00,109.05018657257202
2016-03-09 16:30:00,115.8183185561788
2016-03-09 16:40:00,123.77628861952901
2016-03-09 16:50:00,112.708938614418
2016-03-09 17:00:00,108.85559363281135
2016-03-09 17:10:00,104.52891257745391
2016-03-09 17:20:00,121.18577630813418
2016-03-09 17:30:00,126.36276561372387
2016-03-09 17:40:00,127.82335651094266
2016-03-09 17:50:00,152.1101007800806
2016-03-09 18:00:00,132.224235712812
2016-03-09 18:10:00,114.04255424435274
2016-03-09 18:20:00,113.40156285252343
2016-03-09 18:30:00,128.6890356837013
2016-03-09 18:40:00,156.17928869471248
2016-03-09 18:50:00,167.87250496030683
2016-03-09 19:00:00,176.54043608267267
2016-03-09 19:10:00,193.9470495378855
2016-03-09 19:20:00,126.5555147269213
2016-03-09 19:30:00,126.74211056369374
2016-03-09 19:40:00,124.58821716111385
2016-03-09 19:50:00,123.8441265383295
2016-03-09 20:00:00,125.21601221573002
2016-03-09 20:10:00,123.47150847413472
2016-03-09 20:20:00,128.01584566405592
2016-03-09 20:30:00,126.320353075493
2016-03-09 20:40:00,118.9530873064617
2016-03-09 20:50:00,115.36265717748928
2016-03-09 21:00:00,109.98185052503742
2016-03-09 21:10:00,103.62955672056323
2016-03-09 21:20:00,102.96030357075385
2016-03-09 21:30:00,87.74382694556847
2016-03-09 21:40:00,89.46434550545827
2016-03-09 21:50:00,88.70998650718394
2016-03-09 22:00:00,90.53544571980093
2016-03-09 22:10:00,79.78942367536789
2016-03-09 22:20:00,73.41479971350202
2016-03-09 22:30:00,71.51574753423091
2016-03-09 22:40:00,47.96828306320924
2016-03-09 22:50:00,46.11350768233084
2016-03-09 23:00:00,54.5695137831835
2016-03-09 23:10:00,56.19969109894398
2016-03-09 23:20:00,56.962634342752274
2016-03-09 23:30:00,55.582472169985074
2016-03-09 23:40:00,55.375887665163646
2016-03-09 23:50:00,56.58660273496365
2016-03-10 00:00:00,55.325812793040136
2016-03-10 00:10:00,53.981144783870384
2016-03-10 00:20:00,53.363295078464255
2016-03-10 00:30:00,55.57811837810639
2016-03-10 00:40:00,54.7188093126036
2016-03-10 00:50:00,52.52204378740753
2016-03-10 01:00:00,51.41803220498774
2016-03-10 01:10:00,51.04190613795075
2016-03-10 01:20:00,46.905085527279034
2016-03-10 01:30:00,44.26743539331599
2016-03-10 01:40:00,47.8148021990451
2016-03-10 01:50:00,51.43492486027014
2016-03-10 02:00:00,55.781365512701115
2016-03-10 02:10:00,54.65951200508943
2016-03-10 02:20:00,45.49358774487551
2016-03-10 02:30:00,43.99652649791788
2016-03-10 02:40:00,41.4812411290832
2016-03-10 02:50:00,47.90309263588687
2016-03-10 03:00:00,49.94078708885407
2016-03-10 03:10:00,48.15997609646289
2016-03-10 03:20:00,49.45389185912213
2016-03-10 03:30:00,39.73095728677952
2016-03-10 03:40:00,41.877974342841455
2016-03-10 03:50:00,41.7875327341583
2016-03-10 04:00:00,44.21042250636549
2016-03-10 04:10:00,38.05689580876772
2016-03-10 04:20:00,44.40158449136355
2016-03-10 04:30:00,52.29630128311349
2016-03-10 04:40:00,52.186367083233804
2016-03-10 04:50:00,51.71705553366011
2016-03-10 05:00:00,49.64566816798479
2016-03-10 05:10:00,42.49767112992965
2016-03-10 05:20:00,46.2139822987726
2016-03-10 05:30:00,44.637931829610636
2016-03-10 05:40:00,48.33426608374087
2016-03-10 05:50:00,48.8680687866558
2016-03-10 06:00:00,46.892972124032795
2016-03-10 06:10:00,44.371838199548534
2016-03-10 06:20:00,43.84461518483612
2016-03-10 06:30:00,40.87666056507985
2016-03-10 06:40:00,43.576629837767484
2016-03-10 06:50:00,44.31438059328488
2016-03-10 07:00:00,42.74374122464852
2016-03-10 07:10:00,50.4121328583096
2016-03-10 07:20:00,54.8483594467829
2016-03-10 07:30:00,65.13169916723533
2016-03-10 07:40:00,53.781410014803996
2016-03-10 07:50:00,55.40862188131599
2016-03-10 08:00:00,54.36332849497005
2016-03-10 08:10:00,61.17194348417776
2016-03-10 08:20:00,62.13096119905003
2016-03-10 08:30:00,54.76134418484381
2016-03-10 08:40:00,65.43216411009615
2016-03-10 08:50:00,73.85022879427028
2016-03-10 09:00:00,60.45929212888353
2016-03-10 09:10:00,57.13561555481895
2016-03-10 09:20:00,48.22378813247802
2016-03-10 09:30:00,59.989615162169514
2016-03-10 09:40:00,70.6442781418281
2016-03-10 09:50:00,70.02538251011799
2016-03-10 10:00:00,72.75711379050315
2016-03-10 10:10:00,98.6922385716856
2016-03-10 10:20:00,79.95187461149281
2016-03-10 10:30:00,68.3437605986301
2016-03-10 10:40:00,60.0143612392018
2016-03-10 10:50:00,66.23726858715035
2016-03-10 11:00:00,66.10998254922035
2016-03-10 11:10:00,62.87910970916015
2016-03-10 11:20:00,95.71421788740277
2016-03-10 11:30:00,145.05700789715166
2016-03-10 11:40:00,126.71426386701265
2016-03-10 11:50:00,121.63142056821539
2016-03-10 12:00:00,122.35808410963722
2016-03-10 12:10:00,101.46795182801698
2016-03-10 12:20:00,94.51599177386869
2016-03-10 12:30:00,62.89038675136494
2016-03-10 12:40:00,63.32857625325576
2016-03-10 12:50:00,64.55328529722296
2016-03-10 13:00:00,68.38635227397405
2016-03-10 13:10:00,63.99573688873666
2016-03-10 13:20:00,65.90915535197229
2016-03-10 13:30:00,72.13209314387352
2016-03-10 13:40:00,73.26548582963284
2016-03-10 13:50:00,119.71260602578734
2016-03-10 14:00:00,80.71151895729479
2016-03-10 14:10:00,76.29158793077913
2016-03-10 14:20:00,72.99174526308171
2016-03-10 14:30:00,64.07579098047893
2016-03-10 14:40:00,60.394672217869314
2016-03-10 14:50:00,51.135811766254626
2016-03-10 15:00:00,62.612463410666074
2016-03-10 15:10:00,63.3792328852916
2016-03-10 15:20:00,62.69856919104702
2016-03-10 15:30:00,53.70142757868221
2016-03-10 15:40:00,55.94871964904777
2016-03-10 15:50:00,50.41586239583315
2016-03-10 16:00:00,54.81805242624798
2016-03-10 16:10:00,68.61337786601729
2016-03-10 16:20:00,88.65777062006168
2016-03-10 16:30:00,90.32389671221253
2016-03-10 16:40:00,93.61561966596103
2016-03-10 16:50:00,106.12629203913373
2016-03-10 17:00:00,97.96493577391017
2016-03-10 17:10:00,111.43801255877493
2016-03-10 17:20:00,135.50021465566527
2016-03-10 17:30:00,158.9954463649186
2016-03-10 17:40:00,166.1517745678739
2016-03-10 17:50:00,263.71517320261364
2016-03-10 18:00:00,240.03517968637863
2016-03-10 18:10:00,257.8950250954204
2016-03-10 18:20:00,216.5780655177112
2016-03-10 18:30:00,212.59635952651985
2016-03-10 18:40:00,240.62351474373338
2016-03-10 18:50:00,214.17246773646937
2016-03-10 19:00:00,130.47786664508808
2016-03-10 19:10:00,136.3739035758385
2016-03-10 19:20:00,144.53318383867438
2016-03-10 19:30:00,146.31375168224702
2016-03-10 19:40:00,147.08463000572561
2016-03-10 19:50:00,128.08912693231278
2016-03-10 20:00:00,130.13754981883224
2016-03-10 20:10:00,128.11792482419386
2016-03-10 20:20:00,122.07276440035206
2016-03-10 20:30:00,123.84299081000513
2016-03-10 20:40:00,120.49155682863925
2016-03-10 20:50:00,119.4835217053641
2016-03-10 21:00:00,116.59895235231363
2016-03-10 21:10:00,102.39688508738747
2016-03-10 21:20:00,105.88690982090769
2016-03-10 21:30:00,99.90757257803422
2016-03-10 21:40:00,94.06190931841438
2016-03-10 21:50:00,71.53233173195851
2016-03-10 22:00:00,60.62741771465154
2016-03-10 22:10:00,65.38253577502313
2016-03-10 22:20:00,57.90205752879879
2016-03-10 22:30:00,55.519433343275836
2016-03-10 22:40:00,51.60838093030788
2016-03-10 22:50:00,46.38024556800839
2016-03-10 23:00:00,50.87403936284902
2016-03-10 23:10:00,49.441783198462815
2016-03-10 23:20:00,52.05062167265448
2016-03-10 23:30:00,41.881292621483205
2016-03-10 23:40:00,44.0362431310645
2016-03-10 23:50:00,50.43045635186333
2016-03-11 00:00:00,53.42012941713666
2016-03-11 00:10:00,54.311990811140646
2016-03-11 00:20:00,51.178809737003746
2016-03-11 00:30:00,51.79458216926112
2016-03-11 00:40:00,52.28228065309191
2016-03-11 00:50:00,53.44558723125316
2016-03-11 01:00:00,51.486425731025015
2016-03-11 01:10:00,49.48885533611867
2016-03-11 01:20:00,45.089352385095836
2016-03-11 01:30:00,49.07708239445266
2016-03-11 01:40:00,50.83133166004157
2016-03-11 01:50:00,49.412221182275985
2016-03-11 02:00:00,50.30583035839967
2016-03-11 02:10:00,41.45004207989985
2016-03-11 02:20:00,37.04817980333956
2016-03-11 02:30:00,38.750000072858036
2016-03-11 02:40:00,52.378239958766265
2016-03-11 02:50:00,55.47808928004207
2016-03-11 03:00:00,54.41010650003769
2016-03-11 03:10:00,53.14560122059445
2016-03-11 03:20:00,51.75801359553777
2016-03-11 03:30:00,54.839068632019455
2016-03-11 03:40:00,48.20277929562972
2016-03-11 03:50:00,50.90021322235124
2016-03-11 04:00:00,45.9809235547295
2016-03-11 04:10:00,43.45923966154714
2016-03-11 04:20:00,52.16743278374242
2016-03-11 04:30:00,49.01840502363501
2016-03-11 04:40:00,44.49842993723443
2016-03-11 04:50:00,39.9504098191978
2016-03-11 05:00:00,40.82444993052717
2016-03-11 05:10:00,54.319764355648886
2016-03-11 05:20:00,56.4905491167545
2016-03-11 05:30:00,55.062234834769576
2016-03-11 05:40:00,53.52580858477158
2016-03-11 05:50:00,52.41253087742325
2016-03-11 06:00:00,52.659980298417565
2016-03-11 06:10:00,52.08487294055899
2016-03-11 06:20:00,51.88558720105789
2016-03-11 06:30:00,46.41287942026484
2016-03-11 06:40:00,49.99524060200038
2016-03-11 06:50:00,52.27378496845134
2016-03-11 07:00:00,42.16761022677247
2016-03-11 07:10:00,43.01998853177202
2016-03-11 07:20:00,53.23280642293152
2016-03-11 07:30:00,65.76651076764344
2016-03-11 07:40:00,61.55007141476001
2016-03-11 07:50:00,56.19348236403202
2016-03-11 08:00:00,72.69745916593028
2016-03-11 08:10:00,71.66717905045395
2016-03-11 08:20:00,134.38589228355292
2016-03-11 08:30:00,83.63834617624079
2016-03-11 08:40:00,133.03245162680437
2016-03-11 08:50:00,95.26514818111622
2016-03-11 09:00:00,113.157260376181
2016-03-11 09:10:00,106.40877707913249
2016-03-11 09:20:00,88.23666935239754
2016-03-11 09:30:00,131.17233549169447
2016-03-11 09:40:00,179.54344227390598
2016-03-11 09:50:00,165.7733910358892
2016-03-11 10:00:00,160.26479340714695
2016-03-11 10:10:00,106.43936231525912
2016-03-11 10:20:00,68.38119932034662
2016-03-11 10:30:00,65.97816123654255
2016-03-11 10:40:00,54.46243748986801
2016-03-11 10:50:00,57.44448378329812
2016-03-11 11:00:00,46.91783588066416
2016-03-11 11:10:00,44.75919224982421
2016-03-11 11:20:00,49.017753284667826
2016-03-11 11:30:00,49.48039194507064
2016-03-11 11:40:00,60.38108143452843
2016-03-11 11:50:00,60.64858113597623
2016-03-11 12:00:00,58.846351645962265
2016-03-11 12:10:00,53.19062592336609
2016-03-11 12:20:00,72.83765549878844
2016-03-11 12:30:00,77.89536880362455
2016-03-11 12:40:00,58.02948631962963
2016-03-11 12:50:00,46.86050976834702
2016-03-11 13:00:00,44.196437258656196
2016-03-11 13:10:00,65.73948079450398
2016-03-11 13:20:00,54.89935554872153
2016-03-11 13:30:00,53.399923876644856
2016-03-11 13:40:00,60.04108271214277
2016-03-11 13:50:00,52.60814780961806
2016-03-11 14:00:00,53.850732143991046
2016-03-11 14:10:00,52.00066423126076
2016-03-11 14:20:00,51.58623462740025
2016-03-11 14:30:00,56.567717645042066
2016-03-11 14:40:00,50.31996290947707
2016-03-11 14:50:00,47.85941659890536
2016-03-11 15:00:00,48.40347551961382
2016-03-11 15:10:00,52.30148241900852
2016-03-11 15:20:00,54.956564257011216
2016-03-11 15:30:00,40.84492973604249
2016-03-11 15:40:00,48.25564889326591
2016-03-11 15:50:00,52.75882693744054
2016-03-11 16:00:00,58.361716240952134
2016-03-11 16:10:00,59.15455332951103
2016-03-11 16:20:00,50.374236008388195
2016-03-11 16:30:00,53.79001444050949
2016-03-11 16:40:00,56.2247464691018
2016-03-11 16:50:00,53.18730538219957
2016-03-11 17:00:00,50.262089590257894
2016-03-11 17:10:00,50.35191155408285
2016-03-11 17:20:00,51.784042152029734
2016-03-11 17:30:00,49.27297417737144
2016-03-11 17:40:00,51.30501394356218
2016-03-11 17:50:00,67.7257645526658
2016-03-11 18:00:00,69.69930326217967
2016-03-11 18:10:00,73.79087692383399
2016-03-11 18:20:00,141.21017493743508
2016-03-11 18:30:00,142.6825193077452
2016-03-11 18:40:00,138.00094428722753
2016-03-11 18:50:00,127.74942310850687
2016-03-11 19:00:00,116.7372930475208
2016-03-11 19:10:00,175.96247365534109
2016-03-11 19:20:00,144.01855470217942
2016-03-11 19:30:00,111.3161915119607
2016-03-11 19:40:00,110.1154571516408
2016-03-11 19:50:00,118.98558107463573
2016-03-11 20:00:00,121.48943138992577
2016-03-11 20:10:00,118.0535509682235
2016-03-11 20:20:00,123.09381558745052
2016-03-11 20:30:00,134.58217082241197
2016-03-11 20:40:00,133.83551086006182
2016-03-11 20:50:00,121.41805834713395
2016-03-11 21:00:00,91.74736225201657
2016-03-11 21:10:00,84.11629969373412
2016-03-11 21:20:00,77.76564673910362
2016-03-11 21:30:00,83.07244521185872
2016-03-11 21:40:00,80.52293731428786
2016-03-11 21:50:00,73.29912379459984
2016-03-11 22:00:00,80.55719557669629
2016-03-11 22:10:00,74.39563968096296
2016-03-11 22:20:00,67.4194696199772
2016-03-11 22:30:00,53.81800367486985
2016-03-11 22:40:00,43.23342441756795
2016-03-11 22:50:00,41.29153398724905
2016-03-11 23:00:00,45.12045218610397
2016-03-11 23:10:00,51.70319984757843
2016-03-11 23:20:00,56.471214934234084
2016-03-11 23:30:00,54.27073186059478
2016-03-11 23:40:00,51.371173235987506
2016-03-11 23:50:00,45.616145708230896
2016-03-12 00:00:00,49.107461068031185
2016-03-12 00:10:00,52.34428892579628
2016-03-12 00:20:00,50.43676384043141
2016-03-12 00:30:00,50.75401676075378
2016-03-12 00:40:00,50.47125722664875
2016-03-12 00:50:00,49.3069149552541
2016-03-12 01:00:00,39.400569338171024
2016-03-12 01:10:00,37.035860090896115
2016-03-12 01:20:00,48.563504952397984
2016-03-12 01:30:00,55.06118364489711
2016-03-12 01:40:00,54.24453927515459
2016-03-12 01:50:00,55.12369241254554
2016-03-12 02:00:00,53.27927071067862
2016-03-12 02:10:00,53.57470055715171
2016-03-12 02:20:00,50.90536792421387
2016-03-12 02:30:00,43.62710085227764
2016-03-12 02:40:00,48.16194663243878
2016-03-12 02:50:00,47.923293275145966
2016-03-12 03:00:00,51.70061003194775
2016-03-12 03:10:00,45.07598482081634
2016-03-12 03:20:00,45.1298888404369
2016-03-12 03:30:00,42.70370775800489
2016-03-12 03:40:00,48.345926573578666
2016-03-12 03:50:00,52.332715409039665
2016-03-12 04:00:00,52.01974765876752
2016-03-12 04:10:00,46.52277409011299
2016-03-12 04:20:00,47.891666919474474
2016-03-12 04:30:00,53.34746732225712
2016-03-12 04:40:00,51.354627651541406
2016-03-12 04:50:00,51.19585753260314
2016-03-12 05:00:00,41.859912284953886
2016-03-12 05:10:00,44.98132024419381
2016-03-12 05:20:00,49.52870848897338
2016-03-12 05:30:00,41.90476808695675
2016-03-12 05:40:00,41.97976869493058
2016-03-12 05:50:00,44.06606121863344
2016-03-12 06:00:00,55.21787436692579
2016-03-12 06:10:00,59.34931212526866
2016-03-12 06:20:00,57.10395652255078
2016-03-12 06:30:00,53.42113686444685
2016-03-12 06:40:00,55.56480509144903
2016-03-12 06:50:00,54.42949376147135
2016-03-12 07:00:00,55.77209539954549
2016-03-12 07:10:00,55.38762539638341
2016-03-12 07:20:00,56.91652214613617
2016-03-12 07:30:00,52.47729734255632
2016-03-12 07:40:00,48.62606055001588
2016-03-12 07:50:00,45.666636338653696
2016-03-12 08:00:00,48.8904200354743
2016-03-12 08:10:00,54.82871589780661
2016-03-12 08:20:00,56.088946344289795
2016-03-12 08:30:00,62.14820180271267
2016-03-12 08:40:00,75.89167091310429
2016-03-12 08:50:00,73.32754864732759
2016-03-12 09:00:00,65.02092888200718
2016-03-12 09:10:00,67.41200294887453
2016-03-12 09:20:00,72.96925303689625
2016-03-12 09:30:00,73.47755787221388
2016-03-12 09:40:00,65.84311488282614
2016-03-12 09:50:00,67.34952183824218
2016-03-12 10:00:00,60.870001250504664
2016-03-12 10:10:00,71.7069411933472
2016-03-12 10:20:00,72.47672131366677
2016-03-12 10:30:00,69.55054428342049
2016-03-12 10:40:00,73.35663717884577
2016-03-12 10:50:00,76.555497732038
2016-03-12 11:00:00,69.7026276547932
2016-03-12 11:10:00,78.50846561708646
2016-03-12 11:20:00,94.29035418164909
2016-03-12 11:30:00,96.72143348099921
2016-03-12 11:40:00,90.27197966596744
2016-03-12 11:50:00,84.49014576071298
2016-03-12 12:00:00,79.06517765406205
2016-03-12 12:10:00,173.86926244093212
2016-03-12 12:20:00,146.4464213123009
2016-03-12 12:30:00,142.7073850951995
2016-03-12 12:40:00,190.39848649197893
2016-03-12 12:50:00,158.71083884489184
2016-03-12 13:00:00,130.22148683189968
2016-03-12 13:10:00,111.66023986622932
2016-03-12 13:20:00,117.8859279221825
2016-03-12 13:30:00,131.4068852966978
2016-03-12 13:40:00,127.7176239808071
2016-03-12 13:50:00,111.38460807729304
2016-03-12 14:00:00,123.51789375948164
2016-03-12 14:10:00,129.33099264223577
2016-03-12 14:20:00,132.0998684970827
2016-03-12 14:30:00,122.93372742071202
2016-03-12 14:40:00,137.28397748327333
2016-03-12 14:50:00,157.71384487417518
2016-03-12 15:00:00,121.61199403333407
2016-03-12 15:10:00,97.82867866461116
2016-03-12 15:20:00,93.4710003442149
2016-03-12 15:30:00,96.37197917564318
2016-03-12 15:40:00,89.62442591051465
2016-03-12 15:50:00,85.02647952968832
2016-03-12 16:00:00,90.89923146817824
2016-03-12 16:10:00,80.03520311654769
2016-03-12 16:20:00,71.68019193900676
2016-03-12 16:30:00,79.55997288798862
2016-03-12 16:40:00,79.02256425111388
2016-03-12 16:50:00,80.76190192464163
2016-03-12 17:00:00,76.88869119179132
2016-03-12 17:10:00,74.41238538363142
2016-03-12 17:20:00,81.59255744413294
2016-03-12 17:30:00,79.86250324029504
2016-03-12 17:40:00,93.64349252407607
2016-03-12 17:50:00,113.0726552173734
2016-03-12 18:00:00,112.34677795403212
2016-03-12 18:10:00,115.48872829726321
2016-03-12 18:20:00,123.72642781741747
2016-03-12 18:30:00,105.3690697859592
2016-03-12 18:40:00,123.15674472903217
2016-03-12 18:50:00,137.14904746325402
2016-03-12 19:00:00,149.833945088955
2016-03-12 19:10:00,253.60798187577925
2016-03-12 19:20:00,210.0565744402688
2016-03-12 19:30:00,216.46400167084403
2016-03-12 19:40:00,155.72192748160825
2016-03-12 19:50:00,149.1373108263264
2016-03-12 20:00:00,136.0481463712068
2016-03-12 20:10:00,147.1183304201385
2016-03-12 20:20:00,127.71954663835726
2016-03-12 20:30:00,140.12802110960922
2016-03-12 20:40:00,210.96369754668382
2016-03-12 20:50:00,166.54438098311547
2016-03-12 21:00:00,223.98490321778903
2016-03-12 21:10:00,134.07894535125124
2016-03-12 21:20:00,132.0986788146781
2016-03-12 21:30:00,130.70524026488758
2016-03-12 21:40:00,126.40806205570718
2016-03-12 21:50:00,142.9070151898368
2016-03-12 22:00:00,115.40040684144418
2016-03-12 22:10:00,100.08571507082601
2016-03-12 22:20:00,93.96144002546012
2016-03-12 22:30:00,84.1398580356502
2016-03-12 22:40:00,80.01402603078944
2016-03-12 22:50:00,70.3650763006329
2016-03-12 23:00:00,60.845163656620535
2016-03-12 23:10:00,64.88027213762803
2016-03-12 23:20:00,57.28820681696568
2016-03-12 23:30:00,52.17557140376082
2016-03-12 23:40:00,51.54200129523503
2016-03-12 23:50:00,42.81812821882552
2016-03-13 00:00:00,48.43029182099931
2016-03-13 00:10:00,49.84632513313751
2016-03-13 00:20:00,50.726206953151916
2016-03-13 00:30:00,55.78085009076186
2016-03-13 00:40:00,55.80102496412477
2016-03-13 00:50:00,54.09935560258401
2016-03-13 01:00:00,49.60749592934492
2016-03-13 01:10:00,48.08706326373345
2016-03-13 01:20:00,52.491813413421355
2016-03-13 01:30:00,51.801042272788195
2016-03-13 01:40:00,50.4769439564038
2016-03-13 01:50:00,52.341968512001856
2016-03-13 02:00:00,50.20526199551683
2016-03-13 02:10:00,42.88467908608099
2016-03-13 02:20:00,44.02442229967935
2016-03-13 02:30:00,49.27202754431333
2016-03-13 02:40:00,48.13027139368318
2016-03-13 02:50:00,53.005313639515016
2016-03-13 03:00:00,55.296844587048916
2016-03-13 03:10:00,52.682655574444446
2016-03-13 03:20:00,52.84026824517206
2016-03-13 03:30:00,52.81491495767807
2016-03-13 03:40:00,48.50813750365567
2016-03-13 03:50:00,50.663243119720555
2016-03-13 04:00:00,49.34649449049764
2016-03-13 04:10:00,48.4944232806383
2016-03-13 04:20:00,49.01346751770152
2016-03-13 04:30:00,45.86217210931444
2016-03-13 04:40:00,46.44936584348268
2016-03-13 04:50:00,52.02187501675233
2016-03-13 05:00:00,47.81866525400212
2016-03-13 05:10:00,52.44425355999141
2016-03-13 05:20:00,56.214966432576766
2016-03-13 05:30:00,50.89692891334667
2016-03-13 05:40:00,54.42932861307401
2016-03-13 05:50:00,56.18173589559821
2016-03-13 06:00:00,53.08547284579047
2016-03-13 06:10:00,57.21453335825696
2016-03-13 06:20:00,54.42854251344817
2016-03-13 06:30:00,52.46509176482065
2016-03-13 06:40:00,52.92716913881988
2016-03-13 06:50:00,54.124955968688006
2016-03-13 07:00:00,46.84005427485388
2016-03-13 07:10:00,51.33466508702371
2016-03-13 07:20:00,55.90466868319957
2016-03-13 07:30:00,55.842628009491385
2016-03-13 07:40:00,59.11202115919052
2016-03-13 07:50:00,62.12654489056718
2016-03-13 08:00:00,59.30341289268059
2016-03-13 08:10:00,58.07169958328126
2016-03-13 08:20:00,60.177317863599754
2016-03-13 08:30:00,67.30992202700268
2016-03-13 08:40:00,69.86727733100768
2016-03-13 08:50:00,70.52932856078243
2016-03-13 09:00:00,72.43589191547876
2016-03-13 09:10:00,64.97336239423359
2016-03-13 09:20:00,70.47190733424596
2016-03-13 09:30:00,72.27233061660226
2016-03-13 09:40:00,55.37211298251148
2016-03-13 09:50:00,73.13468901889567
2016-03-13 10:00:00,83.40507137908763
2016-03-13 10:10:00,77.80641524413701
2016-03-13 10:20:00,76.1495913912281
2016-03-13 10:30:00,75.89445979926252
2016-03-13 10:40:00,81.44205731251039
2016-03-13 10:50:00,92.12095285335585
2016-03-13 11:00:00,92.08201470394172
2016-03-13 11:10:00,96.63374015179987
2016-03-13 11:20:00,100.8793596197128
2016-03-13 11:30:00,104.5115959283053
2016-03-13 11:40:00,98.23829570850641
2016-03-13 11:50:00,83.41648177655057
2016-03-13 12:00:00,89.36634440882713
2016-03-13 12:10:00,86.24799471935538
2016-03-13 12:20:00,83.42002903017826
2016-03-13 12:30:00,79.3926969381377
2016-03-13 12:40:00,73.31341881393871
2016-03-13 12:50:00,69.58582129936973
2016-03-13 13:00:00,58.84880521970112
2016-03-13 13:10:00,60.626030825239205
2016-03-13 13:20:00,64.94171279307885
2016-03-13 13:30:00,68.71161084554538
2016-03-13 13:40:00,67.06828247009427
2016-03-13 13:50:00,71.51580694966827
2016-03-13 14:00:00,71.77794205537663
2016-03-13 14:10:00,70.4531070311578
2016-03-13 14:20:00,53.9447947285046
2016-03-13 14:30:00,55.236557916903884
2016-03-13 14:40:00,63.82814857243929
2016-03-13 14:50:00,60.036160349686305
2016-03-13 15:00:00,71.20399946443288
2016-03-13 15:10:00,74.10468724157737
2016-03-13 15:20:00,72.8536199400043
2016-03-13 15:30:00,66.16268070066157
2016-03-13 15:40:00,68.97364718784127
2016-03-13 15:50:00,65.64407379590577
2016-03-13 16:00:00,66.27363415303007
2016-03-13 16:10:00,58.398126106214484
2016-03-13 16:20:00,65.93414408403582
2016-03-13 16:30:00,72.01595003438439
2016-03-13 16:40:00,69.78435312083639
2016-03-13 16:50:00,67.72136977445784
2016-03-13 17:00:00,53.35667730650577
2016-03-13 17:10:00,55.865393285742634
2016-03-13 17:20:00,62.29254408464746
2016-03-13 17:30:00,63.629530755697985
2016-03-13 17:40:00,75.54714758929872
2016-03-13 17:50:00,76.88283372006363
2016-03-13 18:00:00,83.9093540233088
2016-03-13 18:10:00,108.1629860587938
2016-03-13 18:20:00,98.1252529418316
2016-03-13 18:30:00,105.62929991006621
2016-03-13 18:40:00,127.75795467071399
2016-03-13 18:50:00,135.37893827909957
2016-03-13 19:00:00,192.32041846367923
2016-03-13 19:10:00,155.87668025837561
2016-03-13 19:20:00,129.6378045602376
2016-03-13 19:30:00,116.06614400932287
2016-03-13 19:40:00,110.1902713087847
2016-03-13 19:50:00,110.98576522641031
2016-03-13 20:00:00,107.1756612124587
2016-03-13 20:10:00,122.5165994525002
2016-03-13 20:20:00,128.5959363603198
2016-03-13 20:30:00,140.896955230433
2016-03-13 20:40:00,120.96559681028418
2016-03-13 20:50:00,107.6461774075441
2016-03-13 21:00:00,102.05867945492865
2016-03-13 21:10:00,89.26393662500628
2016-03-13 21:20:00,81.48849297906773
2016-03-13 21:30:00,67.96756065887583
2016-03-13 21:40:00,73.66307163754131
2016-03-13 21:50:00,77.284549757956
2016-03-13 22:00:00,73.91938964096633
2016-03-13 22:10:00,63.27361868629005
2016-03-13 22:20:00,54.24445697642428
2016-03-13 22:30:00,48.56512345631128
2016-03-13 22:40:00,40.88408247335223
2016-03-13 22:50:00,47.63776405889471
2016-03-13 23:00:00,55.114838415383765
2016-03-13 23:10:00,54.44362678184976
2016-03-13 23:20:00,52.41264757965349
2016-03-13 23:30:00,51.06477668579246
2016-03-13 23:40:00,46.49931729579561
2016-03-13 23:50:00,50.51325281515346
2016-03-14 00:00:00,51.74136674884922
2016-03-14 00:10:00,50.20445850433347
2016-03-14 00:20:00,48.79328877540845
2016-03-14 00:30:00,48.427330712353736
2016-03-14 00:40:00,40.22111982025553
2016-03-14 00:50:00,38.846348659792476
2016-03-14 01:00:00,50.64019200061458
2016-03-14 01:10:00,54.991033466906984
2016-03-14 01:20:00,55.55530297530123
2016-03-14 01:30:00,54.68231442299312
2016-03-14 01:40:00,53.655629987327536
2016-03-14 01:50:00,54.69287784622713
2016-03-14 02:00:00,49.785445109219815
2016-03-14 02:10:00,46.46807780786472
2016-03-14 02:20:00,51.71111663735588
2016-03-14 02:30:00,53.302624023420485
2016-03-14 02:40:00,54.259156376651276
2016-03-14 02:50:00,46.5357304955037
2016-03-14 03:00:00,48.13015428941328
2016-03-14 03:10:00,42.192127803182345
2016-03-14 03:20:00,40.05613439589032
2016-03-14 03:30:00,50.23536232853934
2016-03-14 03:40:00,55.373289814329894
2016-03-14 03:50:00,56.28586037166903
2016-03-14 04:00:00,55.319317446956354
2016-03-14 04:10:00,54.142497539233915
2016-03-14 04:20:00,55.1877150300787
2016-03-14 04:30:00,52.54918319215847
2016-03-14 04:40:00,50.91417746366938
2016-03-14 04:50:00,50.81626783928662
2016-03-14 05:00:00,47.53584057398866
2016-03-14 05:10:00,51.61747909908992
2016-03-14 05:20:00,53.624615034371004
2016-03-14 05:30:00,48.85386668258057
2016-03-14 05:40:00,42.9105982184279
2016-03-14 05:50:00,47.44895994793012
2016-03-14 06:00:00,49.40261330332139
2016-03-14 06:10:00,57.37228932923366
2016-03-14 06:20:00,59.031240521017594
2016-03-14 06:30:00,56.062918997410165
2016-03-14 06:40:00,57.00126778845161
2016-03-14 06:50:00,57.29648664193145
2016-03-14 07:00:00,56.5150932777494
2016-03-14 07:10:00,58.10045565292725
2016-03-14 07:20:00,52.228078844571165
2016-03-14 07:30:00,67.65843973869679
2016-03-14 07:40:00,61.93554424083985
2016-03-14 07:50:00,56.884885845914134
2016-03-14 08:00:00,53.53217182273836
2016-03-14 08:10:00,55.50506649603311
2016-03-14 08:20:00,56.750187205412296
2016-03-14 08:30:00,67.37565559324159
2016-03-14 08:40:00,173.94670888904332
2016-03-14 08:50:00,111.77341544391298
2016-03-14 09:00:00,183.6230621638608
2016-03-14 09:10:00,127.20739380518876
2016-03-14 09:20:00,106.01156082366953
2016-03-14 09:30:00,131.68632118394385
2016-03-14 09:40:00,113.50701654873549
2016-03-14 09:50:00,152.85063271975653
2016-03-14 10:00:00,199.49779484800248
2016-03-14 10:10:00,336.11504130835914
2016-03-14 10:20:00,307.03940942659233
2016-03-14 10:30:00,362.16798490043516
2016-03-14 10:40:00,303.62721018890664
2016-03-14 10:50:00,284.9573190952704
2016-03-14 11:00:00,242.08768292083144
2016-03-14 11:10:00,170.89198145021876
2016-03-14 11:20:00,148.16109621055878
2016-03-14 11:30:00,150.32236325911632
2016-03-14 11:40:00,138.74950605137892
2016-03-14 11:50:00,337.09156363850855
2016-03-14 12:00:00,225.21808143007922
2016-03-14 12:10:00,115.74427640919167
2016-03-14 12:20:00,122.10512026477136
2016-03-14 12:30:00,147.3612376307788
2016-03-14 12:40:00,152.72458485768604
2016-03-14 12:50:00,131.62200333795937
2016-03-14 13:00:00,154.78927120953605
2016-03-14 13:10:00,314.51675667869637
2016-03-14 13:20:00,328.8758286269702
2016-03-14 13:30:00,330.60106146867116
2016-03-14 13:40:00,283.39651970398893
2016-03-14 13:50:00,243.34960246897742
2016-03-14 14:00:00,238.40515595543937
2016-03-14 14:10:00,157.93688450770026
2016-03-14 14:20:00,165.82188136464998
2016-03-14 14:30:00,200.29953537485477
2016-03-14 14:40:00,384.126553135382
2016-03-14 14:50:00,391.9419189255237
2016-03-14 15:00:00,336.82058172591195
2016-03-14 15:10:00,288.56078936652995
2016-03-14 15:20:00,247.43673526582467
2016-03-14 15:30:00,295.1115182289745
2016-03-14 15:40:00,184.84134584702377
2016-03-14 15:50:00,177.82203060347976
2016-03-14 16:00:00,191.06892985553895
2016-03-14 16:10:00,204.165744452863
2016-03-14 16:20:00,427.76899349813414
2016-03-14 16:30:00,403.69740479722026
2016-03-14 16:40:00,383.71821280182456
2016-03-14 16:50:00,331.6689043448042
2016-03-14 17:00:00,326.13079010228773
2016-03-14 17:10:00,278.0036528459432
2016-03-14 17:20:00,204.4642652092594
2016-03-14 17:30:00,179.24725698745686
2016-03-14 17:40:00,191.0721345222196
2016-03-14 17:50:00,203.9804234305189
2016-03-14 18:00:00,347.15394011083447
2016-03-14 18:10:00,396.2603321509437
2016-03-14 18:20:00,333.1274409564343
2016-03-14 18:30:00,303.36771800747914
2016-03-14 18:40:00,290.65706271557417
2016-03-14 18:50:00,310.13464547217427
2016-03-14 19:00:00,288.9123053642735
2016-03-14 19:10:00,174.52546495979297
2016-03-14 19:20:00,124.32541755295546
2016-03-14 19:30:00,132.19596648961283
2016-03-14 19:40:00,135.75167423781218
2016-03-14 19:50:00,124.57467748854975
2016-03-14 20:00:00,110.18313346496491
2016-03-14 20:10:00,91.17470546296158
2016-03-14 20:20:00,120.5834080398221
2016-03-14 20:30:00,107.00873860402847
2016-03-14 20:40:00,102.82776027062172
2016-03-14 20:50:00,93.49016854113266
2016-03-14 21:00:00,104.52102311012196
2016-03-14 21:10:00,88.6767780160451
2016-03-14 21:20:00,85.1877035701356
2016-03-14 21:30:00,94.38206385640461
2016-03-14 21:40:00,91.21108079648178
2016-03-14 21:50:00,83.35529898082471
2016-03-14 22:00:00,76.16175819529087
2016-03-14 22:10:00,81.9298783770877
2016-03-14 22:20:00,77.25925544239965
2016-03-14 22:30:00,66.5731928664145
2016-03-14 22:40:00,54.34985029862272
2016-03-14 22:50:00,52.56932385898717
2016-03-14 23:00:00,57.72563281194241
2016-03-14 23:10:00,56.36043895388914
2016-03-14 23:20:00,53.11214341623253
2016-03-14 23:30:00,54.82466626640632
2016-03-14 23:40:00,55.43738752856184
2016-03-14 23:50:00,54.77875809983727
2016-03-15 00:00:00,55.397640404477876
2016-03-15 00:10:00,56.07687329473212
2016-03-15 00:20:00,49.78444040750183
2016-03-15 00:30:00,50.25024301903197
2016-03-15 00:40:00,43.42581844969361
2016-03-15 00:50:00,44.9658164648664
2016-03-15 01:00:00,44.827793662209835
2016-03-15 01:10:00,51.53371129730613
2016-03-15 01:20:00,53.40267500283861
2016-03-15 01:30:00,55.440992813985396
2016-03-15 01:40:00,53.439048109666466
2016-03-15 01:50:00,50.69957453119493
2016-03-15 02:00:00,49.47485340373183
2016-03-15 02:10:00,50.224576021033165
2016-03-15 02:20:00,47.65706258509281
2016-03-15 02:30:00,51.74795025885289
2016-03-15 02:40:00,50.937185824215874
2016-03-15 02:50:00,50.64204038906642
2016-03-15 03:00:00,51.549756090046024
2016-03-15 03:10:00,46.521494124022546
2016-03-15 03:20:00,42.22997012017419
2016-03-15 03:30:00,40.94320185907649
2016-03-15 03:40:00,46.435396541011514
2016-03-15 03:50:00,49.27068151871719
2016-03-15 04:00:00,50.19017677280279
2016-03-15 04:10:00,49.15009509046353
2016-03-15 04:20:00,50.90474314708444
2016-03-15 04:30:00,54.22139621726652
2016-03-15 04:40:00,51.80255673609709
2016-03-15 04:50:00,48.11526480417859
2016-03-15 05:00:00,47.462654017299094
2016-03-15 05:10:00,45.70149098574687
2016-03-15 05:20:00,50.81883066489582
2016-03-15 05:30:00,54.62713184231576
2016-03-15 05:40:00,55.45409642332189
2016-03-15 05:50:00,50.803288919943164
2016-03-15 06:00:00,43.78168374782338
2016-03-15 06:10:00,54.65624296080341
2016-03-15 06:20:00,52.829579340895016
2016-03-15 06:30:00,53.71540973971187
2016-03-15 06:40:00,49.91438106783312
2016-03-15 06:50:00,53.384302581922874
2016-03-15 07:00:00,51.13223089214373
2016-03-15 07:10:00,49.63961862413664
2016-03-15 07:20:00,84.3597985015711
2016-03-15 07:30:00,119.88419723082207
2016-03-15 07:40:00,98.93237438007154
2016-03-15 07:50:00,74.44206087213284
2016-03-15 08:00:00,66.67796024168852
2016-03-15 08:10:00,65.86789167542223
2016-03-15 08:20:00,66.96857477885553
2016-03-15 08:30:00,59.759271184466606
2016-03-15 08:40:00,72.77699116777802
2016-03-15 08:50:00,85.6764171819387
2016-03-15 09:00:00,110.60711290401726
2016-03-15 09:10:00,130.93389285408242
2016-03-15 09:20:00,177.6222257306534
2016-03-15 09:30:00,83.13489012294819
2016-03-15 09:40:00,62.34688108409786
2016-03-15 09:50:00,66.54306719066483
2016-03-15 10:00:00,74.85410654330896
2016-03-15 10:10:00,68.91766506851906
2016-03-15 10:20:00,61.51340077306159
2016-03-15 10:30:00,71.2628413592364
2016-03-15 10:40:00,79.67710692620321
2016-03-15 10:50:00,77.95491723514803
2016-03-15 11:00:00,77.82234951132754
2016-03-15 11:10:00,76.08711905750863
2016-03-15 11:20:00,66.20980840112775
2016-03-15 11:30:00,60.234160250235824
2016-03-15 11:40:00,62.5112387388058
2016-03-15 11:50:00,54.09884012683951
2016-03-15 12:00:00,59.77995780055934
2016-03-15 12:10:00,66.43832377942121
2016-03-15 12:20:00,58.78092804498561
2016-03-15 12:30:00,67.55204085646236
2016-03-15 12:40:00,85.54369565276767
2016-03-15 12:50:00,84.63163661371613
2016-03-15 13:00:00,72.11720244015612
2016-03-15 13:10:00,71.08998878605819
2016-03-15 13:20:00,81.08608199675042
2016-03-15 13:30:00,81.79582090316742
2016-03-15 13:40:00,66.06627507339238
2016-03-15 13:50:00,63.808114149163615
2016-03-15 14:00:00,63.795621036765525
2016-03-15 14:10:00,66.7500863951217
2016-03-15 14:20:00,64.28143480559882
2016-03-15 14:30:00,62.4649207143445
2016-03-15 14:40:00,65.77692339581368
2016-03-15 14:50:00,60.58142097879578
2016-03-15 15:00:00,58.70279090580187
2016-03-15 15:10:00,59.35794827055921
2016-03-15 15:20:00,53.46873296778768
2016-03-15 15:30:00,76.2145989178434
2016-03-15 15:40:00,76.53287449520164
2016-03-15 15:50:00,68.50662638531355
2016-03-15 16:00:00,49.666946896041686
2016-03-15 16:10:00,51.62068567454986
2016-03-15 16:20:00,65.50446715660117
2016-03-15 16:30:00,81.07580742844299
2016-03-15 16:40:00,97.0332267040359
2016-03-15 16:50:00,117.18308724268667
2016-03-15 17:00:00,79.05420276254497
2016-03-15 17:10:00,91.66144167069855
2016-03-15 17:20:00,85.17568916753318
2016-03-15 17:30:00,109.6177450681951
2016-03-15 17:40:00,122.16118738302191
2016-03-15 17:50:00,251.47014227924186
2016-03-15 18:00:00,176.2128897931817
2016-03-15 18:10:00,143.70524282096576
2016-03-15 18:20:00,142.278864928171
2016-03-15 18:30:00,221.63097394252247
2016-03-15 18:40:00,208.49941214068835
2016-03-15 18:50:00,185.06584156311303
2016-03-15 19:00:00,179.66598562886435
2016-03-15 19:10:00,130.5885063628878
2016-03-15 19:20:00,130.72663605229272
2016-03-15 19:30:00,171.56170212677645
2016-03-15 19:40:00,127.78841307147943
2016-03-15 19:50:00,167.322559381072
2016-03-15 20:00:00,134.28629027321804
2016-03-15 20:10:00,169.82932954500157
2016-03-15 20:20:00,149.79737434494805
2016-03-15 20:30:00,127.93435415374572
2016-03-15 20:40:00,131.96838574553374
2016-03-15 20:50:00,134.8877564481322
2016-03-15 21:00:00,140.1365038869285
2016-03-15 21:10:00,117.634622357188
2016-03-15 21:20:00,103.24952198409682
2016-03-15 21:30:00,94.23290024324976
2016-03-15 21:40:00,89.16371874914226
2016-03-15 21:50:00,89.62790010191587
2016-03-15 22:00:00,75.75658845566358
2016-03-15 22:10:00,65.31678193568872
2016-03-15 22:20:00,67.90182054766996
2016-03-15 22:30:00,63.78424855534628
2016-03-15 22:40:00,58.297174605356616
2016-03-15 22:50:00,54.34260456817465
2016-03-15 23:00:00,51.132475270179704
2016-03-15 23:10:00,56.06042322695044
2016-03-15 23:20:00,57.66611161858319
2016-03-15 23:30:00,56.96811482074655
2016-03-15 23:40:00,55.198869955267455
2016-03-15 23:50:00,55.75811076854457
2016-03-16 00:00:00,55.231360655587565
2016-03-16 00:10:00,55.8221889262834
2016-03-16 00:20:00,55.23601393001717
2016-03-16 00:30:00,54.77468328817079
2016-03-16 00:40:00,50.07360303640285
2016-03-16 00:50:00,48.9799788640111
2016-03-16 01:00:00,52.843517254267894
2016-03-16 01:10:00,47.288715382596294
2016-03-16 01:20:00,43.26686091942253
2016-03-16 01:30:00,53.264528013346535
2016-03-16 01:40:00,56.34426481231857
2016-03-16 01:50:00,58.66798625196422
2016-03-16 02:00:00,54.985211691735884
2016-03-16 02:10:00,51.1422844733424
2016-03-16 02:20:00,51.86107511029526
2016-03-16 02:30:00,45.1915310738454
2016-03-16 02:40:00,48.13359727147994
2016-03-16 02:50:00,51.91466776798242
2016-03-16 03:00:00,51.364360082209615
2016-03-16 03:10:00,51.60519600250849
2016-03-16 03:20:00,45.363330172193116
2016-03-16 03:30:00,39.169751517287594
2016-03-16 03:40:00,43.247913220250375
2016-03-16 03:50:00,45.56369525088975
2016-03-16 04:00:00,43.68787820153962
2016-03-16 04:10:00,50.24014973446935
2016-03-16 04:20:00,55.9476427880546
2016-03-16 04:30:00,54.93937927729604
2016-03-16 04:40:00,55.1106654935709
2016-03-16 04:50:00,49.83606299703566
2016-03-16 05:00:00,51.45788060049544
2016-03-16 05:10:00,53.561519475884275
2016-03-16 05:20:00,50.87933573136602
2016-03-16 05:30:00,52.42711638764326
2016-03-16 05:40:00,54.77118481573268
2016-03-16 05:50:00,47.86017746907983
2016-03-16 06:00:00,48.21458466541636
2016-03-16 06:10:00,47.12774276915783
2016-03-16 06:20:00,52.9207833181402
2016-03-16 06:30:00,54.54032557408901
2016-03-16 06:40:00,44.87143654556789
2016-03-16 06:50:00,44.52921419980928
2016-03-16 07:00:00,51.00743940613366
2016-03-16 07:10:00,58.364153483099344
2016-03-16 07:20:00,66.2767443468702
2016-03-16 07:30:00,67.99611315243405
2016-03-16 07:40:00,111.37771945637822
2016-03-16 07:50:00,103.58901797118146
2016-03-16 08:00:00,94.94187326135756
2016-03-16 08:10:00,77.33186123160318
2016-03-16 08:20:00,79.85311495079515
2016-03-16 08:30:00,75.08733675434783
2016-03-16 08:40:00,114.4053880439552
2016-03-16 08:50:00,169.64958630457036
2016-03-16 09:00:00,295.0138991667052
2016-03-16 09:10:00,338.3088760132846
2016-03-16 09:20:00,424.59781891306864
2016-03-16 09:30:00,361.039174071551
2016-03-16 09:40:00,295.3707058973724
2016-03-16 09:50:00,302.86948284123986
2016-03-16 10:00:00,258.6644006779187
2016-03-16 10:10:00,227.77235862831205
2016-03-16 10:20:00,138.97703723888105
2016-03-16 10:30:00,125.92473272511086
2016-03-16 10:40:00,123.64377843228297
2016-03-16 10:50:00,117.76329181957922
2016-03-16 11:00:00,239.09505541145742
2016-03-16 11:10:00,161.19151442159483
2016-03-16 11:20:00,197.63774268727877
2016-03-16 11:30:00,99.94876169708846
2016-03-16 11:40:00,71.24014683389795
2016-03-16 11:50:00,74.75164827276527
2016-03-16 12:00:00,101.08822285021084
2016-03-16 12:10:00,63.8757385619507
2016-03-16 12:20:00,76.22895114328534
2016-03-16 12:30:00,90.60397054081137
2016-03-16 12:40:00,70.61901930082244
2016-03-16 12:50:00,148.568642185113
2016-03-16 13:00:00,84.43751884766169
2016-03-16 13:10:00,62.96796445074539
2016-03-16 13:20:00,99.46907140244345
2016-03-16 13:30:00,103.74039428006404
2016-03-16 13:40:00,120.98431518824374
2016-03-16 13:50:00,142.55581404380038
2016-03-16 14:00:00,252.02054302202595
2016-03-16 14:10:00,237.77649750663687
2016-03-16 14:20:00,363.48925446365973
2016-03-16 14:30:00,333.80097843370396
2016-03-16 14:40:00,309.7013559214568
2016-03-16 14:50:00,269.08224787612244
2016-03-16 15:00:00,235.22517017526144
2016-03-16 15:10:00,181.4861928752827
2016-03-16 15:20:00,135.3104045279426
2016-03-16 15:30:00,127.4887672359101
2016-03-16 15:40:00,136.58039330734712
2016-03-16 15:50:00,135.56131914292277
2016-03-16 16:00:00,162.22522830002305
2016-03-16 16:10:00,156.1786143359923
2016-03-16 16:20:00,123.55149543003607
2016-03-16 16:30:00,88.76998892412098
2016-03-16 16:40:00,146.61688897284998
2016-03-16 16:50:00,158.57802457466747
2016-03-16 17:00:00,134.15999809253793
2016-03-16 17:10:00,293.53287544218995
2016-03-16 17:20:00,316.8837682234503
2016-03-16 17:30:00,315.2969936584593
2016-03-16 17:40:00,326.98086518067123
2016-03-16 17:50:00,295.49025526856616
2016-03-16 18:00:00,303.84506781229055
2016-03-16 18:10:00,232.44151978788207
2016-03-16 18:20:00,303.1847114288596
2016-03-16 18:30:00,268.0607439812966
2016-03-16 18:40:00,252.93223970022314
2016-03-16 18:50:00,306.12445561313757
2016-03-16 19:00:00,265.40227060362884
2016-03-16 19:10:00,187.4996563587228
2016-03-16 19:20:00,219.30492855401172
2016-03-16 19:30:00,172.186471240221
2016-03-16 19:40:00,135.7330091944905
2016-03-16 19:50:00,134.76498011804154
2016-03-16 20:00:00,135.35041673073988
2016-03-16 20:10:00,137.01727560010772
2016-03-16 20:20:00,123.83726768999061
2016-03-16 20:30:00,123.397058134864
2016-03-16 20:40:00,130.53668629432366
2016-03-16 20:50:00,134.9316513257907
2016-03-16 21:00:00,126.79756832999048
2016-03-16 21:10:00,114.71825003090358
2016-03-16 21:20:00,110.21839869650783
2016-03-16 21:30:00,106.29964255402508
2016-03-16 21:40:00,72.63062869138838
2016-03-16 21:50:00,73.235248901402
2016-03-16 22:00:00,78.75256820863781
2016-03-16 22:10:00,67.75225861620252
2016-03-16 22:20:00,60.70988658461712
2016-03-16 22:30:00,43.64242975554842
2016-03-16 22:40:00,50.51428830701761
2016-03-16 22:50:00,48.65767667539238
2016-03-16 23:00:00,49.21079192582753
2016-03-16 23:10:00,47.85904005019174
2016-03-16 23:20:00,49.55719600673113
2016-03-16 23:30:00,53.272358090401035
2016-03-16 23:40:00,54.921644189303734
2016-03-16 23:50:00,53.79976202410422
2016-03-17 00:00:00,53.97426944384711
2016-03-17 00:10:00,48.86985176331494
2016-03-17 00:20:00,53.16804379979613
2016-03-17 00:30:00,52.39025603105946
2016-03-17 00:40:00,53.92475003961262
2016-03-17 00:50:00,52.85840552756484
2016-03-17 01:00:00,52.80796528390539
2016-03-17 01:10:00,50.36942383052089
2016-03-17 01:20:00,47.78125380086061
2016-03-17 01:30:00,48.786797143116544
2016-03-17 01:40:00,50.25485467083609
2016-03-17 01:50:00,46.88281528687442
2016-03-17 02:00:00,51.63079790949701
2016-03-17 02:10:00,51.520131217471445
2016-03-17 02:20:00,48.19486762762225
2016-03-17 02:30:00,45.59358064736894
2016-03-17 02:40:00,38.795973746424174
2016-03-17 02:50:00,43.36352935303788
2016-03-17 03:00:00,50.47212624752093
2016-03-17 03:10:00,53.007033209152645
2016-03-17 03:20:00,56.17553705933869
2016-03-17 03:30:00,54.81422972900055
2016-03-17 03:40:00,52.5073983521594
2016-03-17 03:50:00,50.50415529732439
2016-03-17 04:00:00,50.257894719447805
2016-03-17 04:10:00,51.31812272304775
2016-03-17 04:20:00,51.54210983359069
2016-03-17 04:30:00,47.512145835982835
2016-03-17 04:40:00,46.56510978925827
2016-03-17 04:50:00,54.48242493651613
2016-03-17 05:00:00,54.48496299803587
2016-03-17 05:10:00,54.10820918601272
2016-03-17 05:20:00,49.432233796125715
2016-03-17 05:30:00,43.7968931276967
2016-03-17 05:40:00,51.16508722949823
2016-03-17 05:50:00,55.41546369849657
2016-03-17 06:00:00,55.58859883945483
2016-03-17 06:10:00,42.62553918630144
2016-03-17 06:20:00,52.182965468302314
2016-03-17 06:30:00,54.9032773498698
2016-03-17 06:40:00,56.08616142485396
2016-03-17 06:50:00,57.182432641238144
2016-03-17 07:00:00,55.30936779683067
2016-03-17 07:10:00,56.133230749412064
2016-03-17 07:20:00,52.87532040750028
2016-03-17 07:30:00,57.33635069399517
2016-03-17 07:40:00,67.95007888791251
2016-03-17 07:50:00,76.96829821618269
2016-03-17 08:00:00,74.38423518676568
2016-03-17 08:10:00,72.14466897756785
2016-03-17 08:20:00,75.96830965841107
2016-03-17 08:30:00,96.36643622946951
2016-03-17 08:40:00,131.18524222930864
2016-03-17 08:50:00,81.08842664368692
2016-03-17 09:00:00,88.18191591354815
2016-03-17 09:10:00,85.10185583272033
2016-03-17 09:20:00,69.16657576804255
2016-03-17 09:30:00,68.93245840313133
2016-03-17 09:40:00,78.35181763745267
2016-03-17 09:50:00,98.54790304865507
2016-03-17 10:00:00,185.76601832436765
2016-03-17 10:10:00,282.9882815020156
2016-03-17 10:20:00,249.27637006966458
2016-03-17 10:30:00,193.63269350800812
2016-03-17 10:40:00,190.50365603711606
2016-03-17 10:50:00,130.75017595638565
2016-03-17 11:00:00,83.90698951773228
2016-03-17 11:10:00,62.88162583849529
2016-03-17 11:20:00,61.03569163333864
2016-03-17 11:30:00,62.18370113784794
2016-03-17 11:40:00,58.5641908900873
2016-03-17 11:50:00,48.365398225437104
2016-03-17 12:00:00,55.85486494873481
2016-03-17 12:10:00,56.52299934691881
2016-03-17 12:20:00,105.90617642946918
2016-03-17 12:30:00,77.32257617920905
2016-03-17 12:40:00,61.365074910453345
2016-03-17 12:50:00,56.72167537705224
2016-03-17 13:00:00,56.90892086409321
2016-03-17 13:10:00,69.05909355158418
2016-03-17 13:20:00,60.232980461742514
2016-03-17 13:30:00,51.53147622719997
2016-03-17 13:40:00,52.2573011945703
2016-03-17 13:50:00,55.75327789130761
2016-03-17 14:00:00,55.266241661007676
2016-03-17 14:10:00,51.56580995960951
2016-03-17 14:20:00,58.01869329651365
2016-03-17 14:30:00,59.94808569985219
2016-03-17 14:40:00,62.41311364891443
2016-03-17 14:50:00,63.107706404689594
2016-03-17 15:00:00,52.910996122005216
2016-03-17 15:10:00,56.745608216940816
2016-03-17 15:20:00,59.44394911159897
2016-03-17 15:30:00,64.19647984670759
2016-03-17 15:40:00,74.85932888693242
2016-03-17 15:50:00,75.01032679509873
2016-03-17 16:00:00,66.52322110894765
2016-03-17 16:10:00,69.44975077414627
2016-03-17 16:20:00,71.3045605474616
2016-03-17 16:30:00,83.76729120818644
2016-03-17 16:40:00,76.1955855990667
2016-03-17 16:50:00,73.83429362540721
2016-03-17 17:00:00,86.46527615297433
2016-03-17 17:10:00,95.39044198581082
2016-03-17 17:20:00,108.8136844178437
2016-03-17 17:30:00,121.49842894088073
2016-03-17 17:40:00,116.74018359886173
2016-03-17 17:50:00,140.5443167358709
2016-03-17 18:00:00,126.42246252209078
2016-03-17 18:10:00,116.7947338408023
2016-03-17 18:20:00,204.18044825941962
2016-03-17 18:30:00,163.46742544354012
2016-03-17 18:40:00,229.76115643040208
2016-03-17 18:50:00,163.25254507067854
2016-03-17 19:00:00,131.75067022222814
2016-03-17 19:10:00,171.3715627083956
2016-03-17 19:20:00,127.38739969277498
2016-03-17 19:30:00,130.26365017082364
2016-03-17 19:40:00,133.23073525267517
2016-03-17 19:50:00,149.42089578770947
2016-03-17 20:00:00,133.5038035265871
2016-03-17 20:10:00,132.757614366585
2016-03-17 20:20:00,118.641412957529
2016-03-17 20:30:00,117.39039932546251
2016-03-17 20:40:00,112.8858785810605
2016-03-17 20:50:00,106.06041310784481
2016-03-17 21:00:00,113.51941748003034
2016-03-17 21:10:00,100.68944200499988
2016-03-17 21:20:00,100.94275507898554
2016-03-17 21:30:00,90.27445253185164
2016-03-17 21:40:00,76.0349810698634
2016-03-17 21:50:00,61.938717031336054
2016-03-17 22:00:00,60.415794748921826
2016-03-17 22:10:00,71.70326496769619
2016-03-17 22:20:00,64.37678240793302
2016-03-17 22:30:00,60.07586820934846
2016-03-17 22:40:00,52.464543789963926
2016-03-17 22:50:00,55.71029275842032
2016-03-17 23:00:00,56.71519790055567
2016-03-17 23:10:00,53.707321231860085
2016-03-17 23:20:00,54.98250507826144
2016-03-17 23:30:00,50.48637414742221
2016-03-17 23:40:00,52.81630777940649
2016-03-17 23:50:00,55.233716285757204
2016-03-18 00:00:00,56.786373063022054
2016-03-18 00:10:00,55.226759140212145
2016-03-18 00:20:00,44.52717766580057
2016-03-18 00:30:00,39.48640139498137
2016-03-18 00:40:00,41.164343050116905
2016-03-18 00:50:00,49.99526896359444
2016-03-18 01:00:00,53.33975808891952
2016-03-18 01:10:00,55.33150326908472
2016-03-18 01:20:00,54.95029152777085
2016-03-18 01:30:00,53.273571939717435
2016-03-18 01:40:00,53.852923162329226
2016-03-18 01:50:00,51.42221789387099
2016-03-18 02:00:00,49.59655839387404
2016-03-18 02:10:00,49.7590732340779
2016-03-18 02:20:00,46.28960378067081
2016-03-18 02:30:00,50.00096186001019
2016-03-18 02:40:00,51.2968714464296
2016-03-18 02:50:00,52.52101683932565
2016-03-18 03:00:00,51.605651577475165
2016-03-18 03:10:00,44.67364203141187
2016-03-18 03:20:00,42.848749314932455
2016-03-18 03:30:00,41.93980665594125
2016-03-18 03:40:00,38.33496138119847
2016-03-18 03:50:00,48.447708614167
2016-03-18 04:00:00,53.45989233761317
2016-03-18 04:10:00,55.4372462813958
2016-03-18 04:20:00,55.98866611715393
2016-03-18 04:30:00,50.55833848753475
2016-03-18 04:40:00,51.18668092625936
2016-03-18 04:50:00,52.382625320860534
2016-03-18 05:00:00,52.31768333429175
2016-03-18 05:10:00,51.21865882406624
2016-03-18 05:20:00,50.039909394110865
2016-03-18 05:30:00,49.65437257064946
2016-03-18 05:40:00,49.154974356598125
2016-03-18 05:50:00,49.130118759891786
2016-03-18 06:00:00,49.451721225023036
2016-03-18 06:10:00,44.792845219278895
2016-03-18 06:20:00,50.6681546614887
2016-03-18 06:30:00,53.68090580139591
2016-03-18 06:40:00,53.142714684752
2016-03-18 06:50:00,51.29995667828998
2016-03-18 07:00:00,41.3753110108414
2016-03-18 07:10:00,54.737507460874966
2016-03-18 07:20:00,50.42306488616993
2016-03-18 07:30:00,57.48908545186554
2016-03-18 07:40:00,66.50975270488932
2016-03-18 07:50:00,70.90731740358444
2016-03-18 08:00:00,58.916783266755054
2016-03-18 08:10:00,62.29075137990702
2016-03-18 08:20:00,69.79779665040415
2016-03-18 08:30:00,68.39804258712911
2016-03-18 08:40:00,69.06708096510431
2016-03-18 08:50:00,71.82560438636503
2016-03-18 09:00:00,67.98305729709926
2016-03-18 09:10:00,62.811949340974586
2016-03-18 09:20:00,56.14907406738541
2016-03-18 09:30:00,58.371505905832414
2016-03-18 09:40:00,46.29897337739037
2016-03-18 09:50:00,38.137963870614584
2016-03-18 10:00:00,43.36830036528766
2016-03-18 10:10:00,54.24019077815717
2016-03-18 10:20:00,58.4065435351554
2016-03-18 10:30:00,56.81327929319101
2016-03-18 10:40:00,62.047317037118724
2016-03-18 10:50:00,64.50278279750714
2016-03-18 11:00:00,57.04656312071475
2016-03-18 11:10:00,66.44715314189493
2016-03-18 11:20:00,55.37220591885963
2016-03-18 11:30:00,60.61611296633054
2016-03-18 11:40:00,56.35785269872034
2016-03-18 11:50:00,47.66843734253606
2016-03-18 12:00:00,55.29307072419863
2016-03-18 12:10:00,54.80060740155294
2016-03-18 12:20:00,93.36707865461824
2016-03-18 12:30:00,78.44206218545614
2016-03-18 12:40:00,73.82771145998215
2016-03-18 12:50:00,75.35562210665574
2016-03-18 13:00:00,80.07469126664859
2016-03-18 13:10:00,82.27384251730307
2016-03-18 13:20:00,70.28049780154454
2016-03-18 13:30:00,71.58435543833117
2016-03-18 13:40:00,68.08397875894357
2016-03-18 13:50:00,61.41668283044524
2016-03-18 14:00:00,50.82640254792599
2016-03-18 14:10:00,51.812013674978495
2016-03-18 14:20:00,54.30473026356337
2016-03-18 14:30:00,54.7348615331612
2016-03-18 14:40:00,48.97477118069117
2016-03-18 14:50:00,57.48054014499852
2016-03-18 15:00:00,55.844301300908654
2016-03-18 15:10:00,56.41083152527216
2016-03-18 15:20:00,50.26916870405138
2016-03-18 15:30:00,53.23559972960425
2016-03-18 15:40:00,50.51535451703049
2016-03-18 15:50:00,44.307500939295835
2016-03-18 16:00:00,52.54319947368865
2016-03-18 16:10:00,60.14276363009862
2016-03-18 16:20:00,63.89060128413941
2016-03-18 16:30:00,55.14175140512538
2016-03-18 16:40:00,49.35518748258905
2016-03-18 16:50:00,51.5958638533432
2016-03-18 17:00:00,53.94703643470452
2016-03-18 17:10:00,83.28723579594678
2016-03-18 17:20:00,87.45625816903262
2016-03-18 17:30:00,121.48481364989387
2016-03-18 17:40:00,125.59259537371369
2016-03-18 17:50:00,106.50522672769094
2016-03-18 18:00:00,105.26734492669735
2016-03-18 18:10:00,95.16645956993949
2016-03-18 18:20:00,94.87435575474899
2016-03-18 18:30:00,246.91771599608245
2016-03-18 18:40:00,156.8635886237168
2016-03-18 18:50:00,97.62310885099265
2016-03-18 19:00:00,102.40992730399945
2016-03-18 19:10:00,109.5741218703845
2016-03-18 19:20:00,109.84169375172156
2016-03-18 19:30:00,114.77732738770811
2016-03-18 19:40:00,125.63353800628127
2016-03-18 19:50:00,143.02971620602554
2016-03-18 20:00:00,120.82624180796874
2016-03-18 20:10:00,108.46058173528382
2016-03-18 20:20:00,112.5553814651323
2016-03-18 20:30:00,99.59440584357365
2016-03-18 20:40:00,98.0916649919864
2016-03-18 20:50:00,80.6996035515333
2016-03-18 21:00:00,80.6154175729256
2016-03-18 21:10:00,79.8152909737315
2016-03-18 21:20:00,73.53787346821304
2016-03-18 21:30:00,78.09848667955362
2016-03-18 21:40:00,71.62437338944757
2016-03-18 21:50:00,60.05636881379424
2016-03-18 22:00:00,62.864583315954405
2016-03-18 22:10:00,61.674143726301914
2016-03-18 22:20:00,61.89216381893833
2016-03-18 22:30:00,44.41408526414098
2016-03-18 22:40:00,50.364473349513894
2016-03-18 22:50:00,43.315306973390086
2016-03-18 23:00:00,44.58890010904716
2016-03-18 23:10:00,52.829477765850655
2016-03-18 23:20:00,52.35494293373023
2016-03-18 23:30:00,56.29707170271605
2016-03-18 23:40:00,54.77680818000507
2016-03-18 23:50:00,65.82757664006526
2016-03-19 00:00:00,55.687135806242914
2016-03-19 00:10:00,49.28936134280778
2016-03-19 00:20:00,52.30933448308526
2016-03-19 00:30:00,51.25587903883729
2016-03-19 00:40:00,53.09104549994055
2016-03-19 00:50:00,49.382642465896694
2016-03-19 01:00:00,46.68781538948464
2016-03-19 01:10:00,46.58652335486885
2016-03-19 01:20:00,42.446240571391726
2016-03-19 01:30:00,49.08858615461398
2016-03-19 01:40:00,53.82730646683655
2016-03-19 01:50:00,51.877974003614
2016-03-19 02:00:00,43.84673698838764
2016-03-19 02:10:00,42.58959993164537
2016-03-19 02:20:00,43.34169534652548
2016-03-19 02:30:00,47.74190368479971
2016-03-19 02:40:00,54.38748706390394
2016-03-19 02:50:00,55.22138410896151
2016-03-19 03:00:00,54.04465890760296
2016-03-19 03:10:00,52.53800972973076
2016-03-19 03:20:00,53.94218752314633
2016-03-19 03:30:00,50.922448078140604
2016-03-19 03:40:00,47.62569719158063
2016-03-19 03:50:00,51.43593305174701
2016-03-19 04:00:00,49.48930862884281
2016-03-19 04:10:00,47.060561074331694
2016-03-19 04:20:00,41.89845024144252
2016-03-19 04:30:00,44.103106713954105
2016-03-19 04:40:00,53.976177111633085
2016-03-19 04:50:00,54.287115121342154
2016-03-19 05:00:00,54.84583582162676
2016-03-19 05:10:00,46.98361715265882
2016-03-19 05:20:00,40.25234975760946
2016-03-19 05:30:00,41.42761769602499
2016-03-19 05:40:00,49.380719069162865
2016-03-19 05:50:00,57.455153220615514
2016-03-19 06:00:00,58.804368809124256
2016-03-19 06:10:00,60.022556810647046
2016-03-19 06:20:00,57.387387234938004
2016-03-19 06:30:00,59.47804234704944
2016-03-19 06:40:00,57.22872301031081
2016-03-19 06:50:00,55.48851306322059
2016-03-19 07:00:00,55.6242671767763
2016-03-19 07:10:00,55.17782210512714
2016-03-19 07:20:00,53.850666774326
2016-03-19 07:30:00,55.32353497358153
2016-03-19 07:40:00,54.74308978399763
2016-03-19 07:50:00,47.1055238125572
2016-03-19 08:00:00,50.295878958973354
2016-03-19 08:10:00,53.26262779469187
2016-03-19 08:20:00,48.253475024339224
2016-03-19 08:30:00,39.657827975329944
2016-03-19 08:40:00,45.361569424601015
2016-03-19 08:50:00,91.23086398503065
2016-03-19 09:00:00,69.74739244772252
2016-03-19 09:10:00,87.03184349700153
2016-03-19 09:20:00,117.97281742015808
2016-03-19 09:30:00,77.8401372010464
2016-03-19 09:40:00,80.60655539346901
2016-03-19 09:50:00,90.62810967046894
2016-03-19 10:00:00,124.13896139851829
2016-03-19 10:10:00,83.60669326197481
2016-03-19 10:20:00,73.01202279942189
2016-03-19 10:30:00,69.83898468575546
2016-03-19 10:40:00,94.53413097078813
2016-03-19 10:50:00,89.85503710512967
2016-03-19 11:00:00,116.6680532874381
2016-03-19 11:10:00,256.08091601748663
2016-03-19 11:20:00,321.8088440441572
2016-03-19 11:30:00,268.53483973852343
2016-03-19 11:40:00,319.6349124280638
2016-03-19 11:50:00,268.56743531388025
2016-03-19 12:00:00,239.4562627886811
2016-03-19 12:10:00,224.16736005222958
2016-03-19 12:20:00,146.64364388431144
2016-03-19 12:30:00,205.49380855191637
2016-03-19 12:40:00,137.24932918029793
2016-03-19 12:50:00,136.02443283639846
2016-03-19 13:00:00,153.53552997218316
2016-03-19 13:10:00,335.65798202643975
2016-03-19 13:20:00,283.21377867642275
2016-03-19 13:30:00,228.52248721758724
2016-03-19 13:40:00,264.166505767694
2016-03-19 13:50:00,225.61992764297483
2016-03-19 14:00:00,195.75153105341786
2016-03-19 14:10:00,123.09172540030683
2016-03-19 14:20:00,124.19137429104568
2016-03-19 14:30:00,116.87527670361294
2016-03-19 14:40:00,130.57263674864527
2016-03-19 14:50:00,132.2908524473621
2016-03-19 15:00:00,89.48339988358987
2016-03-19 15:10:00,99.43538320689892
2016-03-19 15:20:00,104.89970635746222
2016-03-19 15:30:00,93.88909182083451
2016-03-19 15:40:00,76.93213028337084
2016-03-19 15:50:00,76.5165565318608
2016-03-19 16:00:00,77.9281207599799
2016-03-19 16:10:00,62.703765738932574
2016-03-19 16:20:00,82.68723579646641
2016-03-19 16:30:00,85.09832085311268
2016-03-19 16:40:00,106.98203207874212
2016-03-19 16:50:00,116.06363274023965
2016-03-19 17:00:00,107.69082325138001
2016-03-19 17:10:00,115.08740223183071
2016-03-19 17:20:00,114.66832357168269
2016-03-19 17:30:00,121.9739891231827
2016-03-19 17:40:00,126.17452115505144
2016-03-19 17:50:00,128.5428939411365
2016-03-19 18:00:00,135.22014942363694
2016-03-19 18:10:00,147.81446405212728
2016-03-19 18:20:00,178.85530435453327
2016-03-19 18:30:00,168.27431741415424
2016-03-19 18:40:00,166.20534333190128
2016-03-19 18:50:00,221.5563767947921
2016-03-19 19:00:00,158.96961787001078
2016-03-19 19:10:00,136.69582920673255
2016-03-19 19:20:00,128.87218463480932
2016-03-19 19:30:00,124.95848374857562
2016-03-19 19:40:00,121.43688507678048
2016-03-19 19:50:00,128.75104455375978
2016-03-19 20:00:00,139.58365256077843
2016-03-19 20:10:00,124.89501148561901
2016-03-19 20:20:00,120.7595600494514
2016-03-19 20:30:00,107.37480806957382
2016-03-19 20:40:00,97.1712398668472
2016-03-19 20:50:00,103.71241182064001
2016-03-19 21:00:00,95.86239625841394
2016-03-19 21:10:00,74.4100612259275
2016-03-19 21:20:00,82.39111356058855
2016-03-19 21:30:00,83.42162119271475
2016-03-19 21:40:00,84.02188915380205
2016-03-19 21:50:00,80.45346003942208
2016-03-19 22:00:00,73.47133186395803
2016-03-19 22:10:00,74.46760467157736
2016-03-19 22:20:00,69.98301278052628
2016-03-19 22:30:00,67.1990475297643
2016-03-19 22:40:00,64.35342590142164
2016-03-19 22:50:00,45.83616851962311
2016-03-19 23:00:00,53.42614411102793
2016-03-19 23:10:00,54.24998223668991
2016-03-19 23:20:00,50.848350376409215
2016-03-19 23:30:00,42.484039500127736
2016-03-19 23:40:00,46.766021200912135
2016-03-19 23:50:00,53.16039013974594
2016-03-20 00:00:00,55.262392739676
2016-03-20 00:10:00,55.13239840286348
2016-03-20 00:20:00,52.12538655449967
2016-03-20 00:30:00,52.68969144110555
2016-03-20 00:40:00,55.44561522545214
2016-03-20 00:50:00,53.46707334704046
2016-03-20 01:00:00,50.15811332763353
2016-03-20 01:10:00,51.95093684033506
2016-03-20 01:20:00,51.08295621799191
2016-03-20 01:30:00,48.871511970005336
2016-03-20 01:40:00,51.54952228138437
2016-03-20 01:50:00,48.815495685302075
2016-03-20 02:00:00,50.22461671981173
2016-03-20 02:10:00,52.97446080217411
2016-03-20 02:20:00,46.10269468814005
2016-03-20 02:30:00,49.462404933043004
2016-03-20 02:40:00,48.81012309523856
2016-03-20 02:50:00,48.100695821934586
2016-03-20 03:00:00,43.1337344860511
2016-03-20 03:10:00,45.040528859716375
2016-03-20 03:20:00,45.64375221548996
2016-03-20 03:30:00,52.180962631586475
2016-03-20 03:40:00,57.72508691032754
2016-03-20 03:50:00,57.006520331031936
2016-03-20 04:00:00,56.575601213898814
2016-03-20 04:10:00,52.42017435107276
2016-03-20 04:20:00,50.63805033247505
2016-03-20 04:30:00,53.891257802579496
2016-03-20 04:40:00,52.899124075497056
2016-03-20 04:50:00,53.55399984965094
2016-03-20 05:00:00,52.79610310383666
2016-03-20 05:10:00,50.661225684780185
2016-03-20 05:20:00,43.44239879704162
2016-03-20 05:30:00,48.13502215890582
2016-03-20 05:40:00,49.104427546700734
2016-03-20 05:50:00,49.67145573694815
2016-03-20 06:00:00,51.70979115698431
2016-03-20 06:10:00,55.405000737772234
2016-03-20 06:20:00,56.05087978196362
2016-03-20 06:30:00,54.23779776951216
2016-03-20 06:40:00,48.060589083905974
2016-03-20 06:50:00,48.32208127864199
2016-03-20 07:00:00,48.34156312260329
2016-03-20 07:10:00,51.422907211007434
2016-03-20 07:20:00,50.21142793858611
2016-03-20 07:30:00,56.830560945620725
2016-03-20 07:40:00,60.31129472469738
2016-03-20 07:50:00,59.3533387360806
2016-03-20 08:00:00,57.978047838954836
2016-03-20 08:10:00,57.55952604661922
2016-03-20 08:20:00,67.65256356428344
2016-03-20 08:30:00,78.23386928388173
2016-03-20 08:40:00,77.65454526976136
2016-03-20 08:50:00,77.88603027466648
2016-03-20 09:00:00,88.5914579681545
2016-03-20 09:10:00,95.7721253243704
2016-03-20 09:20:00,88.32630001970134
2016-03-20 09:30:00,96.51862393815223
2016-03-20 09:40:00,96.72283879818445
2016-03-20 09:50:00,142.63168228173677
2016-03-20 10:00:00,133.55207797662533
2016-03-20 10:10:00,94.75366973647444
2016-03-20 10:20:00,74.1735341851604
2016-03-20 10:30:00,74.64090707902739
2016-03-20 10:40:00,103.41404858703297
2016-03-20 10:50:00,101.0790678836219
2016-03-20 11:00:00,105.07687874589813
2016-03-20 11:10:00,175.42347815503092
2016-03-20 11:20:00,223.29106840953463
2016-03-20 11:30:00,266.34417209679566
2016-03-20 11:40:00,314.5155032651002
2016-03-20 11:50:00,278.43671637913303
2016-03-20 12:00:00,274.38403135470327
2016-03-20 12:10:00,250.12952952669633
2016-03-20 12:20:00,227.0382334886335
2016-03-20 12:30:00,193.62400299842201
2016-03-20 12:40:00,113.37766025148751
2016-03-20 12:50:00,109.39520490243433
2016-03-20 13:00:00,109.56866194459266
2016-03-20 13:10:00,123.29403516526793
2016-03-20 13:20:00,134.15513892599625
2016-03-20 13:30:00,117.81893914016264
2016-03-20 13:40:00,114.51409359629332
2016-03-20 13:50:00,114.55467111324994
2016-03-20 14:00:00,123.86932847849795
2016-03-20 14:10:00,115.8521820333576
2016-03-20 14:20:00,112.16174726495859
2016-03-20 14:30:00,162.95239254023537
2016-03-20 14:40:00,121.59836124964662
2016-03-20 14:50:00,79.6299068121446
2016-03-20 15:00:00,72.71876092696618
2016-03-20 15:10:00,74.2922585872912
2016-03-20 15:20:00,73.85674751798821
2016-03-20 15:30:00,81.84228881054935
2016-03-20 15:40:00,74.46710400519524
2016-03-20 15:50:00,90.86502097654
2016-03-20 16:00:00,87.6324864948017
2016-03-20 16:10:00,106.34940676007305
2016-03-20 16:20:00,107.3935161160014
2016-03-20 16:30:00,94.19919596300788
2016-03-20 16:40:00,106.56690525633795
2016-03-20 16:50:00,137.50851182738086
2016-03-20 17:00:00,184.78744519518483
2016-03-20 17:10:00,127.8993703648164
2016-03-20 17:20:00,112.07544071889991
2016-03-20 17:30:00,132.96350581202
2016-03-20 17:40:00,138.6223531202698
2016-03-20 17:50:00,151.56332067115707
2016-03-20 18:00:00,145.96325044734076
2016-03-20 18:10:00,166.3054472142147
2016-03-20 18:20:00,243.66209532136642
2016-03-20 18:30:00,233.82953754516402
2016-03-20 18:40:00,220.43042127889848
2016-03-20 18:50:00,227.03058781652598
2016-03-20 19:00:00,215.10967756742428
2016-03-20 19:10:00,184.2569808936342
2016-03-20 19:20:00,157.7158372784095
2016-03-20 19:30:00,128.13107192787928
2016-03-20 19:40:00,114.52203265176271
2016-03-20 19:50:00,125.48299065885236
2016-03-20 20:00:00,142.17309212771818
2016-03-20 20:10:00,128.09140898857885
2016-03-20 20:20:00,113.81051478715534
2016-03-20 20:30:00,118.33344017485793
2016-03-20 20:40:00,122.95715009796355
2016-03-20 20:50:00,101.13285771770525
2016-03-20 21:00:00,98.5063822497487
2016-03-20 21:10:00,94.08754328213037
2016-03-20 21:20:00,92.94882394360539
2016-03-20 21:30:00,84.47061409521488
2016-03-20 21:40:00,85.17810013045201
2016-03-20 21:50:00,90.5354711740469
2016-03-20 22:00:00,89.47102117955254
2016-03-20 22:10:00,88.03342527173238
2016-03-20 22:20:00,64.77432695249765
2016-03-20 22:30:00,56.953444191643534
2016-03-20 22:40:00,51.280098034265855
2016-03-20 22:50:00,52.44051063645767
2016-03-20 23:00:00,48.1117528705271
2016-03-20 23:10:00,52.76462864403007
2016-03-20 23:20:00,54.02473298560963
2016-03-20 23:30:00,50.25609062330269
2016-03-20 23:40:00,44.684905541928224
2016-03-20 23:50:00,48.76427287874884
2016-03-21 00:00:00,50.08268132335621
2016-03-21 00:10:00,56.10912178969365
2016-03-21 00:20:00,55.8920786208398
2016-03-21 00:30:00,54.33112943053589
2016-03-21 00:40:00,54.907976767274555
2016-03-21 00:50:00,54.81767103170289
2016-03-21 01:00:00,54.07953460102025
2016-03-21 01:10:00,55.31889906763507
2016-03-21 01:20:00,51.14795626086011
2016-03-21 01:30:00,52.00295295338735
2016-03-21 01:40:00,51.1623000595242
2016-03-21 01:50:00,50.65629428078727
2016-03-21 02:00:00,50.91027980043348
2016-03-21 02:10:00,50.986473347581644
2016-03-21 02:20:00,55.08607897576613
2016-03-21 02:30:00,53.79497835165364
2016-03-21 02:40:00,51.578031642054995
2016-03-21 02:50:00,45.42659749509496
2016-03-21 03:00:00,46.64318439770898
2016-03-21 03:10:00,50.69731949938615
2016-03-21 03:20:00,48.45277493391723
2016-03-21 03:30:00,44.054028522199964
2016-03-21 03:40:00,47.59819762607878
2016-03-21 03:50:00,55.530135363952574
2016-03-21 04:00:00,56.70617764932299
2016-03-21 04:10:00,58.81389405918306
2016-03-21 04:20:00,54.805982109426246
2016-03-21 04:30:00,53.0329610417874
2016-03-21 04:40:00,56.257161534950114
2016-03-21 04:50:00,55.72536190588557
2016-03-21 05:00:00,54.392134320251664
2016-03-21 05:10:00,55.97092652746167
2016-03-21 05:20:00,56.21544033653946
2016-03-21 05:30:00,54.20859189028198
2016-03-21 05:40:00,51.666974929749045
2016-03-21 05:50:00,46.18766914250185
2016-03-21 06:00:00,48.33902481450213
2016-03-21 06:10:00,53.39555326508149
2016-03-21 06:20:00,55.67465353597821
2016-03-21 06:30:00,66.17718001229925
2016-03-21 06:40:00,64.01788009371015
2016-03-21 06:50:00,66.72140386956632
2016-03-21 07:00:00,150.7635449115723
2016-03-21 07:10:00,82.19269333976129
2016-03-21 07:20:00,74.48678764197103
2016-03-21 07:30:00,74.67029335218432
2016-03-21 07:40:00,78.35144172468804
2016-03-21 07:50:00,77.53205268921376
2016-03-21 08:00:00,71.96193187049347
2016-03-21 08:10:00,86.89520809443455
2016-03-21 08:20:00,105.69804588759042
2016-03-21 08:30:00,119.46059747932544
2016-03-21 08:40:00,127.11021273356943
2016-03-21 08:50:00,141.76780055603663
2016-03-21 09:00:00,133.22179840489957
2016-03-21 09:10:00,81.46039323823706
2016-03-21 09:20:00,55.83579760744031
2016-03-21 09:30:00,58.24791767844205
2016-03-21 09:40:00,58.157110887830214
2016-03-21 09:50:00,53.44544448034252
2016-03-21 10:00:00,53.223336320500565
2016-03-21 10:10:00,49.80869195082295
2016-03-21 10:20:00,54.645433376481414
2016-03-21 10:30:00,53.946415427090294
2016-03-21 10:40:00,49.37837946910406
2016-03-21 10:50:00,68.0489956104456
2016-03-21 11:00:00,62.540084217640285
2016-03-21 11:10:00,48.61381747281483
2016-03-21 11:20:00,65.82398017355413
2016-03-21 11:30:00,63.64566926204397
2016-03-21 11:40:00,58.47809378464916
2016-03-21 11:50:00,58.28779758903477
2016-03-21 12:00:00,58.448121931253404
2016-03-21 12:10:00,63.20890223514472
2016-03-21 12:20:00,57.032295673587754
2016-03-21 12:30:00,53.93884602853165
2016-03-21 12:40:00,46.67464329120235
2016-03-21 12:50:00,41.87746333712116
2016-03-21 13:00:00,51.21190906879246
2016-03-21 13:10:00,52.03235929386334
2016-03-21 13:20:00,50.3510976018792
2016-03-21 13:30:00,51.4412722070162
2016-03-21 13:40:00,57.659479222037696
2016-03-21 13:50:00,57.74435984307588
2016-03-21 14:00:00,60.341290893019206
2016-03-21 14:10:00,44.017550900122906
2016-03-21 14:20:00,41.07262209553907
2016-03-21 14:30:00,47.93357167673772
2016-03-21 14:40:00,53.2777462362157
2016-03-21 14:50:00,64.85736888089355
2016-03-21 15:00:00,59.639234140563595
2016-03-21 15:10:00,57.72339208145209
2016-03-21 15:20:00,54.843190297473654
2016-03-21 15:30:00,52.14401664649613
2016-03-21 15:40:00,46.45912342449645
2016-03-21 15:50:00,51.62053725637932
2016-03-21 16:00:00,49.388761397323556
2016-03-21 16:10:00,46.16015474962032
2016-03-21 16:20:00,52.34367225803587
2016-03-21 16:30:00,48.627113307892515
2016-03-21 16:40:00,60.55730691736334
2016-03-21 16:50:00,56.670686927280045
2016-03-21 17:00:00,45.980514824639926
2016-03-21 17:10:00,44.12703481662419
2016-03-21 17:20:00,48.33012902649991
2016-03-21 17:30:00,53.39341833009164
2016-03-21 17:40:00,60.02695683947124
2016-03-21 17:50:00,55.6705031455953
2016-03-21 18:00:00,54.87188289871123
2016-03-21 18:10:00,57.96362288176032
2016-03-21 18:20:00,134.4825482014778
2016-03-21 18:30:00,113.36397530737061
2016-03-21 18:40:00,205.31636898662066
2016-03-21 18:50:00,199.58157164084247
2016-03-21 19:00:00,244.3719785860056
2016-03-21 19:10:00,135.24460599159872
2016-03-21 19:20:00,121.094022963975
2016-03-21 19:30:00,107.94408234121892
2016-03-21 19:40:00,111.61989580292736
2016-03-21 19:50:00,114.42175154604362
2016-03-21 20:00:00,116.54153231791116
2016-03-21 20:10:00,119.29648894543456
2016-03-21 20:20:00,113.52403974074083
2016-03-21 20:30:00,122.62516587747714
2016-03-21 20:40:00,109.45644840352043
2016-03-21 20:50:00,106.65756055836714
2016-03-21 21:00:00,99.00865325422521
2016-03-21 21:10:00,87.9301468659637
2016-03-21 21:20:00,92.92205113493027
2016-03-21 21:30:00,88.59430706807532
2016-03-21 21:40:00,88.0427367150853
2016-03-21 21:50:00,90.83178448751045
2016-03-21 22:00:00,78.740339755617
2016-03-21 22:10:00,61.627247571346274
2016-03-21 22:20:00,53.83940147626743
2016-03-21 22:30:00,58.960263465479784
2016-03-21 22:40:00,58.816125311089095
2016-03-21 22:50:00,52.774702226917036
2016-03-21 23:00:00,53.40962043245851
2016-03-21 23:10:00,45.377394609545064
2016-03-21 23:20:00,50.73734963560519
2016-03-21 23:30:00,54.84421188754444
2016-03-21 23:40:00,56.907910962540214
2016-03-21 23:50:00,58.42289686172963
2016-03-22 00:00:00,57.451342649568446
2016-03-22 00:10:00,56.319516887148716
2016-03-22 00:20:00,53.95383741849672
2016-03-22 00:30:00,52.801134058656764
2016-03-22 00:40:00,53.649229547951634
2016-03-22 00:50:00,54.47051313789216
2016-03-22 01:00:00,50.29203790504496
2016-03-22 01:10:00,51.32510031048383
2016-03-22 01:20:00,50.88191198156025
2016-03-22 01:30:00,44.22530498900314
2016-03-22 01:40:00,46.92479776073888
2016-03-22 01:50:00,41.07072012029638
2016-03-22 02:00:00,46.819630320081885
2016-03-22 02:10:00,51.455896734601396
2016-03-22 02:20:00,47.37605429586843
2016-03-22 02:30:00,52.008931047997145
2016-03-22 02:40:00,50.309458422177975
2016-03-22 02:50:00,51.00691670114463
2016-03-22 03:00:00,38.64301491946754
2016-03-22 03:10:00,41.30662534953033
2016-03-22 03:20:00,41.09564649099237
2016-03-22 03:30:00,49.72791057071726
2016-03-22 03:40:00,53.97332164039264
2016-03-22 03:50:00,54.532375435530696
2016-03-22 04:00:00,55.08367048889693
2016-03-22 04:10:00,53.94648091086621
2016-03-22 04:20:00,49.76121676105331
2016-03-22 04:30:00,47.58982339145082
2016-03-22 04:40:00,49.02469235634379
2016-03-22 04:50:00,50.55332269681477
2016-03-22 05:00:00,45.47501806502999
2016-03-22 05:10:00,48.48639394510375
2016-03-22 05:20:00,52.82087665875929
2016-03-22 05:30:00,49.91782569833001
2016-03-22 05:40:00,45.56372484739235
2016-03-22 05:50:00,49.85668227561264
2016-03-22 06:00:00,48.18625575364513
2016-03-22 06:10:00,41.684206312900415
2016-03-22 06:20:00,52.4263968867401
2016-03-22 06:30:00,59.05409235053475
2016-03-22 06:40:00,58.26810149868668
2016-03-22 06:50:00,49.51917674790003
2016-03-22 07:00:00,72.87958947887532
2016-03-22 07:10:00,59.239882666644554
2016-03-22 07:20:00,51.96893340125964
2016-03-22 07:30:00,60.8088706711351
2016-03-22 07:40:00,63.593970938733165
2016-03-22 07:50:00,56.53494734202144
2016-03-22 08:00:00,54.12352161339562
2016-03-22 08:10:00,57.32061726823174
2016-03-22 08:20:00,52.933209694320226
2016-03-22 08:30:00,53.09695505287478
2016-03-22 08:40:00,48.96120159041099
2016-03-22 08:50:00,50.11961983757613
2016-03-22 09:00:00,53.190689430026104
2016-03-22 09:10:00,56.02467383669816
2016-03-22 09:20:00,56.43711111195102
2016-03-22 09:30:00,46.89859650271487
2016-03-22 09:40:00,55.12191659648308
2016-03-22 09:50:00,54.00502186266458
2016-03-22 10:00:00,55.07925594085421
2016-03-22 10:10:00,44.483705117734594
2016-03-22 10:20:00,49.231734287577
2016-03-22 10:30:00,50.21542368709524
2016-03-22 10:40:00,45.25666794571472
2016-03-22 10:50:00,47.93374274253362
2016-03-22 11:00:00,52.16471033116449
2016-03-22 11:10:00,58.37857263672395
2016-03-22 11:20:00,61.500924195565204
2016-03-22 11:30:00,60.16480786105311
2016-03-22 11:40:00,47.6280655079799
2016-03-22 11:50:00,52.100309784085226
2016-03-22 12:00:00,57.608019748620144
2016-03-22 12:10:00,57.39692922287091
2016-03-22 12:20:00,54.947859978504276
2016-03-22 12:30:00,57.62461903932521
2016-03-22 12:40:00,58.28125622587756
2016-03-22 12:50:00,48.78068605075629
2016-03-22 13:00:00,48.467004265343036
2016-03-22 13:10:00,52.30662594088128
2016-03-22 13:20:00,49.36476231172722
2016-03-22 13:30:00,57.60794408049682
2016-03-22 13:40:00,56.10273573795457
2016-03-22 13:50:00,51.5450529783171
2016-03-22 14:00:00,49.54407867070493
2016-03-22 14:10:00,62.66719709792701
2016-03-22 14:20:00,49.80402154904947
2016-03-22 14:30:00,49.23898644594064
2016-03-22 14:40:00,53.141614529217776
2016-03-22 14:50:00,53.275963065116585
2016-03-22 15:00:00,52.57551694471234
2016-03-22 15:10:00,42.090991096099785
2016-03-22 15:20:00,49.69180083120242
2016-03-22 15:30:00,51.259756977884436
2016-03-22 15:40:00,54.4625399429768
2016-03-22 15:50:00,57.84682710650762
2016-03-22 16:00:00,60.262168047679836
2016-03-22 16:10:00,49.60940586828844
2016-03-22 16:20:00,49.96197521274039
2016-03-22 16:30:00,54.56511211414496
2016-03-22 16:40:00,55.04229453951488
2016-03-22 16:50:00,57.8454011034413
2016-03-22 17:00:00,51.649829733556544
2016-03-22 17:10:00,53.828591537018596
2016-03-22 17:20:00,48.765785250413714
2016-03-22 17:30:00,48.90519756902446
2016-03-22 17:40:00,46.20467641927774
2016-03-22 17:50:00,71.32185492701115
2016-03-22 18:00:00,91.42912222962939
2016-03-22 18:10:00,104.37853581181068
2016-03-22 18:20:00,141.91235687188728
2016-03-22 18:30:00,163.46781746017564
2016-03-22 18:40:00,209.4271759837436
2016-03-22 18:50:00,181.26128081107595
2016-03-22 19:00:00,250.14499330756908
2016-03-22 19:10:00,175.8308932748464
2016-03-22 19:20:00,163.5069192799848
2016-03-22 19:30:00,153.43421975534343
2016-03-22 19:40:00,110.18223684990089
2016-03-22 19:50:00,118.20663916159268
2016-03-22 20:00:00,121.6812041484174
2016-03-22 20:10:00,130.9237463165946
2016-03-22 20:20:00,121.27154621295595
2016-03-22 20:30:00,119.1936723758534
2016-03-22 20:40:00,101.53770940575957
2016-03-22 20:50:00,102.99714061484748
2016-03-22 21:00:00,104.70429723912535
2016-03-22 21:10:00,97.80491714106385
2016-03-22 21:20:00,93.23432369305593
2016-03-22 21:30:00,93.5055749781771
2016-03-22 21:40:00,92.10214378264838
2016-03-22 21:50:00,88.65215395068248
2016-03-22 22:00:00,84.24708534076426
2016-03-22 22:10:00,76.08832984316018
2016-03-22 22:20:00,61.7522195811017
2016-03-22 22:30:00,50.656918119452186
2016-03-22 22:40:00,48.54366977504576
2016-03-22 22:50:00,51.1286916810607
2016-03-22 23:00:00,53.49891139609521
2016-03-22 23:10:00,56.043176832921404
2016-03-22 23:20:00,54.463046703072415
2016-03-22 23:30:00,48.56772262427324
2016-03-22 23:40:00,45.25665140746246
2016-03-22 23:50:00,54.9499359015366
2016-03-23 00:00:00,55.659779052858866
2016-03-23 00:10:00,55.167597341124264
2016-03-23 00:20:00,54.38250577891741
2016-03-23 00:30:00,53.13614849648998
2016-03-23 00:40:00,48.184247119480396
2016-03-23 00:50:00,47.22605806830417
2016-03-23 01:00:00,51.15029724417723
2016-03-23 01:10:00,52.82757353655023
2016-03-23 01:20:00,52.347111702213176
2016-03-23 01:30:00,46.75539613525966
2016-03-23 01:40:00,52.826496890951645
2016-03-23 01:50:00,54.82216034373053
2016-03-23 02:00:00,50.80125161132296
2016-03-23 02:10:00,51.54141686178931
2016-03-23 02:20:00,48.43959454760116
2016-03-23 02:30:00,42.83471336910601
2016-03-23 02:40:00,40.3952708781681
2016-03-23 02:50:00,42.83851668571571
2016-03-23 03:00:00,54.027917937664704
2016-03-23 03:10:00,55.571954638069506
2016-03-23 03:20:00,56.93400957201089
2016-03-23 03:30:00,56.689373182423104
2016-03-23 03:40:00,53.4474159900436
2016-03-23 03:50:00,49.120459118647155
2016-03-23 04:00:00,54.71245921411015
2016-03-23 04:10:00,53.337828253191766
2016-03-23 04:20:00,53.51900209607232
2016-03-23 04:30:00,53.3551085516325
2016-03-23 04:40:00,52.27845594578583
2016-03-23 04:50:00,53.752098516401944
2016-03-23 05:00:00,53.264372802974435
2016-03-23 05:10:00,47.75409429263451
2016-03-23 05:20:00,45.22879835922621
2016-03-23 05:30:00,48.46738746467081
2016-03-23 05:40:00,47.253168784821
2016-03-23 05:50:00,52.32858836902689
2016-03-23 06:00:00,54.13035429680742
2016-03-23 06:10:00,55.976819116564315
2016-03-23 06:20:00,55.315563330858964
2016-03-23 06:30:00,61.30974460797797
2016-03-23 06:40:00,47.73942914096504
2016-03-23 06:50:00,194.78686264063964
2016-03-23 07:00:00,85.82246074691162
2016-03-23 07:10:00,157.44314853683946
2016-03-23 07:20:00,106.43641308729318
2016-03-23 07:30:00,124.67918132446752
2016-03-23 07:40:00,112.48971912797704
2016-03-23 07:50:00,94.97519422509846
2016-03-23 08:00:00,131.9661091033246
2016-03-23 08:10:00,174.96049805167723
2016-03-23 08:20:00,175.02273558924088
2016-03-23 08:30:00,130.22046511125268
2016-03-23 08:40:00,98.03828865968686
2016-03-23 08:50:00,69.36245758893457
2016-03-23 09:00:00,68.22261676921798
2016-03-23 09:10:00,61.77061476882502
2016-03-23 09:20:00,72.18218341856058
2016-03-23 09:30:00,62.199081927474765
2016-03-23 09:40:00,56.299286461819676
2016-03-23 09:50:00,78.02991712913152
2016-03-23 10:00:00,77.45638609354191
2016-03-23 10:10:00,84.2067877786748
2016-03-23 10:20:00,89.50092130422864
2016-03-23 10:30:00,79.65885191459134
2016-03-23 10:40:00,66.20089865261171
2016-03-23 10:50:00,77.98316769205603
2016-03-23 11:00:00,59.269422889448045
2016-03-23 11:10:00,50.728099519192384
2016-03-23 11:20:00,55.51130937915405
2016-03-23 11:30:00,66.7429127748877
2016-03-23 11:40:00,69.24269629633216
2016-03-23 11:50:00,73.97430108821634
2016-03-23 12:00:00,77.58964956516658
2016-03-23 12:10:00,81.28970162443568
2016-03-23 12:20:00,66.41196715306599
2016-03-23 12:30:00,57.65392755520828
2016-03-23 12:40:00,63.90316814358721
2016-03-23 12:50:00,66.30031633861744
2016-03-23 13:00:00,62.44788475996
2016-03-23 13:10:00,56.83774066084989
2016-03-23 13:20:00,54.613724190246224
2016-03-23 13:30:00,57.67623644133421
2016-03-23 13:40:00,57.838404838285484
2016-03-23 13:50:00,54.746283097608156
2016-03-23 14:00:00,69.12614328561436
2016-03-23 14:10:00,77.73007457794986
2016-03-23 14:20:00,83.8194918033012
2016-03-23 14:30:00,88.83259196005048
2016-03-23 14:40:00,102.58261327783
2016-03-23 14:50:00,100.59871860622228
2016-03-23 15:00:00,92.65439072492735
2016-03-23 15:10:00,96.3666025519432
2016-03-23 15:20:00,85.28256545614661
2016-03-23 15:30:00,93.25611546057586
2016-03-23 15:40:00,77.87364328852843
2016-03-23 15:50:00,75.34342262241303
2016-03-23 16:00:00,86.4298681603986
2016-03-23 16:10:00,94.9535634430704
2016-03-23 16:20:00,113.21137109696113
2016-03-23 16:30:00,109.79702710740436
2016-03-23 16:40:00,106.2584655449536
2016-03-23 16:50:00,101.37717239244107
2016-03-23 17:00:00,115.88575350671299
2016-03-23 17:10:00,131.3203607461447
2016-03-23 17:20:00,129.0004663404084
2016-03-23 17:30:00,146.58288052235864
2016-03-23 17:40:00,137.8362014542517
2016-03-23 17:50:00,127.32021070176916
2016-03-23 18:00:00,134.92824937096353
2016-03-23 18:10:00,143.79219826740172
2016-03-23 18:20:00,120.55899001118607
2016-03-23 18:30:00,213.62602865278572
2016-03-23 18:40:00,141.9195956255853
2016-03-23 18:50:00,112.41549789522249
2016-03-23 19:00:00,104.42492127758055
2016-03-23 19:10:00,115.58064110548361
2016-03-23 19:20:00,116.06259104442805
2016-03-23 19:30:00,141.26763544754638
2016-03-23 19:40:00,109.19287509071589
2016-03-23 19:50:00,98.2806255642073
2016-03-23 20:00:00,110.81882232964327
2016-03-23 20:10:00,114.03130306206192
2016-03-23 20:20:00,114.4625305540766
2016-03-23 20:30:00,109.90284130402327
2016-03-23 20:40:00,106.89096639477486
2016-03-23 20:50:00,111.26560550039797
2016-03-23 21:00:00,109.2342940415407
2016-03-23 21:10:00,100.24637674483293
2016-03-23 21:20:00,85.5238622751563
2016-03-23 21:30:00,79.670550637587
2016-03-23 21:40:00,80.6275501228534
2016-03-23 21:50:00,78.84763150260021
2016-03-23 22:00:00,74.38376483311524
2016-03-23 22:10:00,71.53896287088983
2016-03-23 22:20:00,58.2611350203517
2016-03-23 22:30:00,57.5478676663819
2016-03-23 22:40:00,52.9360282803968
2016-03-23 22:50:00,57.955803371091335
2016-03-23 23:00:00,53.31859300588504
2016-03-23 23:10:00,55.27642290247593
2016-03-23 23:20:00,54.6239088938971
2016-03-23 23:30:00,54.42519345761924
2016-03-23 23:40:00,52.08073134049716
2016-03-23 23:50:00,45.13728926082943
2016-03-24 00:00:00,38.58866472603128
2016-03-24 00:10:00,52.1504350500298
2016-03-24 00:20:00,54.70015062796178
2016-03-24 00:30:00,53.630194408436
2016-03-24 00:40:00,52.11087919625513
2016-03-24 00:50:00,51.33304554201538
2016-03-24 01:00:00,53.33294352790578
2016-03-24 01:10:00,51.717164433633116
2016-03-24 01:20:00,52.433876773452525
2016-03-24 01:30:00,50.45051345404719
2016-03-24 01:40:00,49.02603378276761
2016-03-24 01:50:00,49.564284238591426
2016-03-24 02:00:00,49.9033347411446
2016-03-24 02:10:00,49.86963823824287
2016-03-24 02:20:00,48.94240756331491
2016-03-24 02:30:00,48.23767186645735
2016-03-24 02:40:00,51.13922718419561
2016-03-24 02:50:00,51.29436184324149
2016-03-24 03:00:00,46.637514312558686
2016-03-24 03:10:00,39.70181008944954
2016-03-24 03:20:00,47.538509173605306
2016-03-24 03:30:00,52.52955620357292
2016-03-24 03:40:00,52.513078323881864
2016-03-24 03:50:00,50.515025033269346
2016-03-24 04:00:00,47.908149785268954
2016-03-24 04:10:00,47.43455012857067
2016-03-24 04:20:00,43.063338145639676
2016-03-24 04:30:00,37.652680757953604
2016-03-24 04:40:00,48.05736753901292
2016-03-24 04:50:00,54.24277591452256
2016-03-24 05:00:00,56.45757964974489
2016-03-24 05:10:00,56.21441411780365
2016-03-24 05:20:00,56.60180062011377
2016-03-24 05:30:00,56.370925305655575
2016-03-24 05:40:00,52.605015219160556
2016-03-24 05:50:00,51.54170907769956
2016-03-24 06:00:00,53.900103028962505
2016-03-24 06:10:00,55.37862785566174
2016-03-24 06:20:00,54.915551966955306
2016-03-24 06:30:00,61.2546402221276
2016-03-24 06:40:00,55.87859316636254
2016-03-24 06:50:00,53.27610644974396
2016-03-24 07:00:00,67.36760501696202
2016-03-24 07:10:00,64.27816077282846
2016-03-24 07:20:00,83.12171068789365
2016-03-24 07:30:00,65.75901696151256
2016-03-24 07:40:00,55.445145455466125
2016-03-24 07:50:00,48.83375296870793
2016-03-24 08:00:00,53.18888005755477
2016-03-24 08:10:00,52.965370246546954
2016-03-24 08:20:00,53.64515150427043
2016-03-24 08:30:00,58.09350887998397
2016-03-24 08:40:00,51.80586059834492
2016-03-24 08:50:00,60.50587201028167
2016-03-24 09:00:00,59.546418808302974
2016-03-24 09:10:00,65.67171734022924
2016-03-24 09:20:00,67.51008718428155
2016-03-24 09:30:00,68.77419370573028
2016-03-24 09:40:00,73.62816316441575
2016-03-24 09:50:00,73.51469257382831
2016-03-24 10:00:00,77.36582452307086
2016-03-24 10:10:00,73.88831918073281
2016-03-24 10:20:00,75.7145746806149
2016-03-24 10:30:00,73.89923720256571
2016-03-24 10:40:00,73.20081541889843
2016-03-24 10:50:00,71.19951258798756
2016-03-24 11:00:00,67.52207016050916
2016-03-24 11:10:00,63.49017757797657
2016-03-24 11:20:00,64.47311393188936
2016-03-24 11:30:00,59.696723098828265
2016-03-24 11:40:00,46.068686810552514
2016-03-24 11:50:00,42.53133830084791
2016-03-24 12:00:00,37.15592936958606
2016-03-24 12:10:00,46.515304332058086
2016-03-24 12:20:00,54.61034848136123
2016-03-24 12:30:00,54.32970179969077
2016-03-24 12:40:00,58.38905516650137
2016-03-24 12:50:00,55.310000853171374
2016-03-24 13:00:00,56.181436046351095
2016-03-24 13:10:00,50.0236323729389
2016-03-24 13:20:00,48.642508992648516
2016-03-24 13:30:00,46.6168647083493
2016-03-24 13:40:00,52.244217260689254
2016-03-24 13:50:00,54.91862742887898
2016-03-24 14:00:00,51.78827594108148
2016-03-24 14:10:00,48.29495356553889
2016-03-24 14:20:00,47.26427272699775
2016-03-24 14:30:00,48.74710623467464
2016-03-24 14:40:00,54.21619406703707
2016-03-24 14:50:00,44.81120056471534
2016-03-24 15:00:00,47.064414085265554
2016-03-24 15:10:00,50.473187495261314
2016-03-24 15:20:00,49.98204201779321
2016-03-24 15:30:00,47.542637693715825
2016-03-24 15:40:00,45.431682603788545
2016-03-24 15:50:00,38.88873511005109
2016-03-24 16:00:00,46.60237711242293
2016-03-24 16:10:00,57.44269838108805
2016-03-24 16:20:00,86.80267068707427
2016-03-24 16:30:00,85.07585737194621
2016-03-24 16:40:00,132.12819665402378
2016-03-24 16:50:00,131.0804599914679
2016-03-24 17:00:00,142.3199205751088
2016-03-24 17:10:00,141.79913940545285
2016-03-24 17:20:00,130.8363381365677
2016-03-24 17:30:00,122.1413638442178
2016-03-24 17:40:00,112.70884827084478
2016-03-24 17:50:00,129.46783340533656
2016-03-24 18:00:00,127.5996809365943
2016-03-24 18:10:00,136.85530866010112
2016-03-24 18:20:00,144.18194743463556
2016-03-24 18:30:00,217.02449116944334
2016-03-24 18:40:00,221.56005477846034
2016-03-24 18:50:00,145.8936634877026
2016-03-24 19:00:00,145.26821091015105
2016-03-24 19:10:00,101.50140356166943
2016-03-24 19:20:00,107.96264192561821
2016-03-24 19:30:00,115.61162836029912
2016-03-24 19:40:00,111.4038386268876
2016-03-24 19:50:00,111.38934508625883
2016-03-24 20:00:00,102.63745477027088
2016-03-24 20:10:00,108.47762013556611
2016-03-24 20:20:00,98.18959238624925
2016-03-24 20:30:00,94.6797715133724
2016-03-24 20:40:00,95.1625037398182
2016-03-24 20:50:00,95.55685843909204
2016-03-24 21:00:00,91.33817740690573
2016-03-24 21:10:00,79.61302990170273
2016-03-24 21:20:00,89.31689123755677
2016-03-24 21:30:00,78.1685239002608
2016-03-24 21:40:00,83.44670234294857
2016-03-24 21:50:00,77.56861374727738
2016-03-24 22:00:00,73.1813800810018
2016-03-24 22:10:00,69.97157071842
2016-03-24 22:20:00,54.15103708416761
2016-03-24 22:30:00,60.49156773668947
2016-03-24 22:40:00,46.40659454609806
2016-03-24 22:50:00,46.37379376075254
2016-03-24 23:00:00,54.894311575381735
2016-03-24 23:10:00,54.012252898079474
2016-03-24 23:20:00,48.84646813752806
2016-03-24 23:30:00,45.867232314747625
2016-03-24 23:40:00,49.48893155319475
2016-03-24 23:50:00,51.70533125453289
2016-03-25 00:00:00,46.727459700957624
2016-03-25 00:10:00,52.817974295749735
2016-03-25 00:20:00,54.60539243714652
2016-03-25 00:30:00,53.860573346171556
2016-03-25 00:40:00,52.295735983272394
2016-03-25 00:50:00,46.801763426623005
2016-03-25 01:00:00,47.06163026344788
2016-03-25 01:10:00,45.72452037496264
2016-03-25 01:20:00,42.83363025047816
2016-03-25 01:30:00,46.88045473478619
2016-03-25 01:40:00,53.1033123036324
2016-03-25 01:50:00,55.113693728860326
2016-03-25 02:00:00,55.77767307458448
2016-03-25 02:10:00,52.72914903961459
2016-03-25 02:20:00,50.666824619958945
2016-03-25 02:30:00,53.07508433868111
2016-03-25 02:40:00,51.48013546347117
2016-03-25 02:50:00,49.52480846683416
2016-03-25 03:00:00,48.77285545619537
2016-03-25 03:10:00,49.575443839982874
2016-03-25 03:20:00,52.69433062690784
2016-03-25 03:30:00,52.67011742533563
2016-03-25 03:40:00,46.625059906314405
2016-03-25 03:50:00,48.83183666898461
2016-03-25 04:00:00,46.28573962105393
2016-03-25 04:10:00,45.91977864453308
2016-03-25 04:20:00,47.59112055048704
2016-03-25 04:30:00,52.76632346278554
2016-03-25 04:40:00,50.58454568324475
2016-03-25 04:50:00,51.56706708292096
2016-03-25 05:00:00,47.10391857311294
2016-03-25 05:10:00,45.986231769796845
2016-03-25 05:20:00,48.87469781972356
2016-03-25 05:30:00,46.66632973306419
2016-03-25 05:40:00,54.86568624150948
2016-03-25 05:50:00,54.68979710169363
2016-03-25 06:00:00,53.053885988911524
2016-03-25 06:10:00,47.16880524378238
2016-03-25 06:20:00,48.585648779437804
2016-03-25 06:30:00,48.81565004451893
2016-03-25 06:40:00,51.1679988932318
2016-03-25 06:50:00,59.37169984199413
2016-03-25 07:00:00,57.181615586638934
2016-03-25 07:10:00,60.90855458899156
2016-03-25 07:20:00,60.78193580649107
2016-03-25 07:30:00,73.34472421962363
2016-03-25 07:40:00,72.26647704331263
2016-03-25 07:50:00,66.094721441184
2016-03-25 08:00:00,71.06812333173401
2016-03-25 08:10:00,63.220372711830095
2016-03-25 08:20:00,68.44101380660882
2016-03-25 08:30:00,56.778800339007624
2016-03-25 08:40:00,60.94201472036131
2016-03-25 08:50:00,60.37098235632397
2016-03-25 09:00:00,170.21699700715484
2016-03-25 09:10:00,79.90461659269076
2016-03-25 09:20:00,166.18940240664656
2016-03-25 09:30:00,139.44460957212578
2016-03-25 09:40:00,161.28927418342678
2016-03-25 09:50:00,131.22098650187093
2016-03-25 10:00:00,101.93507935495971
2016-03-25 10:10:00,126.76767925769103
2016-03-25 10:20:00,169.54282029199075
2016-03-25 10:30:00,171.53793008834208
2016-03-25 10:40:00,187.13344515305025
2016-03-25 10:50:00,143.64209171379667
2016-03-25 11:00:00,83.61269718626498
2016-03-25 11:10:00,65.47941699706284
2016-03-25 11:20:00,187.63064231070604
2016-03-25 11:30:00,245.37864532203258
2016-03-25 11:40:00,284.80863410902714
2016-03-25 11:50:00,283.2686112375991
2016-03-25 12:00:00,283.5237623346
2016-03-25 12:10:00,238.67177132447733
2016-03-25 12:20:00,200.240128004506
2016-03-25 12:30:00,156.04714470501145
2016-03-25 12:40:00,175.13258237736156
2016-03-25 12:50:00,168.46318110948002
2016-03-25 13:00:00,198.25085857778728
2016-03-25 13:10:00,214.38089808913665
2016-03-25 13:20:00,360.0149947574848
2016-03-25 13:30:00,332.5154042875682
2016-03-25 13:40:00,289.7774610693506
2016-03-25 13:50:00,279.94172313430226
2016-03-25 14:00:00,247.73643098705998
2016-03-25 14:10:00,231.21124713520337
2016-03-25 14:20:00,153.450294358708
2016-03-25 14:30:00,144.66495587377267
2016-03-25 14:40:00,167.97472125046556
2016-03-25 14:50:00,174.05557819772105
2016-03-25 15:00:00,414.0573484363088
2016-03-25 15:10:00,356.6548852064596
2016-03-25 15:20:00,303.5653532711369
2016-03-25 15:30:00,271.86211073563294
2016-03-25 15:40:00,283.8636863585323
2016-03-25 15:50:00,249.71941876974765
2016-03-25 16:00:00,164.12817263761517
2016-03-25 16:10:00,175.39708586689446
2016-03-25 16:20:00,187.34514617163467
2016-03-25 16:30:00,187.58714003001475
2016-03-25 16:40:00,417.9554799088341
2016-03-25 16:50:00,381.1618484956477
2016-03-25 17:00:00,344.0960920502215
2016-03-25 17:10:00,299.7737710692432
2016-03-25 17:20:00,302.24959447903984
2016-03-25 17:30:00,274.83113385299094
2016-03-25 17:40:00,196.84367985472295
2016-03-25 17:50:00,175.12362643138107
2016-03-25 18:00:00,170.44634173758706
2016-03-25 18:10:00,174.98139991477
2016-03-25 18:20:00,392.6065271307719
2016-03-25 18:30:00,333.13487419098897
2016-03-25 18:40:00,302.6146887023334
2016-03-25 18:50:00,324.13413998517683
2016-03-25 19:00:00,293.6594090586028
2016-03-25 19:10:00,295.01902630685265
2016-03-25 19:20:00,288.8655040416553
2016-03-25 19:30:00,251.07790947388278
2016-03-25 19:40:00,119.45464459426772
2016-03-25 19:50:00,138.09774973489667
2016-03-25 20:00:00,147.98454838604437
2016-03-25 20:10:00,139.70770658626037
2016-03-25 20:20:00,131.675558090498
2016-03-25 20:30:00,118.22261334685716
2016-03-25 20:40:00,141.84350201546007
2016-03-25 20:50:00,111.52878108890103
2016-03-25 21:00:00,111.58937440148955
2016-03-25 21:10:00,97.68118506026677
2016-03-25 21:20:00,98.5199102404683
2016-03-25 21:30:00,100.54970603977215
2016-03-25 21:40:00,86.58778174981155
2016-03-25 21:50:00,93.51281356728288
2016-03-25 22:00:00,94.04338027082011
2016-03-25 22:10:00,92.35569544199063
2016-03-25 22:20:00,73.88404934125451
2016-03-25 22:30:00,54.54242719536797
2016-03-25 22:40:00,53.169911654969816
2016-03-25 22:50:00,49.04558691955511
2016-03-25 23:00:00,51.10909265430933
2016-03-25 23:10:00,55.33593655499213
2016-03-25 23:20:00,53.49894387131138
2016-03-25 23:30:00,50.480175100361485
2016-03-25 23:40:00,50.6263137632206
2016-03-25 23:50:00,52.03857247471484
2016-03-26 00:00:00,54.25919479292922
2016-03-26 00:10:00,53.969269637315755
2016-03-26 00:20:00,54.847021633925664
2016-03-26 00:30:00,50.129352207272426
2016-03-26 00:40:00,51.41401134301894
2016-03-26 00:50:00,51.80302241083225
2016-03-26 01:00:00,51.86373371306753
2016-03-26 01:10:00,52.080695493027356
2016-03-26 01:20:00,51.660688128027054
2016-03-26 01:30:00,51.34250572400963
2016-03-26 01:40:00,53.413042141690305
2016-03-26 01:50:00,53.81753329585482
2016-03-26 02:00:00,49.52548086296784
2016-03-26 02:10:00,50.67219836221408
2016-03-26 02:20:00,52.80048646247468
2016-03-26 02:30:00,49.53541530400895
2016-03-26 02:40:00,47.437775030983865
2016-03-26 02:50:00,49.62983264829713
2016-03-26 03:00:00,51.55996326953239
2016-03-26 03:10:00,51.831367077697976
2016-03-26 03:20:00,47.38668289711159
2016-03-26 03:30:00,47.54075754409667
2016-03-26 03:40:00,50.97503130541047
2016-03-26 03:50:00,49.33472353938675
2016-03-26 04:00:00,54.75760400428344
2016-03-26 04:10:00,56.04815904229063
2016-03-26 04:20:00,56.03310383357732
2016-03-26 04:30:00,52.47196316659905
2016-03-26 04:40:00,50.432209376025334
2016-03-26 04:50:00,54.92201518654355
2016-03-26 05:00:00,54.625756238129384
2016-03-26 05:10:00,55.61287713168916
2016-03-26 05:20:00,55.232899790157376
2016-03-26 05:30:00,50.607014324391066
2016-03-26 05:40:00,49.10256851087723
2016-03-26 05:50:00,52.17897043318535
2016-03-26 06:00:00,51.80136529871378
2016-03-26 06:10:00,55.50253339767272
2016-03-26 06:20:00,58.847785262587614
2016-03-26 06:30:00,58.0134100539833
2016-03-26 06:40:00,55.48027238222642
2016-03-26 06:50:00,50.882111903924226
2016-03-26 07:00:00,56.876260972631236
2016-03-26 07:10:00,53.110654804711736
2016-03-26 07:20:00,60.22371079101015
2016-03-26 07:30:00,60.22771182809101
2016-03-26 07:40:00,57.57865854188834
2016-03-26 07:50:00,56.4513372165917
2016-03-26 08:00:00,60.43803016332268
2016-03-26 08:10:00,65.29905880827891
2016-03-26 08:20:00,68.14594323146802
2016-03-26 08:30:00,71.60091350663552
2016-03-26 08:40:00,64.51000416607745
2016-03-26 08:50:00,70.83288766840661
2016-03-26 09:00:00,73.80122793817057
2016-03-26 09:10:00,82.95547922472004
2016-03-26 09:20:00,79.1992828642121
2016-03-26 09:30:00,75.94445391291194
2016-03-26 09:40:00,75.9266466024427
2016-03-26 09:50:00,75.8497673278167
2016-03-26 10:00:00,89.82740857834166
2016-03-26 10:10:00,70.28729414791103
2016-03-26 10:20:00,107.28389722867283
2016-03-26 10:30:00,110.35169733847505
2016-03-26 10:40:00,83.61585855596906
2016-03-26 10:50:00,136.2986517862617
2016-03-26 11:00:00,114.2788636296181
2016-03-26 11:10:00,120.84953241517617
2016-03-26 11:20:00,123.12701188664016
2016-03-26 11:30:00,156.4734347598876
2016-03-26 11:40:00,168.53755979835574
2016-03-26 11:50:00,172.16654798152965
2016-03-26 12:00:00,263.34839717527484
2016-03-26 12:10:00,270.1236130762074
2016-03-26 12:20:00,256.06923289770066
2016-03-26 12:30:00,211.4925867678677
2016-03-26 12:40:00,162.96203227480981
2016-03-26 12:50:00,126.25890424711093
2016-03-26 13:00:00,99.45298409917724
2016-03-26 13:10:00,96.64921497322585
2016-03-26 13:20:00,119.14488390830905
2016-03-26 13:30:00,122.70638302596049
2016-03-26 13:40:00,140.43570590183094
2016-03-26 13:50:00,84.9398816825088
2016-03-26 14:00:00,80.73610585550865
2016-03-26 14:10:00,80.16131955060072
2016-03-26 14:20:00,78.46223252973682
2016-03-26 14:30:00,80.57743952770461
2016-03-26 14:40:00,72.49011154113076
2016-03-26 14:50:00,77.42675924508926
2016-03-26 15:00:00,76.07867432778713
2016-03-26 15:10:00,70.37715280353888
2016-03-26 15:20:00,66.04367993944128
2016-03-26 15:30:00,73.96057017561928
2016-03-26 15:40:00,72.88107851076747
2016-03-26 15:50:00,74.77084587627967
2016-03-26 16:00:00,60.69308645782101
2016-03-26 16:10:00,73.97542414536369
2016-03-26 16:20:00,67.5459035258107
2016-03-26 16:30:00,57.236708667565225
2016-03-26 16:40:00,81.35116835750723
2016-03-26 16:50:00,94.41384100692493
2016-03-26 17:00:00,97.96817338656805
2016-03-26 17:10:00,104.45627798989152
2016-03-26 17:20:00,122.9738248959267
2016-03-26 17:30:00,120.75212581053704
2016-03-26 17:40:00,120.81779207742808
2016-03-26 17:50:00,121.9392550724581
2016-03-26 18:00:00,122.49926495238044
2016-03-26 18:10:00,145.78042899580828
2016-03-26 18:20:00,138.48956939602485
2016-03-26 18:30:00,153.59338292904755
2016-03-26 18:40:00,147.347234690949
2016-03-26 18:50:00,133.9562189123937
2016-03-26 19:00:00,129.1587680990089
2016-03-26 19:10:00,154.35707275354127
2016-03-26 19:20:00,179.38135083090935
2016-03-26 19:30:00,138.57390632481105
2016-03-26 19:40:00,121.98624680661639
2016-03-26 19:50:00,114.76911784101343
2016-03-26 20:00:00,121.43365062250673
2016-03-26 20:10:00,131.3451476271602
2016-03-26 20:20:00,139.59437578652637
2016-03-26 20:30:00,111.86238331752811
2016-03-26 20:40:00,121.61457561716206
2016-03-26 20:50:00,123.51891275810702
2016-03-26 21:00:00,119.48571385359367
2016-03-26 21:10:00,109.93186989324494
2016-03-26 21:20:00,101.29160560134243
2016-03-26 21:30:00,104.86984541368032
2016-03-26 21:40:00,106.4191120114953
2016-03-26 21:50:00,103.84667171974519
2016-03-26 22:00:00,97.73428460336744
2016-03-26 22:10:00,100.708373783171
2016-03-26 22:20:00,106.50354407208266
2016-03-26 22:30:00,98.86660296060283
2016-03-26 22:40:00,91.68028136645931
2016-03-26 22:50:00,84.85765311750326
2016-03-26 23:00:00,80.41295217121245
2016-03-26 23:10:00,64.7974568337861
2016-03-26 23:20:00,53.946084735214114
2016-03-26 23:30:00,53.738462514319814
2016-03-26 23:40:00,52.15780872545904
2016-03-26 23:50:00,52.87822907367754
2016-03-27 00:00:00,49.79767259028393
2016-03-27 00:10:00,52.86516699045911
2016-03-27 00:20:00,54.21490429915765
2016-03-27 00:30:00,53.73346023633501
2016-03-27 00:40:00,41.844793761624004
2016-03-27 00:50:00,45.183665114537156
2016-03-27 01:00:00,54.987426897586936
2016-03-27 01:10:00,53.99083025055582
2016-03-27 01:20:00,58.06898689330096
2016-03-27 01:30:00,56.28019181471598
2016-03-27 01:40:00,57.500177858220624
2016-03-27 01:50:00,54.10437271393088
2016-03-27 02:00:00,54.68980926946964
2016-03-27 02:10:00,53.54145969202036
2016-03-27 02:20:00,52.629731668537886
2016-03-27 02:30:00,53.47560675952004
2016-03-27 02:40:00,53.632194311149306
2016-03-27 02:50:00,52.90740896361243
2016-03-27 03:00:00,51.47347489827311
2016-03-27 03:10:00,53.59733075206149
2016-03-27 03:20:00,50.70375214508608
2016-03-27 03:30:00,52.37470521201238
2016-03-27 03:40:00,49.338420913394536
2016-03-27 03:50:00,48.39952301459383
2016-03-27 04:00:00,50.38310849496184
2016-03-27 04:10:00,53.34727948979684
2016-03-27 04:20:00,53.60741609351431
2016-03-27 04:30:00,47.371449934271105
2016-03-27 04:40:00,55.35568133370601
2016-03-27 04:50:00,56.072926977239455
2016-03-27 05:00:00,54.41830772123148
2016-03-27 05:10:00,57.05240899103607
2016-03-27 05:20:00,54.38790072432287
2016-03-27 05:30:00,52.62473378387767
2016-03-27 05:40:00,48.34635784305516
2016-03-27 05:50:00,50.49254734835623
2016-03-27 06:00:00,57.2965896984843
2016-03-27 06:10:00,55.59530398109343
2016-03-27 06:20:00,57.02486245076425
2016-03-27 06:30:00,57.14804768590537
2016-03-27 06:40:00,56.14926704267089
2016-03-27 06:50:00,59.84511024839487
2016-03-27 07:00:00,56.947975459791174
2016-03-27 07:10:00,56.07370692298017
2016-03-27 07:20:00,52.93572509588124
2016-03-27 07:30:00,54.69281811024256
2016-03-27 07:40:00,61.46942537266247
2016-03-27 07:50:00,58.9524844546813
2016-03-27 08:00:00,60.68604936331772
2016-03-27 08:10:00,57.276112814027606
2016-03-27 08:20:00,51.79993896537314
2016-03-27 08:30:00,55.28084626405504
2016-03-27 08:40:00,59.76354722515428
2016-03-27 08:50:00,59.779455579673495
2016-03-27 09:00:00,76.6174897524943
2016-03-27 09:10:00,70.99518882990377
2016-03-27 09:20:00,65.25037472843827
2016-03-27 09:30:00,75.25653580529236
2016-03-27 09:40:00,80.36882059529825
2016-03-27 09:50:00,79.10056786996223
2016-03-27 10:00:00,82.83576677320865
2016-03-27 10:10:00,100.5666044619952
2016-03-27 10:20:00,83.61265516991915
2016-03-27 10:30:00,91.02804423159738
2016-03-27 10:40:00,80.01036363315063
2016-03-27 10:50:00,87.89506226049993
2016-03-27 11:00:00,90.53071135315444
2016-03-27 11:10:00,80.14837542109315
2016-03-27 11:20:00,84.52564900732025
2016-03-27 11:30:00,77.30080776311962
2016-03-27 11:40:00,79.63014143874801
2016-03-27 11:50:00,76.89208714140116
2016-03-27 12:00:00,75.82206020771211
2016-03-27 12:10:00,76.35825741274006
2016-03-27 12:20:00,73.74512597803869
2016-03-27 12:30:00,76.20834816658495
2016-03-27 12:40:00,75.49832976248351
2016-03-27 12:50:00,75.65891006789916
2016-03-27 13:00:00,74.60754843839365
2016-03-27 13:10:00,67.42225156929857
2016-03-27 13:20:00,72.93790416766062
2016-03-27 13:30:00,60.702407585671594
2016-03-27 13:40:00,66.36904251542231
2016-03-27 13:50:00,72.3580961026694
2016-03-27 14:00:00,61.95649911882813
2016-03-27 14:10:00,68.32709506218352
2016-03-27 14:20:00,62.864592195709605
2016-03-27 14:30:00,54.93084764696978
2016-03-27 14:40:00,56.29502090757196
2016-03-27 14:50:00,64.08168806364357
2016-03-27 15:00:00,71.8773545948385
2016-03-27 15:10:00,70.62122110503044
2016-03-27 15:20:00,67.78267018260922
2016-03-27 15:30:00,66.35972364832284
2016-03-27 15:40:00,57.85716081687071
2016-03-27 15:50:00,66.53490336660046
2016-03-27 16:00:00,62.54587369220317
2016-03-27 16:10:00,76.08318250868713
2016-03-27 16:20:00,72.70594172602604
2016-03-27 16:30:00,60.288494056243486
2016-03-27 16:40:00,77.95822479489611
2016-03-27 16:50:00,71.72477059078142
2016-03-27 17:00:00,75.01860106228298
2016-03-27 17:10:00,66.02415632262446
2016-03-27 17:20:00,74.3087270335768
2016-03-27 17:30:00,73.06103918687445
2016-03-27 17:40:00,71.35465260092874
2016-03-27 17:50:00,107.72271511658894
2016-03-27 18:00:00,204.36756547818874
2016-03-27 18:10:00,178.06978549784785
2016-03-27 18:20:00,156.51202502024088
2016-03-27 18:30:00,171.09493640170925
2016-03-27 18:40:00,157.2103556998796
2016-03-27 18:50:00,127.77344386744306
2016-03-27 19:00:00,121.57464021590785
2016-03-27 19:10:00,118.43851006282581
2016-03-27 19:20:00,119.29414254006751
2016-03-27 19:30:00,116.19970482573676
2016-03-27 19:40:00,104.79043669955048
2016-03-27 19:50:00,105.84590817915173
2016-03-27 20:00:00,88.10637239590093
2016-03-27 20:10:00,86.90163481966226
2016-03-27 20:20:00,83.92697942232559
2016-03-27 20:30:00,82.50575982681339
2016-03-27 20:40:00,76.74376042756575
2016-03-27 20:50:00,74.84745464046841
2016-03-27 21:00:00,70.15506099017118
2016-03-27 21:10:00,76.79755562244218
2016-03-27 21:20:00,86.69054976013828
2016-03-27 21:30:00,82.70922555536292
2016-03-27 21:40:00,80.50262594434437
2016-03-27 21:50:00,74.92900172802914
2016-03-27 22:00:00,76.11783134499272
2016-03-27 22:10:00,72.31916348121041
2016-03-27 22:20:00,72.93731075503953
2016-03-27 22:30:00,75.33645658758012
2016-03-27 22:40:00,75.3080929371281
2016-03-27 22:50:00,70.71716431430512
2016-03-27 23:00:00,63.05913891389271
2016-03-27 23:10:00,67.9799106950443
2016-03-27 23:20:00,55.177745111189545
2016-03-27 23:30:00,56.659977426004545
2016-03-27 23:40:00,48.81415198873401
2016-03-27 23:50:00,44.55517985147186
2016-03-28 00:00:00,52.730995357030906
2016-03-28 00:10:00,54.73205853672156
2016-03-28 00:20:00,54.983789424544824
2016-03-28 00:30:00,56.38970708033587
2016-03-28 00:40:00,53.502425326717834
2016-03-28 00:50:00,52.02577820341002
2016-03-28 01:00:00,48.074385847109816
2016-03-28 01:10:00,54.95506602884254
2016-03-28 01:20:00,55.334759383976916
2016-03-28 01:30:00,57.08590552856934
2016-03-28 01:40:00,57.42467676710807
2016-03-28 01:50:00,59.097559982164796
2016-03-28 02:00:00,55.79757944335603
2016-03-28 02:10:00,52.83978593696639
2016-03-28 02:20:00,56.42684421698891
2016-03-28 02:30:00,54.89133070453294
2016-03-28 02:40:00,53.13917770516021
2016-03-28 02:50:00,47.97896395255486
2016-03-28 03:00:00,54.069067823330776
2016-03-28 03:10:00,56.718499603052074
2016-03-28 03:20:00,56.329559621810894
2016-03-28 03:30:00,58.16937362040078
2016-03-28 03:40:00,50.172560940342585
2016-03-28 03:50:00,55.98859367171821
2016-03-28 04:00:00,56.23209310892626
2016-03-28 04:10:00,54.73672141902512
2016-03-28 04:20:00,49.68113701019615
2016-03-28 04:30:00,54.616549957520576
2016-03-28 04:40:00,57.407059795100885
2016-03-28 04:50:00,52.97721614320752
2016-03-28 05:00:00,58.163571568034584
2016-03-28 05:10:00,57.566489151291194
2016-03-28 05:20:00,55.6371399655687
2016-03-28 05:30:00,54.63941876701263
2016-03-28 05:40:00,54.97810405275269
2016-03-28 05:50:00,51.5825016612921
2016-03-28 06:00:00,55.50866039089617
2016-03-28 06:10:00,54.258681114621645
2016-03-28 06:20:00,56.8986938368481
2016-03-28 06:30:00,54.246742732077514
2016-03-28 06:40:00,48.326055020713454
2016-03-28 06:50:00,55.5825317363168
2016-03-28 07:00:00,57.0146518224698
2016-03-28 07:10:00,61.32251973142575
2016-03-28 07:20:00,66.45199430937569
2016-03-28 07:30:00,60.53405541982696
2016-03-28 07:40:00,62.792059171780586
2016-03-28 07:50:00,70.08894216785305
2016-03-28 08:00:00,68.38878624392468
2016-03-28 08:10:00,70.70520903005117
2016-03-28 08:20:00,71.32892008914177
2016-03-28 08:30:00,88.39931663257339
2016-03-28 08:40:00,73.95149817876396
2016-03-28 08:50:00,75.0537024897683
2016-03-28 09:00:00,78.86187669472997
2016-03-28 09:10:00,79.92039004129356
2016-03-28 09:20:00,88.12066380899783
2016-03-28 09:30:00,71.51697726366034
2016-03-28 09:40:00,71.65842564921788
2016-03-28 09:50:00,74.30242995389295
2016-03-28 10:00:00,103.8192979622183
2016-03-28 10:10:00,81.1040810791731
2016-03-28 10:20:00,83.58645867959727
2016-03-28 10:30:00,86.31893092476245
2016-03-28 10:40:00,96.97538587774868
2016-03-28 10:50:00,96.12244588699065
2016-03-28 11:00:00,114.75785078356229
2016-03-28 11:10:00,98.26036925472062
2016-03-28 11:20:00,99.20019040386408
2016-03-28 11:30:00,123.31645426347457
2016-03-28 11:40:00,110.89769285911683
2016-03-28 11:50:00,111.35448965767576
2016-03-28 12:00:00,111.466245595514
2016-03-28 12:10:00,143.2290492125346
2016-03-28 12:20:00,118.13784155720738
2016-03-28 12:30:00,116.43818718249747
2016-03-28 12:40:00,140.98055360008243
2016-03-28 12:50:00,144.1241919317508
2016-03-28 13:00:00,139.40246446052475
2016-03-28 13:10:00,136.2773380321485
2016-03-28 13:20:00,144.03104504582623
2016-03-28 13:30:00,167.76257341566276
2016-03-28 13:40:00,168.44481703595306
2016-03-28 13:50:00,311.90254239859854
2016-03-28 14:00:00,247.62458054109533
2016-03-28 14:10:00,266.72588898948345
2016-03-28 14:20:00,246.9718111427214
2016-03-28 14:30:00,206.65494992838552
2016-03-28 14:40:00,179.91390920761998
2016-03-28 14:50:00,129.75144597071179
2016-03-28 15:00:00,145.44222632183124
2016-03-28 15:10:00,152.31530099955816
2016-03-28 15:20:00,152.99435254137038
2016-03-28 15:30:00,162.0889731830912
2016-03-28 15:40:00,166.8499225700409
2016-03-28 15:50:00,157.68981189244997
2016-03-28 16:00:00,322.61760382934307
2016-03-28 16:10:00,322.2696512565101
2016-03-28 16:20:00,293.75939171938273
2016-03-28 16:30:00,145.71132492086892
2016-03-28 16:40:00,143.48400158854545
2016-03-28 16:50:00,130.29345473989883
2016-03-28 17:00:00,132.04291315095978
2016-03-28 17:10:00,169.2590506168225
2016-03-28 17:20:00,182.50787479126527
2016-03-28 17:30:00,261.79769770487127
2016-03-28 17:40:00,304.79224750097853
2016-03-28 17:50:00,373.36946794707643
2016-03-28 18:00:00,305.50157995005446
2016-03-28 18:10:00,304.40958699595234
2016-03-28 18:20:00,138.66286035603372
2016-03-28 18:30:00,161.3086165578878
2016-03-28 18:40:00,230.3262518707003
2016-03-28 18:50:00,191.27962069504102
2016-03-28 19:00:00,239.11010680330577
2016-03-28 19:10:00,191.67394010917116
2016-03-28 19:20:00,121.62548706235745
2016-03-28 19:30:00,206.28549753686585
2016-03-28 19:40:00,129.2454262282602
2016-03-28 19:50:00,145.88561075879275
2016-03-28 20:00:00,151.14508832015082
2016-03-28 20:10:00,142.5877650876513
2016-03-28 20:20:00,132.0474479627791
2016-03-28 20:30:00,143.39249312630577
2016-03-28 20:40:00,133.8103378914386
2016-03-28 20:50:00,94.11387183837502
2016-03-28 21:00:00,85.6063168878958
2016-03-28 21:10:00,76.293793328367
2016-03-28 21:20:00,70.72987065752481
2016-03-28 21:30:00,60.22430424139362
2016-03-28 21:40:00,58.349222672052804
2016-03-28 21:50:00,65.94519585661662
2016-03-28 22:00:00,65.55024005525654
2016-03-28 22:10:00,59.93849603171164
2016-03-28 22:20:00,58.03375436401151
2016-03-28 22:30:00,44.46719686920207
2016-03-28 22:40:00,50.73273978408962
2016-03-28 22:50:00,52.479262475777425
2016-03-28 23:00:00,52.68987913371582
2016-03-28 23:10:00,52.29863453167123
2016-03-28 23:20:00,47.391315622073904
2016-03-28 23:30:00,47.34371197495268
2016-03-28 23:40:00,52.18448666051003
2016-03-28 23:50:00,52.58945932771695
2016-03-29 00:00:00,53.37155843664173
2016-03-29 00:10:00,54.346047573511086
2016-03-29 00:20:00,51.82664925518359
2016-03-29 00:30:00,52.024529068161165
2016-03-29 00:40:00,49.94821043060322
2016-03-29 00:50:00,49.2583293230665
2016-03-29 01:00:00,54.763173941104824
2016-03-29 01:10:00,55.25546221603923
2016-03-29 01:20:00,54.91244002490531
2016-03-29 01:30:00,46.59619569322322
2016-03-29 01:40:00,51.355051938650746
2016-03-29 01:50:00,48.93291104427956
2016-03-29 02:00:00,50.1519355152591
2016-03-29 02:10:00,47.969356883364554
2016-03-29 02:20:00,46.45783009034564
2016-03-29 02:30:00,51.98175394693424
2016-03-29 02:40:00,54.75898729915832
2016-03-29 02:50:00,54.37355423336498
2016-03-29 03:00:00,52.26889432053692
2016-03-29 03:10:00,53.71679108906165
2016-03-29 03:20:00,51.04143683862642
2016-03-29 03:30:00,47.76838025735633
2016-03-29 03:40:00,40.19146313345694
2016-03-29 03:50:00,51.69149330244358
2016-03-29 04:00:00,54.98188459944422
2016-03-29 04:10:00,53.76640474502334
2016-03-29 04:20:00,56.939203085033775
2016-03-29 04:30:00,52.57739416568957
2016-03-29 04:40:00,55.67297960992862
2016-03-29 04:50:00,51.634419302162314
2016-03-29 05:00:00,55.628925969553805
2016-03-29 05:10:00,55.62560223827723
2016-03-29 05:20:00,59.98221013320121
2016-03-29 05:30:00,55.49756292904235
2016-03-29 05:40:00,49.931901953560434
2016-03-29 05:50:00,55.099422217724005
2016-03-29 06:00:00,56.20568916099188
2016-03-29 06:10:00,58.07014493386237
2016-03-29 06:20:00,49.995234524518
2016-03-29 06:30:00,44.51157570172878
2016-03-29 06:40:00,54.14283598499874
2016-03-29 06:50:00,57.93495094910959
2016-03-29 07:00:00,60.61601260864538
2016-03-29 07:10:00,60.29993229339941
2016-03-29 07:20:00,62.285112108312575
2016-03-29 07:30:00,55.4981442346972
2016-03-29 07:40:00,63.798997003044605
2016-03-29 07:50:00,66.0900238511687
2016-03-29 08:00:00,64.98812333788536
2016-03-29 08:10:00,65.18987113320227
2016-03-29 08:20:00,66.56135569810708
2016-03-29 08:30:00,61.54655171997733
2016-03-29 08:40:00,67.15980702286153
2016-03-29 08:50:00,70.77132224274874
2016-03-29 09:00:00,69.13314996869629
2016-03-29 09:10:00,71.84676203159027
2016-03-29 09:20:00,74.89578361657415
2016-03-29 09:30:00,76.96680065974792
2016-03-29 09:40:00,79.49925468382207
2016-03-29 09:50:00,72.7180407846893
2016-03-29 10:00:00,80.13348900117553
2016-03-29 10:10:00,81.26973928948391
2016-03-29 10:20:00,84.96763626879232
2016-03-29 10:30:00,82.60965531671391
2016-03-29 10:40:00,78.44354310571157
2016-03-29 10:50:00,84.14156101575693
2016-03-29 11:00:00,76.3946175069256
2016-03-29 11:10:00,76.85656772951266
2016-03-29 11:20:00,68.78564787558076
2016-03-29 11:30:00,64.06184990369115
2016-03-29 11:40:00,73.48950201130837
2016-03-29 11:50:00,68.48699145141761
2016-03-29 12:00:00,74.08391720653088
2016-03-29 12:10:00,73.46779060963117
2016-03-29 12:20:00,76.31951584262397
2016-03-29 12:30:00,96.82491806086341
2016-03-29 12:40:00,78.70422291488332
2016-03-29 12:50:00,93.8849548335465
2016-03-29 13:00:00,90.10415377570573
2016-03-29 13:10:00,97.05465436214293
2016-03-29 13:20:00,106.28030929687942
2016-03-29 13:30:00,109.6749703018135
2016-03-29 13:40:00,120.07431773827705
2016-03-29 13:50:00,118.63307199154868
2016-03-29 14:00:00,111.86612714416907
2016-03-29 14:10:00,109.6449847904557
2016-03-29 14:20:00,103.41579902958311
2016-03-29 14:30:00,109.5422182837872
2016-03-29 14:40:00,107.06163915862822
2016-03-29 14:50:00,108.61042608687869
2016-03-29 15:00:00,109.96374928520576
2016-03-29 15:10:00,107.69488208898521
2016-03-29 15:20:00,112.02254615062961
2016-03-29 15:30:00,111.33484360374865
2016-03-29 15:40:00,111.76714359587316
2016-03-29 15:50:00,113.11931334986238
2016-03-29 16:00:00,113.7837634215673
2016-03-29 16:10:00,112.97897960537954
2016-03-29 16:20:00,114.70266724343675
2016-03-29 16:30:00,114.86596775879181
2016-03-29 16:40:00,110.51951110958144
2016-03-29 16:50:00,110.74417121659256
2016-03-29 17:00:00,99.70035076965823
2016-03-29 17:10:00,187.63513846808698
2016-03-29 17:20:00,171.3133405436432
2016-03-29 17:30:00,180.25155070483981
2016-03-29 17:40:00,132.72210808755958
2016-03-29 17:50:00,173.37696836895125
2016-03-29 18:00:00,155.60861960638076
2016-03-29 18:10:00,135.31337741850163
2016-03-29 18:20:00,142.95058398057043
2016-03-29 18:30:00,166.58570551701573
2016-03-29 18:40:00,170.59114695330382
2016-03-29 18:50:00,145.03414888445843
2016-03-29 19:00:00,132.20797303252957
2016-03-29 19:10:00,126.51482615718953
2016-03-29 19:20:00,123.39158771051851
2016-03-29 19:30:00,115.85683810063202
2016-03-29 19:40:00,118.91428551485377
2016-03-29 19:50:00,117.57480300780561
2016-03-29 20:00:00,113.27153126372124
2016-03-29 20:10:00,114.74949087579549
2016-03-29 20:20:00,114.44002969342453
2016-03-29 20:30:00,113.68053317541452
2016-03-29 20:40:00,109.84061935738623
2016-03-29 20:50:00,107.98572462506456
2016-03-29 21:00:00,98.24285905154198
2016-03-29 21:10:00,93.55482559771835
2016-03-29 21:20:00,79.09499786676302
2016-03-29 21:30:00,71.95534158551955
2016-03-29 21:40:00,73.73031967546886
2016-03-29 21:50:00,71.23029871435467
2016-03-29 22:00:00,64.24936802826146
2016-03-29 22:10:00,62.59235500590533
2016-03-29 22:20:00,68.3343303959852
2016-03-29 22:30:00,56.7150763831647
2016-03-29 22:40:00,54.484764621698034
2016-03-29 22:50:00,52.84229056453113
2016-03-29 23:00:00,54.97556011092628
2016-03-29 23:10:00,54.303290132046826
2016-03-29 23:20:00,55.021101698536185
2016-03-29 23:30:00,60.431665210230264
2016-03-29 23:40:00,58.72843731683754
2016-03-29 23:50:00,57.30719970850751
2016-03-30 00:00:00,56.70105659903112
2016-03-30 00:10:00,56.13316833367914
2016-03-30 00:20:00,55.356785060820364
2016-03-30 00:30:00,56.028212425906844
2016-03-30 00:40:00,54.1777793622933
2016-03-30 00:50:00,54.02691018753097
2016-03-30 01:00:00,53.62256007597355
2016-03-30 01:10:00,48.57029042099973
2016-03-30 01:20:00,47.952182475581694
2016-03-30 01:30:00,51.6551781176891
2016-03-30 01:40:00,54.302527789277136
2016-03-30 01:50:00,51.29793931080064
2016-03-30 02:00:00,54.070890177342136
2016-03-30 02:10:00,52.66516907431922
2016-03-30 02:20:00,54.902044817597215
2016-03-30 02:30:00,57.96996872542616
2016-03-30 02:40:00,55.5337476971395
2016-03-30 02:50:00,56.38701007762718
2016-03-30 03:00:00,49.17625820872503
2016-03-30 03:10:00,52.13714094722708
2016-03-30 03:20:00,52.041733069797466
2016-03-30 03:30:00,55.09931970243082
2016-03-30 03:40:00,53.4607674657122
2016-03-30 03:50:00,56.92440055658041
2016-03-30 04:00:00,52.79978651167085
2016-03-30 04:10:00,56.28868689506613
2016-03-30 04:20:00,55.506221411087814
2016-03-30 04:30:00,53.74311946868191
2016-03-30 04:40:00,53.3641610955075
2016-03-30 04:50:00,49.67026407570166
2016-03-30 05:00:00,54.73443863920259
2016-03-30 05:10:00,54.18080657295801
2016-03-30 05:20:00,56.35554909297222
2016-03-30 05:30:00,63.234072239700765
2016-03-30 05:40:00,52.538458495097025
2016-03-30 05:50:00,48.854722259689076
2016-03-30 06:00:00,56.37578342761768
2016-03-30 06:10:00,59.29180851387232
2016-03-30 06:20:00,58.41746649640494
2016-03-30 06:30:00,59.02856484620155
2016-03-30 06:40:00,59.8247675279017
2016-03-30 06:50:00,61.41782219577113
2016-03-30 07:00:00,65.68610138893975
2016-03-30 07:10:00,68.35855167297088
2016-03-30 07:20:00,69.39562493357803
2016-03-30 07:30:00,59.85303288052229
2016-03-30 07:40:00,66.95159660092277
2016-03-30 07:50:00,69.15762870577613
2016-03-30 08:00:00,68.0412195646738
2016-03-30 08:10:00,65.56052640868425
2016-03-30 08:20:00,60.29465911654068
2016-03-30 08:30:00,89.38766540726606
2016-03-30 08:40:00,77.33155005250484
2016-03-30 08:50:00,77.48647389541958
2016-03-30 09:00:00,79.81912916195944
2016-03-30 09:10:00,83.6718743792245
2016-03-30 09:20:00,79.00739409440376
2016-03-30 09:30:00,79.28951360204492
2016-03-30 09:40:00,84.15190561831143
2016-03-30 09:50:00,72.01268020439063
2016-03-30 10:00:00,88.40580538705295
2016-03-30 10:10:00,90.88324065270194
2016-03-30 10:20:00,79.42272938984459
2016-03-30 10:30:00,88.99575694756771
2016-03-30 10:40:00,79.51798935430848
2016-03-30 10:50:00,94.27371084828576
2016-03-30 11:00:00,96.31755747274704
2016-03-30 11:10:00,93.99935853642623
2016-03-30 11:20:00,95.84272567399415
2016-03-30 11:30:00,99.16794331397514
2016-03-30 11:40:00,99.01497636493293
2016-03-30 11:50:00,98.90836932252775
2016-03-30 12:00:00,94.69312520733398
2016-03-30 12:10:00,93.07944067000764
2016-03-30 12:20:00,116.25863947093086
2016-03-30 12:30:00,88.6578774719704
2016-03-30 12:40:00,84.15288238691177
2016-03-30 12:50:00,89.60926343431794
2016-03-30 13:00:00,104.67660721154017
2016-03-30 13:10:00,100.9215891852047
2016-03-30 13:20:00,101.48728707632631
2016-03-30 13:30:00,104.86982017908689
2016-03-30 13:40:00,105.89504579185812
2016-03-30 13:50:00,106.22817886938718
2016-03-30 14:00:00,106.48682144444261
2016-03-30 14:10:00,101.50961498171675
2016-03-30 14:20:00,98.7264619169926
2016-03-30 14:30:00,100.60050257458224
2016-03-30 14:40:00,98.20912878131999
2016-03-30 14:50:00,109.1839322171131
2016-03-30 15:00:00,99.97024901587243
2016-03-30 15:10:00,99.73865991977151
2016-03-30 15:20:00,93.85069168185414
2016-03-30 15:30:00,93.21467030977678
2016-03-30 15:40:00,87.5633856933553
2016-03-30 15:50:00,88.6111347993867
2016-03-30 16:00:00,89.73238964611785
2016-03-30 16:10:00,94.84461642632756
2016-03-30 16:20:00,86.39787521260298
2016-03-30 16:30:00,74.47380462816115
2016-03-30 16:40:00,73.12284805813177
2016-03-30 16:50:00,73.9870331263307
2016-03-30 17:00:00,70.12834139338398
2016-03-30 17:10:00,72.41158625357922
2016-03-30 17:20:00,87.03918254465327
2016-03-30 17:30:00,109.15340584831982
2016-03-30 17:40:00,110.71432650295853
2016-03-30 17:50:00,126.99858725957661
2016-03-30 18:00:00,123.27252848307334
2016-03-30 18:10:00,125.30026607051235
2016-03-30 18:20:00,119.22183262143737
2016-03-30 18:30:00,122.05119040154511
2016-03-30 18:40:00,166.85371002272137
2016-03-30 18:50:00,202.749474164799
2016-03-30 19:00:00,134.1840226605016
2016-03-30 19:10:00,132.752534632309
2016-03-30 19:20:00,146.88651286811316
2016-03-30 19:30:00,126.72451285618055
2016-03-30 19:40:00,117.31960039060554
2016-03-30 19:50:00,115.98420213853096
2016-03-30 20:00:00,129.75260947847633
2016-03-30 20:10:00,133.43108520946322
2016-03-30 20:20:00,111.50188652186011
2016-03-30 20:30:00,128.17767977907116
2016-03-30 20:40:00,112.4413490280248
2016-03-30 20:50:00,94.87944048684068
2016-03-30 21:00:00,102.00595696930081
2016-03-30 21:10:00,89.47811608323607
2016-03-30 21:20:00,89.47844316667965
2016-03-30 21:30:00,67.98869043633238
2016-03-30 21:40:00,52.24982064089263
2016-03-30 21:50:00,55.19432690777622
2016-03-30 22:00:00,55.9816189658837
2016-03-30 22:10:00,53.34656486878354
2016-03-30 22:20:00,56.97395969972658
2016-03-30 22:30:00,55.77732685033675
2016-03-30 22:40:00,55.51921330620033
2016-03-30 22:50:00,58.73742482507548
2016-03-30 23:00:00,54.02952250633223
2016-03-30 23:10:00,53.64174233266697
2016-03-30 23:20:00,53.70226529929789
2016-03-30 23:30:00,51.89394533372814
2016-03-30 23:40:00,49.54607858345734
2016-03-30 23:50:00,46.88455581681747
2016-03-31 00:00:00,43.39181923993471
2016-03-31 00:10:00,45.24609018474332
2016-03-31 00:20:00,41.53620472517658
2016-03-31 00:30:00,46.62805305641183
2016-03-31 00:40:00,49.16949143586326
2016-03-31 00:50:00,54.35803490432574
2016-03-31 01:00:00,55.843409324319936
2016-03-31 01:10:00,55.73956612402363
2016-03-31 01:20:00,53.06930819953873
2016-03-31 01:30:00,53.64886048170057
2016-03-31 01:40:00,52.08063855886038
2016-03-31 01:50:00,51.052827328685694
2016-03-31 02:00:00,51.29515335243705
2016-03-31 02:10:00,51.7029339511865
2016-03-31 02:20:00,53.682473097645406
2016-03-31 02:30:00,50.716373300200736
2016-03-31 02:40:00,51.271535802151796
2016-03-31 02:50:00,47.96263422321749
2016-03-31 03:00:00,46.394876432224954
2016-03-31 03:10:00,47.90381921680522
2016-03-31 03:20:00,49.4874353126901
2016-03-31 03:30:00,49.95975235353535
2016-03-31 03:40:00,49.89326934156598
2016-03-31 03:50:00,54.92834584509663
2016-03-31 04:00:00,50.88818620115016
2016-03-31 04:10:00,50.54594428861766
2016-03-31 04:20:00,46.38440921926633
2016-03-31 04:30:00,46.25814551638156
2016-03-31 04:40:00,49.11120346023262
2016-03-31 04:50:00,46.18245063183005
2016-03-31 05:00:00,51.71195633490015
2016-03-31 05:10:00,54.28461905341362
2016-03-31 05:20:00,65.48404872295384
2016-03-31 05:30:00,61.05595739186641
2016-03-31 05:40:00,55.34914672699447
2016-03-31 05:50:00,42.631626118241655
2016-03-31 06:00:00,58.253492612655116
2016-03-31 06:10:00,60.696441705547166
2016-03-31 06:20:00,60.51310114819311
2016-03-31 06:30:00,59.36885430820873
2016-03-31 06:40:00,57.02679299161027
2016-03-31 06:50:00,58.342568447185876
2016-03-31 07:00:00,58.37920245629686
2016-03-31 07:10:00,57.843970459680705
2016-03-31 07:20:00,64.69349836094291
2016-03-31 07:30:00,59.487695320281226
2016-03-31 07:40:00,48.009912768737486
2016-03-31 07:50:00,54.40541371534701
2016-03-31 08:00:00,68.09483584143818
2016-03-31 08:10:00,72.00527925835867
2016-03-31 08:20:00,73.64127943781335
2016-03-31 08:30:00,71.88234014897229
2016-03-31 08:40:00,72.7315967281075
2016-03-31 08:50:00,65.97715281527574
2016-03-31 09:00:00,66.60800105148748
2016-03-31 09:10:00,74.46161825334612
2016-03-31 09:20:00,70.9426560490104
2016-03-31 09:30:00,61.943652801149206
2016-03-31 09:40:00,55.236130099259505
2016-03-31 09:50:00,77.6447861370116
2016-03-31 10:00:00,74.53987786025688
2016-03-31 10:10:00,76.17073587234094
2016-03-31 10:20:00,77.56529832003349
2016-03-31 10:30:00,79.52884308110167
2016-03-31 10:40:00,83.21021141026364
2016-03-31 10:50:00,84.41468995416096
2016-03-31 11:00:00,84.8267094098269
2016-03-31 11:10:00,85.2285352676731
2016-03-31 11:20:00,93.42477171396092
2016-03-31 11:30:00,85.27004603283157
2016-03-31 11:40:00,82.41372800692763
2016-03-31 11:50:00,90.0679817564617
2016-03-31 12:00:00,87.25219539087621
2016-03-31 12:10:00,91.17510092907935
2016-03-31 12:20:00,89.73249417430831
2016-03-31 12:30:00,98.0608391406555
2016-03-31 12:40:00,98.14595825380653
2016-03-31 12:50:00,101.93460910032256
2016-03-31 13:00:00,102.43554002055555
2016-03-31 13:10:00,110.70754553207321
2016-03-31 13:20:00,106.25399166160817
2016-03-31 13:30:00,95.2595114581989
2016-03-31 13:40:00,93.8808029497526
2016-03-31 13:50:00,99.22528086277262
2016-03-31 14:00:00,99.87171368708698
2016-03-31 14:10:00,105.6332478755291
2016-03-31 14:20:00,108.08888590787534
2016-03-31 14:30:00,108.14625244537503
2016-03-31 14:40:00,109.50418669484827
2016-03-31 14:50:00,105.48065025565413
2016-03-31 15:00:00,95.53469964721948
2016-03-31 15:10:00,104.51471866758644
2016-03-31 15:20:00,101.985818135063
2016-03-31 15:30:00,107.70455050521532
2016-03-31 15:40:00,107.27609428723535
2016-03-31 15:50:00,112.95020385482593
2016-03-31 16:00:00,112.40165326724275
2016-03-31 16:10:00,107.99787401087073
2016-03-31 16:20:00,102.68182171149262
2016-03-31 16:30:00,101.3841109582017
2016-03-31 16:40:00,101.5914637813166
2016-03-31 16:50:00,95.48896372681126
2016-03-31 17:00:00,102.89694119026704
2016-03-31 17:10:00,100.21426943030805
2016-03-31 17:20:00,98.58302035056624
2016-03-31 17:30:00,92.2827658949002
2016-03-31 17:40:00,111.20979552403725
2016-03-31 17:50:00,182.79938533336048
2016-03-31 18:00:00,143.0534861011932
2016-03-31 18:10:00,116.48189544063457
2016-03-31 18:20:00,115.48571113470025
2016-03-31 18:30:00,124.64048880109155
2016-03-31 18:40:00,135.8576504329496
2016-03-31 18:50:00,119.79935252209698
2016-03-31 19:00:00,137.14331253478207
2016-03-31 19:10:00,136.83686532914902
2016-03-31 19:20:00,127.91511215108869
2016-03-31 19:30:00,110.0863452174369
2016-03-31 19:40:00,118.7027452272314
2016-03-31 19:50:00,108.77507926386228
2016-03-31 20:00:00,109.6334473032604
2016-03-31 20:10:00,109.25734390363046
2016-03-31 20:20:00,110.59837888886578
2016-03-31 20:30:00,116.60333917398293
2016-03-31 20:40:00,103.31684141845015
2016-03-31 20:50:00,107.72533684108292
2016-03-31 21:00:00,84.85998781815802
2016-03-31 21:10:00,66.09974989276034
2016-03-31 21:20:00,49.67904115663983
2016-03-31 21:30:00,50.77805458153819
2016-03-31 21:40:00,52.82289931882126
2016-03-31 21:50:00,50.653148524935844
2016-03-31 22:00:00,54.9520174584439
2016-03-31 22:10:00,54.483261392944264
2016-03-31 22:20:00,52.00297400924748
2016-03-31 22:30:00,51.16792635870949
2016-03-31 22:40:00,55.06283838701466
2016-03-31 22:50:00,53.70621721014708
2016-03-31 23:00:00,54.66308307775509
2016-03-31 23:10:00,55.163980514315845
2016-03-31 23:20:00,57.656511665502165
2016-03-31 23:30:00,48.30188441376057
2016-03-31 23:40:00,50.038895603135735
2016-03-31 23:50:00,44.24526616093067
2016-04-01 00:00:00,50.327802415201134
2016-04-01 00:10:00,53.53649816546942
2016-04-01 00:20:00,54.974313755052684
2016-04-01 00:30:00,54.72288668311542
2016-04-01 00:40:00,53.41523729334784
2016-04-01 00:50:00,48.97180921787745
2016-04-01 01:00:00,47.97358625188885
2016-04-01 01:10:00,51.13998113315858
2016-04-01 01:20:00,44.25098227035898
2016-04-01 01:30:00,45.07712883884924
2016-04-01 01:40:00,47.112935362525974
2016-04-01 01:50:00,53.842412301213905
2016-04-01 02:00:00,58.3696037402734
2016-04-01 02:10:00,58.44137278958266
2016-04-01 02:20:00,57.50226481812109
2016-04-01 02:30:00,56.76386898156101
2016-04-01 02:40:00,54.13306351503464
2016-04-01 02:50:00,53.51202321398419
2016-04-01 03:00:00,53.86476118675633
2016-04-01 03:10:00,54.190825391299626
2016-04-01 03:20:00,53.500771174652684
2016-04-01 03:30:00,54.76884191461586
2016-04-01 03:40:00,54.43920094763111
2016-04-01 03:50:00,48.2650890193096
2016-04-01 04:00:00,45.884276826459825
2016-04-01 04:10:00,49.38250636465026
2016-04-01 04:20:00,52.54192113350366
2016-04-01 04:30:00,55.17904174780818
2016-04-01 04:40:00,49.30073202795692
2016-04-01 04:50:00,53.93283141389173
2016-04-01 05:00:00,53.502572557345225
2016-04-01 05:10:00,51.58814612561548
2016-04-01 05:20:00,54.61034295844524
2016-04-01 05:30:00,48.370401195962
2016-04-01 05:40:00,42.72199861553574
2016-04-01 05:50:00,44.11800764056349
2016-04-01 06:00:00,54.703028362834274
2016-04-01 06:10:00,59.80487244010515
2016-04-01 06:20:00,60.97480726540516
2016-04-01 06:30:00,61.062576870231766
2016-04-01 06:40:00,58.10082895651167
2016-04-01 06:50:00,60.93765820930914
2016-04-01 07:00:00,56.7729452997927
2016-04-01 07:10:00,62.21437856768283
2016-04-01 07:20:00,68.28843449504792
2016-04-01 07:30:00,65.4087313053659
2016-04-01 07:40:00,70.59060321740156
2016-04-01 07:50:00,69.13216648346996
2016-04-01 08:00:00,64.248901454731
2016-04-01 08:10:00,61.37960096637906
2016-04-01 08:20:00,66.85913785512923
2016-04-01 08:30:00,145.1297395957741
2016-04-01 08:40:00,77.82230410774861
2016-04-01 08:50:00,74.38388256162865
2016-04-01 09:00:00,76.68685292672822
2016-04-01 09:10:00,85.18509461541258
2016-04-01 09:20:00,80.12617451881344
2016-04-01 09:30:00,87.02756835097458
2016-04-01 09:40:00,111.28319649871041
2016-04-01 09:50:00,102.86974524460415
2016-04-01 10:00:00,119.62340127613957
2016-04-01 10:10:00,114.4491927840968
2016-04-01 10:20:00,112.28227578848058
2016-04-01 10:30:00,174.69656545952517
2016-04-01 10:40:00,118.40536754252376
2016-04-01 10:50:00,72.5861357842977
2016-04-01 11:00:00,65.99739997910136
2016-04-01 11:10:00,63.23751464401468
2016-04-01 11:20:00,59.60146284095096
2016-04-01 11:30:00,55.90533782012794
2016-04-01 11:40:00,55.686877959382315
2016-04-01 11:50:00,56.50761435976775
2016-04-01 12:00:00,54.75640458582596
2016-04-01 12:10:00,53.556526865942466
2016-04-01 12:20:00,62.09992944510181
2016-04-01 12:30:00,58.8359821284694
2016-04-01 12:40:00,40.4426107124276
2016-04-01 12:50:00,45.99312737214199
2016-04-01 13:00:00,46.341514048042086
2016-04-01 13:10:00,50.588914844126826
2016-04-01 13:20:00,61.51928173116877
2016-04-01 13:30:00,58.82702732579588
2016-04-01 13:40:00,57.6413325212889
2016-04-01 13:50:00,47.58078284594449
2016-04-01 14:00:00,51.20617225540015
2016-04-01 14:10:00,48.17198216279
2016-04-01 14:20:00,52.20257739317665
2016-04-01 14:30:00,45.031860227213414
2016-04-01 14:40:00,44.64237571904263
2016-04-01 14:50:00,56.84422384785022
2016-04-01 15:00:00,55.43909485361694
2016-04-01 15:10:00,53.78715666803098
2016-04-01 15:20:00,45.48799537811423
2016-04-01 15:30:00,46.053977192446496
2016-04-01 15:40:00,49.995167672259555
2016-04-01 15:50:00,50.67885986889096
2016-04-01 16:00:00,50.98476751614538
2016-04-01 16:10:00,45.20509185167277
2016-04-01 16:20:00,55.372344763809764
2016-04-01 16:30:00,55.04562744852351
2016-04-01 16:40:00,49.11506956523964
2016-04-01 16:50:00,47.40175721884226
2016-04-01 17:00:00,44.87369076166322
2016-04-01 17:10:00,39.71449836338477
2016-04-01 17:20:00,45.132232728247914
2016-04-01 17:30:00,55.92474056069062
2016-04-01 17:40:00,67.90625218637624
2016-04-01 17:50:00,72.78094462565461
2016-04-01 18:00:00,64.73435264800803
2016-04-01 18:10:00,56.137148324221776
2016-04-01 18:20:00,51.36146450024511
2016-04-01 18:30:00,52.66075836964701
2016-04-01 18:40:00,49.31806772805331
2016-04-01 18:50:00,54.46836135305806
2016-04-01 19:00:00,54.88185292474065
2016-04-01 19:10:00,52.09754436298513
2016-04-01 19:20:00,54.6596413557348
2016-04-01 19:30:00,49.085689075047505
2016-04-01 19:40:00,52.268638266961915
2016-04-01 19:50:00,48.21335492944001
2016-04-01 20:00:00,42.73368077535011
2016-04-01 20:10:00,48.469547192289596
2016-04-01 20:20:00,48.63171889328125
2016-04-01 20:30:00,53.72581038590772
2016-04-01 20:40:00,52.74793534523986
2016-04-01 20:50:00,42.04643480585331
2016-04-01 21:00:00,40.14589433321227
2016-04-01 21:10:00,47.412308768754265
2016-04-01 21:20:00,54.39632202581086
2016-04-01 21:30:00,59.19716222532474
2016-04-01 21:40:00,54.20505874782378
2016-04-01 21:50:00,44.28654981141519
2016-04-01 22:00:00,52.276807194289376
2016-04-01 22:10:00,51.028176230613084
2016-04-01 22:20:00,47.712999248708535
2016-04-01 22:30:00,51.26631359146066
2016-04-01 22:40:00,42.14095396891864
2016-04-01 22:50:00,45.04187319258748
2016-04-01 23:00:00,48.56062249237215
2016-04-01 23:10:00,48.7412055188015
2016-04-01 23:20:00,42.15521865048121
2016-04-01 23:30:00,52.060846039752775
2016-04-01 23:40:00,50.72586173684641
2016-04-01 23:50:00,51.66095171928138
2016-04-02 00:00:00,45.12956997827213
2016-04-02 00:10:00,39.528758666685476
2016-04-02 00:20:00,46.57478911481835
2016-04-02 00:30:00,43.04120923738789
2016-04-02 00:40:00,39.889166405390625
2016-04-02 00:50:00,52.76007735357386
2016-04-02 01:00:00,55.23788160307443
2016-04-02 01:10:00,58.404889216793364
2016-04-02 01:20:00,54.51637050591109
2016-04-02 01:30:00,52.209723670139034
2016-04-02 01:40:00,47.149254694721236
2016-04-02 01:50:00,51.0525006108205
2016-04-02 02:00:00,52.84205742177838
2016-04-02 02:10:00,47.89519030860542
2016-04-02 02:20:00,52.53918588581313
2016-04-02 02:30:00,50.87936458465981
2016-04-02 02:40:00,54.048916565538725
2016-04-02 02:50:00,47.790804584437076
2016-04-02 03:00:00,42.97980882371288
2016-04-02 03:10:00,44.42967185451883
2016-04-02 03:20:00,47.68185694267973
2016-04-02 03:30:00,44.32582559687132
2016-04-02 03:40:00,48.534355336456244
2016-04-02 03:50:00,53.096557480877
2016-04-02 04:00:00,44.843857338404575
2016-04-02 04:10:00,40.72446363227908
2016-04-02 04:20:00,40.020335136870635
2016-04-02 04:30:00,46.65492414855248
2016-04-02 04:40:00,55.090118603617434
2016-04-02 04:50:00,54.71961170314392
2016-04-02 05:00:00,54.99282404861302
2016-04-02 05:10:00,56.44799944791087
2016-04-02 05:20:00,53.06857038463095
2016-04-02 05:30:00,54.12930962979149
2016-04-02 05:40:00,50.279249370776704
2016-04-02 05:50:00,48.91028300405514
2016-04-02 06:00:00,50.21014627266958
2016-04-02 06:10:00,46.52651979365477
2016-04-02 06:20:00,52.16155719144386
2016-04-02 06:30:00,53.803460812977136
2016-04-02 06:40:00,52.50690520940841
2016-04-02 06:50:00,49.810310746872176
2016-04-02 07:00:00,53.098503462477574
2016-04-02 07:10:00,50.1857641126704
2016-04-02 07:20:00,47.77386136735783
2016-04-02 07:30:00,45.11312957346791
2016-04-02 07:40:00,40.072875011642374
2016-04-02 07:50:00,51.214613844442674
2016-04-02 08:00:00,56.5915443246005
2016-04-02 08:10:00,58.9648834751243
2016-04-02 08:20:00,63.22708783907105
2016-04-02 08:30:00,57.650248481893264
2016-04-02 08:40:00,57.07865232365642
2016-04-02 08:50:00,62.844090862325935
2016-04-02 09:00:00,55.1410890167854
2016-04-02 09:10:00,57.20569519603574
2016-04-02 09:20:00,59.7848776116001
2016-04-02 09:30:00,58.02772759991279
2016-04-02 09:40:00,54.89834849412695
2016-04-02 09:50:00,56.82927443482184
2016-04-02 10:00:00,51.70072308510694
2016-04-02 10:10:00,48.039221311863926
2016-04-02 10:20:00,52.26306464538625
2016-04-02 10:30:00,52.10956687142903
2016-04-02 10:40:00,59.60168552980129
2016-04-02 10:50:00,56.26418247971177
2016-04-02 11:00:00,45.38616885243476
2016-04-02 11:10:00,48.288945921577685
2016-04-02 11:20:00,47.554909627969536
2016-04-02 11:30:00,52.67784254059779
2016-04-02 11:40:00,57.11371421786256
2016-04-02 11:50:00,56.60660162863182
2016-04-02 12:00:00,54.4434604900757
2016-04-02 12:10:00,51.84443773014307
2016-04-02 12:20:00,52.30703888408511
2016-04-02 12:30:00,52.82346165747987
2016-04-02 12:40:00,58.57324479756597
2016-04-02 12:50:00,52.405401915667255
2016-04-02 13:00:00,48.73594763406303
2016-04-02 13:10:00,48.43034287615227
2016-04-02 13:20:00,43.959588189011875
2016-04-02 13:30:00,50.001261717011644
2016-04-02 13:40:00,52.63753407173043
2016-04-02 13:50:00,56.19881172388298
2016-04-02 14:00:00,61.633615722646624
2016-04-02 14:10:00,69.9718628797207
2016-04-02 14:20:00,65.2696966422353
2016-04-02 14:30:00,53.64875193327756
2016-04-02 14:40:00,43.58653703444445
2016-04-02 14:50:00,43.54172956595599
2016-04-02 15:00:00,51.05562105695242
2016-04-02 15:10:00,57.9236976874496
2016-04-02 15:20:00,68.74513427769368
2016-04-02 15:30:00,64.57349928184546
2016-04-02 15:40:00,61.42064528303451
2016-04-02 15:50:00,58.76482163337982
2016-04-02 16:00:00,57.416985585436116
2016-04-02 16:10:00,57.27594844456078
2016-04-02 16:20:00,48.54451609225506
2016-04-02 16:30:00,54.3235828570823
2016-04-02 16:40:00,56.413661934026514
2016-04-02 16:50:00,53.50463599313104
2016-04-02 17:00:00,57.76697393395035
2016-04-02 17:10:00,48.87077893637088
2016-04-02 17:20:00,47.82091496500267
2016-04-02 17:30:00,45.34541823871427
2016-04-02 17:40:00,48.73930463348965
2016-04-02 17:50:00,60.22442098640848
2016-04-02 18:00:00,50.98494924854964
2016-04-02 18:10:00,54.55377291069463
2016-04-02 18:20:00,64.50320825066653
2016-04-02 18:30:00,49.08215351199427
2016-04-02 18:40:00,42.0785154113453
2016-04-02 18:50:00,40.81416478426387
2016-04-02 19:00:00,53.789302704102475
2016-04-02 19:10:00,61.11496467008853
2016-04-02 19:20:00,60.81561850027196
2016-04-02 19:30:00,51.521333000563274
2016-04-02 19:40:00,59.964814941823384
2016-04-02 19:50:00,55.842367197250134
2016-04-02 20:00:00,52.171600159208964
2016-04-02 20:10:00,50.56283652457699
2016-04-02 20:20:00,45.33780955741089
2016-04-02 20:30:00,52.601126887692516
2016-04-02 20:40:00,53.404192179863294
2016-04-02 20:50:00,46.38767715119383
2016-04-02 21:00:00,44.06693667703438
2016-04-02 21:10:00,52.42902873655446
2016-04-02 21:20:00,59.962750326585144
2016-04-02 21:30:00,52.9200668081269
2016-04-02 21:40:00,47.36133571388192
2016-04-02 21:50:00,42.131984821794425
2016-04-02 22:00:00,43.5806516036977
2016-04-02 22:10:00,48.743272468221086
2016-04-02 22:20:00,41.11047891744959
2016-04-02 22:30:00,53.36537807793387
2016-04-02 22:40:00,49.55984719843495
2016-04-02 22:50:00,56.91314699854521
2016-04-02 23:00:00,58.13715515627472
2016-04-02 23:10:00,55.15321508363112
2016-04-02 23:20:00,47.842564033645985
2016-04-02 23:30:00,50.51441109399455
2016-04-02 23:40:00,48.032528017647614
2016-04-02 23:50:00,51.57721287597226
2016-04-03 00:00:00,51.912437509807596
2016-04-03 00:10:00,48.60997427030364
2016-04-03 00:20:00,46.460098161717546
2016-04-03 00:30:00,46.13359821814645
2016-04-03 00:40:00,41.919641789655415
2016-04-03 00:50:00,47.6924173267683
2016-04-03 01:00:00,46.111267403376864
2016-04-03 01:10:00,50.21490283866255
2016-04-03 01:20:00,50.65355481530921
2016-04-03 01:30:00,49.24159300846495
2016-04-03 01:40:00,48.491230264461905
2016-04-03 01:50:00,37.8080355751911
2016-04-03 02:00:00,40.998114992139605
2016-04-03 02:10:00,46.65716945455504
2016-04-03 02:20:00,54.5043058921963
2016-04-03 02:30:00,55.47008230285184
2016-04-03 02:40:00,57.6731305174536
2016-04-03 02:50:00,55.67242239601832
2016-04-03 03:00:00,56.92155762456129
2016-04-03 03:10:00,57.157603697869696
2016-04-03 03:20:00,46.97578526382881
2016-04-03 03:30:00,49.1381051502367
2016-04-03 03:40:00,47.86382670500645
2016-04-03 03:50:00,47.919511335726085
2016-04-03 04:00:00,47.96959616171594
2016-04-03 04:10:00,51.76107992077066
2016-04-03 04:20:00,51.33358815677534
2016-04-03 04:30:00,48.86006598782858
2016-04-03 04:40:00,51.925587089650016
2016-04-03 04:50:00,47.83886982169479
2016-04-03 05:00:00,45.97015591726607
2016-04-03 05:10:00,42.51628891924396
2016-04-03 05:20:00,40.43958484711278
2016-04-03 05:30:00,41.840406115775586
2016-04-03 05:40:00,54.88031562895422
2016-04-03 05:50:00,55.200973052958425
2016-04-03 06:00:00,59.92346936259738
2016-04-03 06:10:00,55.1193728072156
2016-04-03 06:20:00,52.89663179177155
2016-04-03 06:30:00,61.5936634590162
2016-04-03 06:40:00,55.68575763402175
2016-04-03 06:50:00,58.8779086608347
2016-04-03 07:00:00,58.953506196132885
2016-04-03 07:10:00,58.46307053627411
2016-04-03 07:20:00,55.86605292463277
2016-04-03 07:30:00,52.12709604599368
2016-04-03 07:40:00,45.782173279100384
2016-04-03 07:50:00,46.058972114048245
2016-04-03 08:00:00,55.17246290952594
2016-04-03 08:10:00,56.29719006383275
2016-04-03 08:20:00,49.460755124626466
2016-04-03 08:30:00,56.6667533884375
2016-04-03 08:40:00,45.69642270447279
2016-04-03 08:50:00,48.75777909930113
2016-04-03 09:00:00,44.72513895619284
2016-04-03 09:10:00,48.9670589296233
2016-04-03 09:20:00,62.26676846728294
2016-04-03 09:30:00,60.99662072892854
2016-04-03 09:40:00,64.61289290768373
2016-04-03 09:50:00,63.870004452588134
2016-04-03 10:00:00,69.67801526761106
2016-04-03 10:10:00,63.645368152784556
2016-04-03 10:20:00,59.81957750779526
2016-04-03 10:30:00,60.51970182306471
2016-04-03 10:40:00,54.07975122131647
2016-04-03 10:50:00,57.9817919936868
2016-04-03 11:00:00,54.22703983764388
2016-04-03 11:10:00,56.338379777943615
2016-04-03 11:20:00,56.25071571680861
2016-04-03 11:30:00,54.2600673984355
2016-04-03 11:40:00,58.947128337438905
2016-04-03 11:50:00,53.254151452809225
2016-04-03 12:00:00,46.528698630004605
2016-04-03 12:10:00,55.278626155877745
2016-04-03 12:20:00,54.912843168232016
2016-04-03 12:30:00,58.98591324388031
2016-04-03 12:40:00,52.96923140162515
2016-04-03 12:50:00,56.945892159499024
2016-04-03 13:00:00,67.99527306343923
2016-04-03 13:10:00,74.13160269202085
2016-04-03 13:20:00,74.77917911771833
2016-04-03 13:30:00,56.18798765620593
2016-04-03 13:40:00,67.57398928724474
2016-04-03 13:50:00,62.16961394303889
2016-04-03 14:00:00,77.20273950186501
2016-04-03 14:10:00,78.2404394473438
2016-04-03 14:20:00,82.07621947123921
2016-04-03 14:30:00,89.1192398460182
2016-04-03 14:40:00,85.6669331545018
2016-04-03 14:50:00,89.46563747500286
2016-04-03 15:00:00,91.75848447559521
2016-04-03 15:10:00,89.04974188434149
2016-04-03 15:20:00,95.19474916581633
2016-04-03 15:30:00,89.21465955553985
2016-04-03 15:40:00,90.19257176922464
2016-04-03 15:50:00,98.27222716306402
2016-04-03 16:00:00,97.43500673163264
2016-04-03 16:10:00,97.83785819574476
2016-04-03 16:20:00,98.7635980240328
2016-04-03 16:30:00,93.3473394897363
2016-04-03 16:40:00,103.00492854143054
2016-04-03 16:50:00,97.73414143951773
2016-04-03 17:00:00,105.17738786963886
2016-04-03 17:10:00,106.48192386399258
2016-04-03 17:20:00,111.01255865905856
2016-04-03 17:30:00,138.97199933341335
2016-04-03 17:40:00,132.15036842174388
2016-04-03 17:50:00,140.047944829027
2016-04-03 18:00:00,117.18056140289826
2016-04-03 18:10:00,122.69365063381046
2016-04-03 18:20:00,135.45943208358287
2016-04-03 18:30:00,127.49007394878711
2016-04-03 18:40:00,141.11522867602528
2016-04-03 18:50:00,137.2513612602131
2016-04-03 19:00:00,130.75774960326396
2016-04-03 19:10:00,125.3861928534228
2016-04-03 19:20:00,117.96246729016346
2016-04-03 19:30:00,110.37156964026637
2016-04-03 19:40:00,107.91752530142341
2016-04-03 19:50:00,115.35838597200704
2016-04-03 20:00:00,110.94229181908801
2016-04-03 20:10:00,123.16634321590001
2016-04-03 20:20:00,109.53406818314363
2016-04-03 20:30:00,113.69723587321175
2016-04-03 20:40:00,108.94240810950276
2016-04-03 20:50:00,104.82838468069953
2016-04-03 21:00:00,109.29300338202242
2016-04-03 21:10:00,106.56245269163517
2016-04-03 21:20:00,101.52717614927623
2016-04-03 21:30:00,93.00061493780046
2016-04-03 21:40:00,90.45099661447009
2016-04-03 21:50:00,80.70724806964256
2016-04-03 22:00:00,77.60229171381184
2016-04-03 22:10:00,78.409880095471
2016-04-03 22:20:00,75.57795104970249
2016-04-03 22:30:00,76.9680318441656
2016-04-03 22:40:00,70.61697333022461
2016-04-03 22:50:00,52.85194548597787
2016-04-03 23:00:00,56.71589261809944
2016-04-03 23:10:00,56.70023140515565
2016-04-03 23:20:00,58.76370457973069
2016-04-03 23:30:00,60.527411653037646
2016-04-03 23:40:00,61.216602950895656
2016-04-03 23:50:00,57.29892183592782
2016-04-04 00:00:00,54.715761440606165
2016-04-04 00:10:00,56.04691939802218
2016-04-04 00:20:00,54.83453248969602
2016-04-04 00:30:00,57.73348595824634
2016-04-04 00:40:00,58.14586337325798
2016-04-04 00:50:00,60.87206095163428
2016-04-04 01:00:00,61.77416577551287
2016-04-04 01:10:00,54.53064811039198
2016-04-04 01:20:00,55.59090761162316
2016-04-04 01:30:00,57.81584386957045
2016-04-04 01:40:00,58.2563867952563
2016-04-04 01:50:00,54.096538602892615
2016-04-04 02:00:00,55.75994279248522
2016-04-04 02:10:00,56.23855729499365
2016-04-04 02:20:00,57.74869362379748
2016-04-04 02:30:00,45.16746402937649
2016-04-04 02:40:00,53.455127517262355
2016-04-04 02:50:00,55.71640059808448
2016-04-04 03:00:00,54.79878528359689
2016-04-04 03:10:00,58.129063643215524
2016-04-04 03:20:00,58.48517556532723
2016-04-04 03:30:00,54.83515688056938
2016-04-04 03:40:00,55.788964299808754
2016-04-04 03:50:00,54.072817606566666
2016-04-04 04:00:00,56.47178114357945
2016-04-04 04:10:00,57.15049053967802
2016-04-04 04:20:00,56.415365720352014
2016-04-04 04:30:00,58.70790460082327
2016-04-04 04:40:00,55.25408113018754
2016-04-04 04:50:00,53.259792141195376
2016-04-04 05:00:00,47.345644029962145
2016-04-04 05:10:00,49.00623996756088
2016-04-04 05:20:00,56.14523172456713
2016-04-04 05:30:00,55.318159640125096
2016-04-04 05:40:00,53.10961548794905
2016-04-04 05:50:00,56.36055174916921
2016-04-04 06:00:00,57.85236780703131
2016-04-04 06:10:00,57.19910560304985
2016-04-04 06:20:00,56.405370667597765
2016-04-04 06:30:00,61.185836602016415
2016-04-04 06:40:00,54.06920783398536
2016-04-04 06:50:00,63.39341844056253
2016-04-04 07:00:00,63.7316846624027
2016-04-04 07:10:00,64.46920673689999
2016-04-04 07:20:00,81.19533487286108
2016-04-04 07:30:00,71.75225246182109
2016-04-04 07:40:00,146.02878172819157
2016-04-04 07:50:00,113.62122317845613
2016-04-04 08:00:00,102.67372437833532
2016-04-04 08:10:00,73.14439648365985
2016-04-04 08:20:00,85.67829723946797
2016-04-04 08:30:00,81.20392218309883
2016-04-04 08:40:00,99.36623052633747
2016-04-04 08:50:00,123.50916830685846
2016-04-04 09:00:00,235.60369544567948
2016-04-04 09:10:00,367.49555979459655
2016-04-04 09:20:00,422.7816764390109
2016-04-04 09:30:00,342.10960706421645
2016-04-04 09:40:00,319.4379495500389
2016-04-04 09:50:00,295.88796932573877
2016-04-04 10:00:00,262.8451010536828
2016-04-04 10:10:00,244.0413289579226
2016-04-04 10:20:00,185.33014638418624
2016-04-04 10:30:00,174.8904424918873
2016-04-04 10:40:00,224.8345849857212
2016-04-04 10:50:00,234.7017538421793
2016-04-04 11:00:00,290.95243148537014
2016-04-04 11:10:00,456.02436724210594
2016-04-04 11:20:00,405.22876115864165
2016-04-04 11:30:00,338.0733392494306
2016-04-04 11:40:00,307.01762812821204
2016-04-04 11:50:00,299.0198601100956
2016-04-04 12:00:00,260.9700376700438
2016-04-04 12:10:00,183.98124976674015
2016-04-04 12:20:00,194.63935794387152
2016-04-04 12:30:00,279.1515471118543
2016-04-04 12:40:00,468.72460192262207
2016-04-04 12:50:00,381.311812297376
2016-04-04 13:00:00,348.16454722046194
2016-04-04 13:10:00,310.57329219328864
2016-04-04 13:20:00,347.73636725706785
2016-04-04 13:30:00,299.95410383027513
2016-04-04 13:40:00,214.19773681848346
2016-04-04 13:50:00,225.57913125262715
2016-04-04 14:00:00,241.58371255068806
2016-04-04 14:10:00,268.35150420155895
2016-04-04 14:20:00,496.08329439208086
2016-04-04 14:30:00,420.00795586764764
2016-04-04 14:40:00,360.33087788096134
2016-04-04 14:50:00,295.30562875740327
2016-04-04 15:00:00,314.532550116637
2016-04-04 15:10:00,277.0513785885887
2016-04-04 15:20:00,160.3117846111079
2016-04-04 15:30:00,154.947154609635
2016-04-04 15:40:00,153.08495565069668
2016-04-04 15:50:00,390.5804737993637
2016-04-04 16:00:00,355.8366952525208
2016-04-04 16:10:00,336.89504519283867
2016-04-04 16:20:00,305.95354599794535
2016-04-04 16:30:00,295.5790299573417
2016-04-04 16:40:00,267.2118459851967
2016-04-04 16:50:00,177.58406798246682
2016-04-04 17:00:00,178.06218823437453
2016-04-04 17:10:00,247.61721254663766
2016-04-04 17:20:00,192.29132952638133
2016-04-04 17:30:00,223.92309851271918
2016-04-04 17:40:00,218.6632207851505
2016-04-04 17:50:00,203.7273320481622
2016-04-04 18:00:00,256.9478027082184
2016-04-04 18:10:00,218.18127308938517
2016-04-04 18:20:00,127.55099887289214
2016-04-04 18:30:00,137.41554209070074
2016-04-04 18:40:00,163.8881517237585
2016-04-04 18:50:00,138.3553175736101
2016-04-04 19:00:00,174.19961771601322
2016-04-04 19:10:00,95.16411202968163
2016-04-04 19:20:00,101.85544476837957
2016-04-04 19:30:00,85.47970856259933
2016-04-04 19:40:00,94.0407354466472
2016-04-04 19:50:00,91.47857103275763
2016-04-04 20:00:00,90.96101233591038
2016-04-04 20:10:00,85.72338348511371
2016-04-04 20:20:00,77.21340541935865
2016-04-04 20:30:00,82.40206218928199
2016-04-04 20:40:00,78.79435868088873
2016-04-04 20:50:00,84.7772052941165
2016-04-04 21:00:00,74.3572461649387
2016-04-04 21:10:00,77.41449343793603
2016-04-04 21:20:00,70.74781032116856
2016-04-04 21:30:00,54.96291883524631
2016-04-04 21:40:00,51.255933012459494
2016-04-04 21:50:00,57.71412212805011
2016-04-04 22:00:00,57.15042585759355
2016-04-04 22:10:00,54.71512621159247
2016-04-04 22:20:00,53.67697961197139
2016-04-04 22:30:00,59.99684541173362
2016-04-04 22:40:00,63.02119761931057
2016-04-04 22:50:00,56.23498860112525
2016-04-04 23:00:00,57.06604126451204
2016-04-04 23:10:00,55.891397209507296
2016-04-04 23:20:00,53.31690559302673
2016-04-04 23:30:00,57.22055804478391
2016-04-04 23:40:00,56.238923385762824
2016-04-04 23:50:00,54.421671772687276
2016-04-05 00:00:00,53.36464054229727
2016-04-05 00:10:00,55.34126322559773
2016-04-05 00:20:00,53.746271809024734
2016-04-05 00:30:00,52.314021285012444
2016-04-05 00:40:00,49.94538506180531
2016-04-05 00:50:00,54.74224166001804
2016-04-05 01:00:00,54.87522010109037
2016-04-05 01:10:00,55.94358777470082
2016-04-05 01:20:00,53.83589087140841
2016-04-05 01:30:00,56.864453579811936
2016-04-05 01:40:00,56.07783015627514
2016-04-05 01:50:00,54.27399143619297
2016-04-05 02:00:00,53.784104261539625
2016-04-05 02:10:00,54.52779141342008
2016-04-05 02:20:00,57.15878430294745
2016-04-05 02:30:00,52.41288947236086
2016-04-05 02:40:00,53.92440202279173
2016-04-05 02:50:00,53.07864291078677
2016-04-05 03:00:00,56.03727738104961
2016-04-05 03:10:00,54.97481740845594
2016-04-05 03:20:00,56.10446772794523
2016-04-05 03:30:00,56.734194443636795
2016-04-05 03:40:00,58.1011165662273
2016-04-05 03:50:00,55.75638477424253
2016-04-05 04:00:00,54.25408785740353
2016-04-05 04:10:00,55.50794653225069
2016-04-05 04:20:00,56.96059541481189
2016-04-05 04:30:00,57.44505842044904
2016-04-05 04:40:00,54.16135290014075
2016-04-05 04:50:00,53.72658217111745
2016-04-05 05:00:00,55.56910729560807
2016-04-05 05:10:00,58.680507804439685
2016-04-05 05:20:00,58.95533060762335
2016-04-05 05:30:00,57.86069386572008
2016-04-05 05:40:00,57.31854258015008
2016-04-05 05:50:00,57.97848597244176
2016-04-05 06:00:00,59.200978991089755
2016-04-05 06:10:00,59.51634614837594
2016-04-05 06:20:00,59.84790692247205
2016-04-05 06:30:00,58.73063334747122
2016-04-05 06:40:00,61.19884576504343
2016-04-05 06:50:00,66.12372318087958
2016-04-05 07:00:00,71.29685729442873
2016-04-05 07:10:00,73.45082201345778
2016-04-05 07:20:00,74.9304576923782
2016-04-05 07:30:00,111.12264268467192
2016-04-05 07:40:00,96.56937307107212
2016-04-05 07:50:00,83.60378346566752
2016-04-05 08:00:00,92.97561185047871
2016-04-05 08:10:00,142.01123302945956
2016-04-05 08:20:00,98.61737636961881
2016-04-05 08:30:00,184.43920298501448
2016-04-05 08:40:00,161.2191322866689
2016-04-05 08:50:00,153.0384052114569
2016-04-05 09:00:00,117.88804849651774
2016-04-05 09:10:00,95.62260149069404
2016-04-05 09:20:00,85.87435664756772
2016-04-05 09:30:00,77.97320856830906
2016-04-05 09:40:00,75.65623630792902
2016-04-05 09:50:00,83.34269901152409
2016-04-05 10:00:00,89.67905993444619
2016-04-05 10:10:00,92.80864852054488
2016-04-05 10:20:00,100.81770238258224
2016-04-05 10:30:00,102.95090019561104
2016-04-05 10:40:00,115.6358680783467
2016-04-05 10:50:00,119.37739862352802
2016-04-05 11:00:00,123.8565904716468
2016-04-05 11:10:00,123.41868522087726
2016-04-05 11:20:00,122.39957872539927
2016-04-05 11:30:00,140.10532812223016
2016-04-05 11:40:00,116.63915932678393
2016-04-05 11:50:00,127.26950954554732
2016-04-05 12:00:00,95.82121284178342
2016-04-05 12:10:00,89.55959638010242
2016-04-05 12:20:00,110.71389158540465
2016-04-05 12:30:00,108.5342947170421
2016-04-05 12:40:00,123.38076122938753
2016-04-05 12:50:00,228.0579961806331
2016-04-05 13:00:00,280.54365766394216
2016-04-05 13:10:00,344.2385877184557
2016-04-05 13:20:00,377.25187299938824
2016-04-05 13:30:00,340.0297359343341
2016-04-05 13:40:00,314.44767594759816
2016-04-05 13:50:00,287.1521597696167
2016-04-05 14:00:00,242.42697172161493
2016-04-05 14:10:00,207.89271395811497
2016-04-05 14:20:00,132.0866662619357
2016-04-05 14:30:00,127.38209039617851
2016-04-05 14:40:00,113.42176126229522
2016-04-05 14:50:00,113.93927389798793
2016-04-05 15:00:00,127.22141599581096
2016-04-05 15:10:00,127.97758102436924
2016-04-05 15:20:00,133.317591227158
2016-04-05 15:30:00,113.85783061933581
2016-04-05 15:40:00,116.3518310715238
2016-04-05 15:50:00,270.9014814530696
2016-04-05 16:00:00,301.45559266038146
2016-04-05 16:10:00,200.58789799339024
2016-04-05 16:20:00,204.81071739178427
2016-04-05 16:30:00,250.23122882480868
2016-04-05 16:40:00,136.51419478492548
2016-04-05 16:50:00,126.03185382201686
2016-04-05 17:00:00,215.16703386879274
2016-04-05 17:10:00,225.94066716584078
2016-04-05 17:20:00,225.78668224906346
2016-04-05 17:30:00,198.74539242533837
2016-04-05 17:40:00,271.47757365689176
2016-04-05 17:50:00,255.33681151213898
2016-04-05 18:00:00,222.1169438714282
2016-04-05 18:10:00,199.45540992516302
2016-04-05 18:20:00,251.8121015930259
2016-04-05 18:30:00,237.40529264493765
2016-04-05 18:40:00,193.89942710632894
2016-04-05 18:50:00,203.43559935348884
2016-04-05 19:00:00,127.7741805203035
2016-04-05 19:10:00,208.77900269428972
2016-04-05 19:20:00,129.60859504160695
2016-04-05 19:30:00,136.54140253738743
2016-04-05 19:40:00,139.02164673748732
2016-04-05 19:50:00,139.6107023512059
2016-04-05 20:00:00,136.09811827542657
2016-04-05 20:10:00,132.29361651194546
2016-04-05 20:20:00,100.18346458946304
2016-04-05 20:30:00,81.9968949326261
2016-04-05 20:40:00,71.95295875196355
2016-04-05 20:50:00,77.08752359402776
2016-04-05 21:00:00,70.03911416284318
2016-04-05 21:10:00,60.433523620510805
2016-04-05 21:20:00,60.043459167130024
2016-04-05 21:30:00,59.43940984134761
2016-04-05 21:40:00,59.16685670528643
2016-04-05 21:50:00,48.148529411104
2016-04-05 22:00:00,48.06948889706226
2016-04-05 22:10:00,56.82187410758343
2016-04-05 22:20:00,54.76806318488075
2016-04-05 22:30:00,51.68141963324216
2016-04-05 22:40:00,50.067764079164526
2016-04-05 22:50:00,51.81085559146801
2016-04-05 23:00:00,48.10127709381796
2016-04-05 23:10:00,53.64025543172589
2016-04-05 23:20:00,52.707333147676856
2016-04-05 23:30:00,53.57083510627224
2016-04-05 23:40:00,50.37644429177829
2016-04-05 23:50:00,51.344121402955075
2016-04-06 00:00:00,52.520814853926645
2016-04-06 00:10:00,48.54828926836052
2016-04-06 00:20:00,47.89167080399742
2016-04-06 00:30:00,50.4392506787374
2016-04-06 00:40:00,52.08132599029241
2016-04-06 00:50:00,51.87771352728812
2016-04-06 01:00:00,52.511747557863906
2016-04-06 01:10:00,54.008352085466704
2016-04-06 01:20:00,53.467536391289194
2016-04-06 01:30:00,47.90688884891285
2016-04-06 01:40:00,45.77143818731245
2016-04-06 01:50:00,51.985300558344356
2016-04-06 02:00:00,48.902455812636376
2016-04-06 02:10:00,52.42593420396263
2016-04-06 02:20:00,48.41804992507796
2016-04-06 02:30:00,50.13511491951924
2016-04-06 02:40:00,51.85197261352087
2016-04-06 02:50:00,53.542319880304355
2016-04-06 03:00:00,55.00402927433252
2016-04-06 03:10:00,54.22281776292639
2016-04-06 03:20:00,49.21491506708075
2016-04-06 03:30:00,51.51108117193499
2016-04-06 03:40:00,46.73001180176824
2016-04-06 03:50:00,51.39453608016331
2016-04-06 04:00:00,54.49212926775244
2016-04-06 04:10:00,54.61832524909605
2016-04-06 04:20:00,53.192252363146785
2016-04-06 04:30:00,54.979958712579446
2016-04-06 04:40:00,52.31295597030728
2016-04-06 04:50:00,53.758566474499595
2016-04-06 05:00:00,51.69341281336635
2016-04-06 05:10:00,54.73244266731327
2016-04-06 05:20:00,53.330953500596394
2016-04-06 05:30:00,52.62611848788102
2016-04-06 05:40:00,50.00388756714907
2016-04-06 05:50:00,55.090549766961615
2016-04-06 06:00:00,55.102390785291924
2016-04-06 06:10:00,59.05033857226336
2016-04-06 06:20:00,57.133862682274675
2016-04-06 06:30:00,57.70161677484262
2016-04-06 06:40:00,54.43619149407683
2016-04-06 06:50:00,61.771002526990216
2016-04-06 07:00:00,66.61209363729076
2016-04-06 07:10:00,66.95440744332865
2016-04-06 07:20:00,80.15902234082044
2016-04-06 07:30:00,74.7616855044096
2016-04-06 07:40:00,76.81618781787954
2016-04-06 07:50:00,97.38328558639118
2016-04-06 08:00:00,104.585766035949
2016-04-06 08:10:00,91.48121803400382
2016-04-06 08:20:00,125.68858495785341
2016-04-06 08:30:00,97.16546423644485
2016-04-06 08:40:00,79.93821390486286
2016-04-06 08:50:00,72.26937966737945
2016-04-06 09:00:00,72.73283023372223
2016-04-06 09:10:00,74.99183661739883
2016-04-06 09:20:00,67.22300907238112
2016-04-06 09:30:00,79.39492215540264
2016-04-06 09:40:00,80.27227393939319
2016-04-06 09:50:00,96.61445581714976
2016-04-06 10:00:00,105.14174345786151
2016-04-06 10:10:00,94.54243137116103
2016-04-06 10:20:00,84.66213736129214
2016-04-06 10:30:00,73.06309797464506
2016-04-06 10:40:00,85.348576295486
2016-04-06 10:50:00,83.4266871355227
2016-04-06 11:00:00,75.93757133868654
2016-04-06 11:10:00,86.97220954361052
2016-04-06 11:20:00,87.34533992779461
2016-04-06 11:30:00,78.7625780860602
2016-04-06 11:40:00,76.76723684485329
2016-04-06 11:50:00,74.84289520078758
2016-04-06 12:00:00,76.20395227793824
2016-04-06 12:10:00,74.35661900245078
2016-04-06 12:20:00,73.77052402689912
2016-04-06 12:30:00,90.54504974562312
2016-04-06 12:40:00,80.09800244013202
2016-04-06 12:50:00,77.39794632265937
2016-04-06 13:00:00,84.99479429255291
2016-04-06 13:10:00,88.29218890209985
2016-04-06 13:20:00,96.47001726816164
2016-04-06 13:30:00,94.14429721585581
2016-04-06 13:40:00,106.99689253337752
2016-04-06 13:50:00,114.36562372282029
2016-04-06 14:00:00,109.52940497989489
2016-04-06 14:10:00,108.81213140078951
2016-04-06 14:20:00,106.41215651820029
2016-04-06 14:30:00,106.807039488653
2016-04-06 14:40:00,101.03572727324227
2016-04-06 14:50:00,107.81137483178809
2016-04-06 15:00:00,101.80836420614811
2016-04-06 15:10:00,102.612565878314
2016-04-06 15:20:00,100.09730508174428
2016-04-06 15:30:00,97.92194473891678
2016-04-06 15:40:00,94.78805929687934
2016-04-06 15:50:00,97.57388705451538
2016-04-06 16:00:00,87.03379841822488
2016-04-06 16:10:00,107.4325270721939
2016-04-06 16:20:00,93.01157933873567
2016-04-06 16:30:00,100.425004545973
2016-04-06 16:40:00,107.48589377118131
2016-04-06 16:50:00,102.76804437601814
2016-04-06 17:00:00,111.8949610117368
2016-04-06 17:10:00,129.7803393474551
2016-04-06 17:20:00,125.28704094606607
2016-04-06 17:30:00,123.01570399007441
2016-04-06 17:40:00,123.01202385570689
2016-04-06 17:50:00,128.17644304798233
2016-04-06 18:00:00,143.2014007323876
2016-04-06 18:10:00,197.84633358227725
2016-04-06 18:20:00,170.39357942356392
2016-04-06 18:30:00,130.45785338091227
2016-04-06 18:40:00,131.07868126903855
2016-04-06 18:50:00,168.55030293136036
2016-04-06 19:00:00,138.3878786154351
2016-04-06 19:10:00,125.08497332037136
2016-04-06 19:20:00,135.458196109755
2016-04-06 19:30:00,154.71720009028652
2016-04-06 19:40:00,132.43138928247586
2016-04-06 19:50:00,119.44611774250303
2016-04-06 20:00:00,120.22377751108772
2016-04-06 20:10:00,123.09276063010495
2016-04-06 20:20:00,121.09119528069216
2016-04-06 20:30:00,113.3670647266796
2016-04-06 20:40:00,111.5443969223115
2016-04-06 20:50:00,110.74418009484988
2016-04-06 21:00:00,107.17397236061018
2016-04-06 21:10:00,95.29515570946506
2016-04-06 21:20:00,73.33395056396868
2016-04-06 21:30:00,46.294591774857935
2016-04-06 21:40:00,52.16297428602388
2016-04-06 21:50:00,53.48781682997674
2016-04-06 22:00:00,55.20984622320204
2016-04-06 22:10:00,53.14325670508257
2016-04-06 22:20:00,49.181165935689386
2016-04-06 22:30:00,48.81538486359519
2016-04-06 22:40:00,52.013989476373936
2016-04-06 22:50:00,52.617896000689136
2016-04-06 23:00:00,51.39763539986231
2016-04-06 23:10:00,52.80311002323742
2016-04-06 23:20:00,49.89249905047599
2016-04-06 23:30:00,53.661404703932746
2016-04-06 23:40:00,46.87670015600656
2016-04-06 23:50:00,47.3906139568052
2016-04-07 00:00:00,40.86953770190285
2016-04-07 00:10:00,50.79485004480051
2016-04-07 00:20:00,51.982012831010834
2016-04-07 00:30:00,52.75844573181678
2016-04-07 00:40:00,48.92950725864221
2016-04-07 00:50:00,50.061765540052924
2016-04-07 01:00:00,51.26074934471714
2016-04-07 01:10:00,46.611139122374674
2016-04-07 01:20:00,49.70063199580334
2016-04-07 01:30:00,43.139918627262915
2016-04-07 01:40:00,48.06200600698981
2016-04-07 01:50:00,51.78861356839875
2016-04-07 02:00:00,51.76938273885981
2016-04-07 02:10:00,53.002073102197905
2016-04-07 02:20:00,52.314086941287094
2016-04-07 02:30:00,50.90642779436555
2016-04-07 02:40:00,44.03772095318384
2016-04-07 02:50:00,49.22946346369549
2016-04-07 03:00:00,49.32657187924609
2016-04-07 03:10:00,48.607930596173105
2016-04-07 03:20:00,49.28871006880438
2016-04-07 03:30:00,49.79293056090919
2016-04-07 03:40:00,50.096192168115664
2016-04-07 03:50:00,49.583364532661136
2016-04-07 04:00:00,40.58137556939655
2016-04-07 04:10:00,48.411742654708036
2016-04-07 04:20:00,51.014121402268486
2016-04-07 04:30:00,55.607862099925406
2016-04-07 04:40:00,56.05048203141457
2016-04-07 04:50:00,54.40009299215336
2016-04-07 05:00:00,55.67685999689047
2016-04-07 05:10:00,52.99498771891347
2016-04-07 05:20:00,54.67677799862861
2016-04-07 05:30:00,52.731841695989466
2016-04-07 05:40:00,54.875029208183584
2016-04-07 05:50:00,52.377733163063446
2016-04-07 06:00:00,54.61777840464378
2016-04-07 06:10:00,46.582665177316045
2016-04-07 06:20:00,50.50652057923233
2016-04-07 06:30:00,54.95140731975257
2016-04-07 06:40:00,55.17988982236992
2016-04-07 06:50:00,56.99636361734008
2016-04-07 07:00:00,59.60656924184648
2016-04-07 07:10:00,84.67053977632962
2016-04-07 07:20:00,72.05683789724176
2016-04-07 07:30:00,80.08666531987863
2016-04-07 07:40:00,76.19368122813347
2016-04-07 07:50:00,88.1407648761503
2016-04-07 08:00:00,98.573423516222
2016-04-07 08:10:00,138.3958691644952
2016-04-07 08:20:00,80.03164357579594
2016-04-07 08:30:00,121.67919136357222
2016-04-07 08:40:00,101.0013435759196
2016-04-07 08:50:00,117.0484573486692
2016-04-07 09:00:00,108.38727034476526
2016-04-07 09:10:00,83.72369815468795
2016-04-07 09:20:00,95.87806247997635
2016-04-07 09:30:00,132.47505805312215
2016-04-07 09:40:00,145.65774998434765
2016-04-07 09:50:00,106.73520790853078
2016-04-07 10:00:00,90.07462780562706
2016-04-07 10:10:00,69.02228487083678
2016-04-07 10:20:00,52.93433239738712
2016-04-07 10:30:00,51.49470826713107
2016-04-07 10:40:00,50.43479202863352
2016-04-07 10:50:00,50.81280771119485
2016-04-07 11:00:00,47.617513286365984
2016-04-07 11:10:00,50.79364636704524
2016-04-07 11:20:00,56.08366803937923
2016-04-07 11:30:00,52.49039605321281
2016-04-07 11:40:00,50.087219042454926
2016-04-07 11:50:00,54.16270168012015
2016-04-07 12:00:00,49.32169990829547
2016-04-07 12:10:00,47.48117430686866
2016-04-07 12:20:00,46.13981506478147
2016-04-07 12:30:00,51.350401606854476
2016-04-07 12:40:00,54.4294398129408
2016-04-07 12:50:00,51.96746887454382
2016-04-07 13:00:00,48.943439255494816
2016-04-07 13:10:00,41.02868136001041
2016-04-07 13:20:00,45.17166233830803
2016-04-07 13:30:00,50.28594171399795
2016-04-07 13:40:00,53.96510111373789
2016-04-07 13:50:00,56.18559091573989
2016-04-07 14:00:00,53.40568130216
2016-04-07 14:10:00,54.759309592965536
2016-04-07 14:20:00,55.07717633348731
2016-04-07 14:30:00,47.92791906614466
2016-04-07 14:40:00,47.91412073118948
2016-04-07 14:50:00,51.339000059351314
2016-04-07 15:00:00,52.918783754195616
2016-04-07 15:10:00,50.81975084284654
2016-04-07 15:20:00,48.34613828721433
2016-04-07 15:30:00,43.279840826602
2016-04-07 15:40:00,54.64487742334602
2016-04-07 15:50:00,59.76838000817649
2016-04-07 16:00:00,51.50884080676744
2016-04-07 16:10:00,46.0223898677383
2016-04-07 16:20:00,49.074567915393764
2016-04-07 16:30:00,53.5313334575129
2016-04-07 16:40:00,53.10049142319453
2016-04-07 16:50:00,45.31555402061614
2016-04-07 17:00:00,51.64208526581799
2016-04-07 17:10:00,55.17795712373629
2016-04-07 17:20:00,53.69129228457063
2016-04-07 17:30:00,62.21402950589477
2016-04-07 17:40:00,52.93655430421821
2016-04-07 17:50:00,48.25367851474993
2016-04-07 18:00:00,47.80683270525131
2016-04-07 18:10:00,61.480669495020884
2016-04-07 18:20:00,56.05551927665184
2016-04-07 18:30:00,57.806602540500066
2016-04-07 18:40:00,59.15003220828236
2016-04-07 18:50:00,55.85959466630555
2016-04-07 19:00:00,60.456572335143676
2016-04-07 19:10:00,119.17117088860596
2016-04-07 19:20:00,124.42202074967476
2016-04-07 19:30:00,131.83971365260606
2016-04-07 19:40:00,176.20618790961296
2016-04-07 19:50:00,169.50075302409775
2016-04-07 20:00:00,173.07865859344562
2016-04-07 20:10:00,149.1990781733865
2016-04-07 20:20:00,119.4866089124819
2016-04-07 20:30:00,116.08890600473474
2016-04-07 20:40:00,116.7412687432523
2016-04-07 20:50:00,109.1321846127661
2016-04-07 21:00:00,104.86473973677936
2016-04-07 21:10:00,92.62643536184466
2016-04-07 21:20:00,87.14342035641735
2016-04-07 21:30:00,81.5987941483083
2016-04-07 21:40:00,72.8184263512207
2016-04-07 21:50:00,60.47726068422171
2016-04-07 22:00:00,62.001794730109786
2016-04-07 22:10:00,59.91153030529083
2016-04-07 22:20:00,56.36423537753424
2016-04-07 22:30:00,53.28114887033431
2016-04-07 22:40:00,43.37457554741899
2016-04-07 22:50:00,46.892001814270884
2016-04-07 23:00:00,52.43110247083005
2016-04-07 23:10:00,53.49973410753632
2016-04-07 23:20:00,52.583205028458345
2016-04-07 23:30:00,54.11990851739739
2016-04-07 23:40:00,44.54083105806923
2016-04-07 23:50:00,39.61745758935452
2016-04-08 00:00:00,42.36036524171441
2016-04-08 00:10:00,52.62544317392344
2016-04-08 00:20:00,59.437090515098014
2016-04-08 00:30:00,56.86395820935007
2016-04-08 00:40:00,56.88472717895028
2016-04-08 00:50:00,56.21155489447167
2016-04-08 01:00:00,55.48443015758826
2016-04-08 01:10:00,52.695508084046345
2016-04-08 01:20:00,50.8303495063212
2016-04-08 01:30:00,51.457484654880965
2016-04-08 01:40:00,47.724642584682286
2016-04-08 01:50:00,52.56907274552891
2016-04-08 02:00:00,51.37159973768845
2016-04-08 02:10:00,51.905255498140264
2016-04-08 02:20:00,51.1917562651047
2016-04-08 02:30:00,49.82158723338708
2016-04-08 02:40:00,44.21253467635101
2016-04-08 02:50:00,43.43240536533321
2016-04-08 03:00:00,47.53192663621398
2016-04-08 03:10:00,49.87988693963157
2016-04-08 03:20:00,49.37373861652919
2016-04-08 03:30:00,47.34294570414204
2016-04-08 03:40:00,50.75556287372815
2016-04-08 03:50:00,51.00588576875898
2016-04-08 04:00:00,44.15626183726258
2016-04-08 04:10:00,42.40150316039193
2016-04-08 04:20:00,50.90048125423006
2016-04-08 04:30:00,50.28353970403747
2016-04-08 04:40:00,42.721621711573604
2016-04-08 04:50:00,43.44468872327016
2016-04-08 05:00:00,49.08200827472983
2016-04-08 05:10:00,47.15495316916951
2016-04-08 05:20:00,51.506988509989434
2016-04-08 05:30:00,55.07476711511349
2016-04-08 05:40:00,56.5242687607118
2016-04-08 05:50:00,53.005220314469774
2016-04-08 06:00:00,51.21790788621447
2016-04-08 06:10:00,51.96124929558884
2016-04-08 06:20:00,53.90432006050915
2016-04-08 06:30:00,57.03451118638744
2016-04-08 06:40:00,57.184523290040545
2016-04-08 06:50:00,51.82322028383477
2016-04-08 07:00:00,49.83117805128071
2016-04-08 07:10:00,56.84113554055098
2016-04-08 07:20:00,56.27879012238626
2016-04-08 07:30:00,52.87848270653811
2016-04-08 07:40:00,51.517727733784085
2016-04-08 07:50:00,64.95515592614508
2016-04-08 08:00:00,84.37840433536627
2016-04-08 08:10:00,68.1289613638511
2016-04-08 08:20:00,63.72071870552301
2016-04-08 08:30:00,73.63498924654671
2016-04-08 08:40:00,74.68727238015553
2016-04-08 08:50:00,78.88323496778668
2016-04-08 09:00:00,72.50666434112638
2016-04-08 09:10:00,120.55174668175766
2016-04-08 09:20:00,82.37705199476117
2016-04-08 09:30:00,72.09879768646191
2016-04-08 09:40:00,65.01447857960346
2016-04-08 09:50:00,79.47925671065903
2016-04-08 10:00:00,89.25737124822982
2016-04-08 10:10:00,89.4354759677948
2016-04-08 10:20:00,150.82703076978217
2016-04-08 10:30:00,254.82675489922033
2016-04-08 10:40:00,259.16958176150604
2016-04-08 10:50:00,259.54602284306253
2016-04-08 11:00:00,216.1630223147148
2016-04-08 11:10:00,187.50018054064796
2016-04-08 11:20:00,213.2622687657092
2016-04-08 11:30:00,127.53394842050108
2016-04-08 11:40:00,117.09383298077269
2016-04-08 11:50:00,119.84185864038109
2016-04-08 12:00:00,124.40211229101601
2016-04-08 12:10:00,101.44013696576027
2016-04-08 12:20:00,118.62896588344526
2016-04-08 12:30:00,219.39734936727353
2016-04-08 12:40:00,127.95328653885309
2016-04-08 12:50:00,118.60198503564486
2016-04-08 13:00:00,178.65159013609875
2016-04-08 13:10:00,184.13656000024037
2016-04-08 13:20:00,156.08313437705394
2016-04-08 13:30:00,139.3337317604197
2016-04-08 13:40:00,131.5469534766271
2016-04-08 13:50:00,123.58193869154496
2016-04-08 14:00:00,127.6338168738516
2016-04-08 14:10:00,113.8387413622088
2016-04-08 14:20:00,130.77261029024106
2016-04-08 14:30:00,123.35108835867628
2016-04-08 14:40:00,116.32945609765478
2016-04-08 14:50:00,137.6212736245806
2016-04-08 15:00:00,145.87874878167574
2016-04-08 15:10:00,162.979854249496
2016-04-08 15:20:00,161.5309613604332
2016-04-08 15:30:00,253.20129913358505
2016-04-08 15:40:00,329.1057107219261
2016-04-08 15:50:00,287.19813490978066
2016-04-08 16:00:00,270.2990368261612
2016-04-08 16:10:00,247.5836938912659
2016-04-08 16:20:00,234.3880813530777
2016-04-08 16:30:00,208.87105963162165
2016-04-08 16:40:00,144.61128871040108
2016-04-08 16:50:00,153.74441099719348
2016-04-08 17:00:00,225.64167911749044
2016-04-08 17:10:00,321.5718438413003
2016-04-08 17:20:00,252.69692286045822
2016-04-08 17:30:00,253.64385045464638
2016-04-08 17:40:00,282.26433618560895
2016-04-08 17:50:00,263.70680257789945
2016-04-08 18:00:00,277.78749465138395
2016-04-08 18:10:00,253.9897871822115
2016-04-08 18:20:00,230.7495820170072
2016-04-08 18:30:00,133.64982890722564
2016-04-08 18:40:00,170.0349433993206
2016-04-08 18:50:00,166.60418769787023
2016-04-08 19:00:00,165.5938915334397
2016-04-08 19:10:00,187.61219420029846
2016-04-08 19:20:00,124.74554194361124
2016-04-08 19:30:00,132.05268063002566
2016-04-08 19:40:00,126.24109509402017
2016-04-08 19:50:00,120.50382120634235
2016-04-08 20:00:00,120.5365467510879
2016-04-08 20:10:00,116.33585117555408
2016-04-08 20:20:00,123.41603599731808
2016-04-08 20:30:00,111.95531623770114
2016-04-08 20:40:00,112.71585462801299
2016-04-08 20:50:00,108.48978521018937
2016-04-08 21:00:00,104.6674935521743
2016-04-08 21:10:00,94.13625627599997
2016-04-08 21:20:00,72.11958827824097
2016-04-08 21:30:00,55.6365954786783
2016-04-08 21:40:00,53.91157166932597
2016-04-08 21:50:00,55.0406637795035
2016-04-08 22:00:00,51.687250531314774
2016-04-08 22:10:00,54.5889038195357
2016-04-08 22:20:00,51.34896250021251
2016-04-08 22:30:00,51.196512770006315
2016-04-08 22:40:00,54.12924502315225
2016-04-08 22:50:00,49.30545408518482
2016-04-08 23:00:00,49.43380854158957
2016-04-08 23:10:00,52.277107733121504
2016-04-08 23:20:00,52.80911530636284
2016-04-08 23:30:00,51.31897278743723
2016-04-08 23:40:00,49.39966001950225
2016-04-08 23:50:00,52.30378201379904
2016-04-09 00:00:00,48.90737641126851
2016-04-09 00:10:00,52.228763956345695
2016-04-09 00:20:00,53.206662103306655
2016-04-09 00:30:00,54.177475773572866
2016-04-09 00:40:00,51.97036009122069
2016-04-09 00:50:00,49.729474395980304
2016-04-09 01:00:00,50.15340674236576
2016-04-09 01:10:00,51.565993723267255
2016-04-09 01:20:00,51.90423618128486
2016-04-09 01:30:00,47.30966401918535
2016-04-09 01:40:00,52.17185785863318
2016-04-09 01:50:00,53.950044437346236
2016-04-09 02:00:00,54.777163813710104
2016-04-09 02:10:00,53.96154971118116
2016-04-09 02:20:00,44.77691580319361
2016-04-09 02:30:00,51.510407383533035
2016-04-09 02:40:00,53.3877518670304
2016-04-09 02:50:00,52.526902390694204
2016-04-09 03:00:00,51.17022264338444
2016-04-09 03:10:00,53.02667537189825
2016-04-09 03:20:00,53.449391897227464
2016-04-09 03:30:00,52.02971117047143
2016-04-09 03:40:00,54.107379478402166
2016-04-09 03:50:00,51.26726870830545
2016-04-09 04:00:00,52.903525464509954
2016-04-09 04:10:00,50.797411811088494
2016-04-09 04:20:00,49.56372782967824
2016-04-09 04:30:00,47.00262752182556
2016-04-09 04:40:00,52.63186006517881
2016-04-09 04:50:00,55.078098613686436
2016-04-09 05:00:00,50.76087593312412
2016-04-09 05:10:00,57.404529597484846
2016-04-09 05:20:00,55.795157324498376
2016-04-09 05:30:00,53.703754974261514
2016-04-09 05:40:00,57.020709988632134
2016-04-09 05:50:00,56.32633482408346
2016-04-09 06:00:00,55.77405981538511
2016-04-09 06:10:00,51.409668075872546
2016-04-09 06:20:00,56.53975306459729
2016-04-09 06:30:00,58.54279449439371
2016-04-09 06:40:00,53.450745981213544
2016-04-09 06:50:00,55.670599950804956
2016-04-09 07:00:00,60.032470050620034
2016-04-09 07:10:00,57.06639304051697
2016-04-09 07:20:00,58.09761956182234
2016-04-09 07:30:00,51.715690114630235
2016-04-09 07:40:00,48.892532825780556
2016-04-09 07:50:00,67.19197401127947
2016-04-09 08:00:00,65.62400222413085
2016-04-09 08:10:00,66.6131384782184
2016-04-09 08:20:00,66.50918280778113
2016-04-09 08:30:00,69.3674017834164
2016-04-09 08:40:00,104.75840084105249
2016-04-09 08:50:00,86.25151104503033
2016-04-09 09:00:00,73.13830969176121
2016-04-09 09:10:00,76.77755060810256
2016-04-09 09:20:00,83.69258275729257
2016-04-09 09:30:00,74.43296478392091
2016-04-09 09:40:00,72.00544620098655
2016-04-09 09:50:00,105.87484713324591
2016-04-09 10:00:00,159.91595969959187
2016-04-09 10:10:00,162.1472931920678
2016-04-09 10:20:00,156.70820061436186
2016-04-09 10:30:00,174.15224079757604
2016-04-09 10:40:00,176.76234726124042
2016-04-09 10:50:00,96.02003780858445
2016-04-09 11:00:00,66.65734009475474
2016-04-09 11:10:00,59.02997898033167
2016-04-09 11:20:00,66.51233004082762
2016-04-09 11:30:00,67.31964850352094
2016-04-09 11:40:00,66.61042434268175
2016-04-09 11:50:00,66.58241239695275
2016-04-09 12:00:00,77.44612410586792
2016-04-09 12:10:00,118.12805442944398
2016-04-09 12:20:00,123.14824185898038
2016-04-09 12:30:00,122.41542348829398
2016-04-09 12:40:00,106.92033416584017
2016-04-09 12:50:00,99.46479490560417
2016-04-09 13:00:00,104.76463581169077
2016-04-09 13:10:00,101.36166196546256
2016-04-09 13:20:00,109.2799517264764
2016-04-09 13:30:00,109.69043001547976
2016-04-09 13:40:00,114.5014060075328
2016-04-09 13:50:00,170.23964828306035
2016-04-09 14:00:00,150.36880247164822
2016-04-09 14:10:00,161.21366762289665
2016-04-09 14:20:00,104.01894499624635
2016-04-09 14:30:00,105.89875729117188
2016-04-09 14:40:00,100.76309010403683
2016-04-09 14:50:00,108.5187267313938
2016-04-09 15:00:00,120.84519049927782
2016-04-09 15:10:00,140.8395148365029
2016-04-09 15:20:00,196.31055066094916
2016-04-09 15:30:00,205.43627977683576
2016-04-09 15:40:00,212.2366827623432
2016-04-09 15:50:00,177.4499065815751
2016-04-09 16:00:00,230.31103435343175
2016-04-09 16:10:00,274.2481918625996
2016-04-09 16:20:00,256.87878689013655
2016-04-09 16:30:00,274.6255141434855
2016-04-09 16:40:00,252.38196953545554
2016-04-09 16:50:00,233.09561507494968
2016-04-09 17:00:00,139.18653204383983
2016-04-09 17:10:00,135.44367425580776
2016-04-09 17:20:00,138.506061390005
2016-04-09 17:30:00,149.81208785070638
2016-04-09 17:40:00,127.6861087633886
2016-04-09 17:50:00,127.64365927107497
2016-04-09 18:00:00,133.33959818248397
2016-04-09 18:10:00,127.17901285861865
2016-04-09 18:20:00,123.43061731120739
2016-04-09 18:30:00,134.58121209778167
2016-04-09 18:40:00,142.91863224449705
2016-04-09 18:50:00,148.25191506904937
2016-04-09 19:00:00,176.05928887733208
2016-04-09 19:10:00,161.99699956120136
2016-04-09 19:20:00,115.50357461572594
2016-04-09 19:30:00,121.90311980293032
2016-04-09 19:40:00,125.65178035086275
2016-04-09 19:50:00,120.84278000406692
2016-04-09 20:00:00,91.75196057796887
2016-04-09 20:10:00,87.69378536963805
2016-04-09 20:20:00,88.32338315082137
2016-04-09 20:30:00,89.63626750948538
2016-04-09 20:40:00,87.22372514115412
2016-04-09 20:50:00,87.29639996119393
2016-04-09 21:00:00,90.54222407188044
2016-04-09 21:10:00,82.97701153516094
2016-04-09 21:20:00,76.77074103831961
2016-04-09 21:30:00,72.16329945102625
2016-04-09 21:40:00,76.15666649379725
2016-04-09 21:50:00,67.82562810669548
2016-04-09 22:00:00,61.432802010560174
2016-04-09 22:10:00,58.46723291190301
2016-04-09 22:20:00,44.08651629741505
2016-04-09 22:30:00,48.440370344855715
2016-04-09 22:40:00,48.97498559232011
2016-04-09 22:50:00,46.488800605505354
2016-04-09 23:00:00,44.41189332141158
2016-04-09 23:10:00,51.8388392244318
2016-04-09 23:20:00,55.28214528034786
2016-04-09 23:30:00,54.648886378783935
2016-04-09 23:40:00,51.895073719795086
2016-04-09 23:50:00,52.896242115215635
2016-04-10 00:00:00,53.52514360156675
2016-04-10 00:10:00,52.19783064836592
2016-04-10 00:20:00,51.267949758802295
2016-04-10 00:30:00,42.82009526632849
2016-04-10 00:40:00,51.69956744202216
2016-04-10 00:50:00,51.237780260632206
2016-04-10 01:00:00,51.52913691393889
2016-04-10 01:10:00,51.349476165239494
2016-04-10 01:20:00,50.27098548120395
2016-04-10 01:30:00,49.28936334059378
2016-04-10 01:40:00,48.4969754823317
2016-04-10 01:50:00,51.9460484873401
2016-04-10 02:00:00,52.73127711278274
2016-04-10 02:10:00,51.33537196448447
2016-04-10 02:20:00,44.90436603038458
2016-04-10 02:30:00,43.7234011125743
2016-04-10 02:40:00,48.685635612945724
2016-04-10 02:50:00,47.71202006572732
2016-04-10 03:00:00,53.89335994127719
2016-04-10 03:10:00,55.353750422943996
2016-04-10 03:20:00,54.117648810465404
2016-04-10 03:30:00,52.383388766940335
2016-04-10 03:40:00,46.75195108576622
2016-04-10 03:50:00,47.61463176709041
2016-04-10 04:00:00,51.291156457371635
2016-04-10 04:10:00,53.38545519999407
2016-04-10 04:20:00,52.716117764139845
2016-04-10 04:30:00,54.43859419869485
2016-04-10 04:40:00,46.31825198820714
2016-04-10 04:50:00,44.4007764790224
2016-04-10 05:00:00,45.857078944371146
2016-04-10 05:10:00,51.15813512396336
2016-04-10 05:20:00,55.96883987998282
2016-04-10 05:30:00,58.76268607292189
2016-04-10 05:40:00,56.73029097387748
2016-04-10 05:50:00,54.952758747008254
2016-04-10 06:00:00,58.026874053497075
2016-04-10 06:10:00,56.46969441577433
2016-04-10 06:20:00,58.260067401633805
2016-04-10 06:30:00,55.5424858490819
2016-04-10 06:40:00,57.78405376604235
2016-04-10 06:50:00,54.68000732827798
2016-04-10 07:00:00,52.054623926758836
2016-04-10 07:10:00,53.12482568217111
2016-04-10 07:20:00,49.870145471091234
2016-04-10 07:30:00,57.533697905019565
2016-04-10 07:40:00,59.33298067404849
2016-04-10 07:50:00,53.9210245195463
2016-04-10 08:00:00,59.03174967585457
2016-04-10 08:10:00,59.57995856497043
2016-04-10 08:20:00,71.76924938893194
2016-04-10 08:30:00,79.46054623507423
2016-04-10 08:40:00,71.68986767778085
2016-04-10 08:50:00,72.63500312254651
2016-04-10 09:00:00,121.94810494949469
2016-04-10 09:10:00,87.33599613648717
2016-04-10 09:20:00,77.24722876005899
2016-04-10 09:30:00,67.0792963544737
2016-04-10 09:40:00,67.95387127365848
2016-04-10 09:50:00,74.42501924711917
2016-04-10 10:00:00,78.80339260356384
2016-04-10 10:10:00,109.62372598142434
2016-04-10 10:20:00,172.41159257913841
2016-04-10 10:30:00,281.6754768194567
2016-04-10 10:40:00,247.5153867116154
2016-04-10 10:50:00,168.03726795305116
2016-04-10 11:00:00,181.6639044688086
2016-04-10 11:10:00,123.02891790259616
2016-04-10 11:20:00,72.22043646459474
2016-04-10 11:30:00,65.34166868777488
2016-04-10 11:40:00,66.4984629339277
2016-04-10 11:50:00,65.26135703375424
2016-04-10 12:00:00,60.89633150767965
2016-04-10 12:10:00,56.737623384810604
2016-04-10 12:20:00,61.46340518242544
2016-04-10 12:30:00,60.62669427594478
2016-04-10 12:40:00,55.39421263188882
2016-04-10 12:50:00,51.861291405524184
2016-04-10 13:00:00,59.891893486858514
2016-04-10 13:10:00,52.100763318454774
2016-04-10 13:20:00,56.527893199804424
2016-04-10 13:30:00,58.05565756879905
2016-04-10 13:40:00,56.14451776968166
2016-04-10 13:50:00,71.95490794205777
2016-04-10 14:00:00,59.86419520816375
2016-04-10 14:10:00,53.41841831278198
2016-04-10 14:20:00,53.35240949229534
2016-04-10 14:30:00,54.71927193084257
2016-04-10 14:40:00,49.73375299419419
2016-04-10 14:50:00,55.04934909717472
2016-04-10 15:00:00,58.93425560842905
2016-04-10 15:10:00,50.86456083144835
2016-04-10 15:20:00,49.22394048227443
2016-04-10 15:30:00,50.11437666182906
2016-04-10 15:40:00,56.07691864325834
2016-04-10 15:50:00,52.89888212194012
2016-04-10 16:00:00,61.35043458324161
2016-04-10 16:10:00,68.0195445180761
2016-04-10 16:20:00,55.11304058810352
2016-04-10 16:30:00,61.60661244322453
2016-04-10 16:40:00,57.87063828023019
2016-04-10 16:50:00,78.9568717597369
2016-04-10 17:00:00,69.11025338554502
2016-04-10 17:10:00,52.231997210851
2016-04-10 17:20:00,75.95232565190996
2016-04-10 17:30:00,72.4565429265438
2016-04-10 17:40:00,135.23005274935724
2016-04-10 17:50:00,127.69453899262521
2016-04-10 18:00:00,171.71041333996797
2016-04-10 18:10:00,144.52258109222186
2016-04-10 18:20:00,171.55062455259173
2016-04-10 18:30:00,184.04838343016303
2016-04-10 18:40:00,208.7406714424984
2016-04-10 18:50:00,129.71584452272032
2016-04-10 19:00:00,119.31435849091753
2016-04-10 19:10:00,110.54400396469258
2016-04-10 19:20:00,113.88258202768068
2016-04-10 19:30:00,115.75482315573753
2016-04-10 19:40:00,112.16810399966062
2016-04-10 19:50:00,115.28350818785619
2016-04-10 20:00:00,117.76942061914039
2016-04-10 20:10:00,113.41551591860123
2016-04-10 20:20:00,104.2633095738801
2016-04-10 20:30:00,89.58891399411878
2016-04-10 20:40:00,95.76427355454011
2016-04-10 20:50:00,88.88044811835908
2016-04-10 21:00:00,91.34535270348505
2016-04-10 21:10:00,84.71562366431209
2016-04-10 21:20:00,78.17131044966487
2016-04-10 21:30:00,83.57381662300118
2016-04-10 21:40:00,75.11641095585644
2016-04-10 21:50:00,72.76235979450381
2016-04-10 22:00:00,70.52969725427215
2016-04-10 22:10:00,59.37600976803591
2016-04-10 22:20:00,53.237388038488035
2016-04-10 22:30:00,45.35167843409226
2016-04-10 22:40:00,52.09446692027095
2016-04-10 22:50:00,55.09548665635979
2016-04-10 23:00:00,52.42688504263817
2016-04-10 23:10:00,51.99041567417728
2016-04-10 23:20:00,52.62861104519277
2016-04-10 23:30:00,49.19194787586157
2016-04-10 23:40:00,56.0579060322614
2016-04-10 23:50:00,58.04826098611225
2016-04-11 00:00:00,53.85150242241175
2016-04-11 00:10:00,53.52327757637254
2016-04-11 00:20:00,51.20642527581879
2016-04-11 00:30:00,51.17142263740879
2016-04-11 00:40:00,47.892863367136194
2016-04-11 00:50:00,52.44507733558975
2016-04-11 01:00:00,55.716753210165784
2016-04-11 01:10:00,55.21475676521258
2016-04-11 01:20:00,53.637025631571056
2016-04-11 01:30:00,47.54672413668381
2016-04-11 01:40:00,46.43372886759212
2016-04-11 01:50:00,44.94736266295303
2016-04-11 02:00:00,51.96326910583175
2016-04-11 02:10:00,53.936971301154124
2016-04-11 02:20:00,49.304382940654754
2016-04-11 02:30:00,53.469202517645755
2016-04-11 02:40:00,54.61602632913506
2016-04-11 02:50:00,53.38101121943749
2016-04-11 03:00:00,51.243790352198495
2016-04-11 03:10:00,50.06857151158524
2016-04-11 03:20:00,45.56099094985699
2016-04-11 03:30:00,45.911587402537954
2016-04-11 03:40:00,50.06752469210642
2016-04-11 03:50:00,51.98884740716547
2016-04-11 04:00:00,51.6648136916264
2016-04-11 04:10:00,54.048619152950806
2016-04-11 04:20:00,54.15880006000163
2016-04-11 04:30:00,52.25525747744982
2016-04-11 04:40:00,45.177381749934355
2016-04-11 04:50:00,45.1098689392641
2016-04-11 05:00:00,49.79172595417484
2016-04-11 05:10:00,48.12810305821825
2016-04-11 05:20:00,59.84397783741667
2016-04-11 05:30:00,62.0653740759583
2016-04-11 05:40:00,54.45036366996984
2016-04-11 05:50:00,59.9363124807967
2016-04-11 06:00:00,55.94289217381069
2016-04-11 06:10:00,63.58534317773773
2016-04-11 06:20:00,84.54587462176934
2016-04-11 06:30:00,66.4471852946215
2016-04-11 06:40:00,54.334129883316365
2016-04-11 06:50:00,43.36802893080465
2016-04-11 07:00:00,59.527679954429466
2016-04-11 07:10:00,58.02221376704781
2016-04-11 07:20:00,61.321196423427686
2016-04-11 07:30:00,62.505608203189404
2016-04-11 07:40:00,56.9936530800804
2016-04-11 07:50:00,58.25619376688498
2016-04-11 08:00:00,55.00039294730419
2016-04-11 08:10:00,55.361229292385985
2016-04-11 08:20:00,55.52001711926006
2016-04-11 08:30:00,55.38897503933007
2016-04-11 08:40:00,53.89422567947632
2016-04-11 08:50:00,51.64860200362617
2016-04-11 09:00:00,55.97412454225449
2016-04-11 09:10:00,52.055024379540924
2016-04-11 09:20:00,55.37302443716937
2016-04-11 09:30:00,51.87339274832383
2016-04-11 09:40:00,51.15420256968737
2016-04-11 09:50:00,52.80814056455105
2016-04-11 10:00:00,54.05356493945457
2016-04-11 10:10:00,66.3246140269506
2016-04-11 10:20:00,63.81984166572525
2016-04-11 10:30:00,76.91487477571592
2016-04-11 10:40:00,76.58736520836611
2016-04-11 10:50:00,87.85666979502578
2016-04-11 11:00:00,91.15882780154962
2016-04-11 11:10:00,82.9445146370285
2016-04-11 11:20:00,84.56501473816037
2016-04-11 11:30:00,85.9126573757737
2016-04-11 11:40:00,86.64467780542618
2016-04-11 11:50:00,84.12494446328319
2016-04-11 12:00:00,103.35074543354195
2016-04-11 12:10:00,87.17617486825412
2016-04-11 12:20:00,87.20068260449995
2016-04-11 12:30:00,81.03930985369428
2016-04-11 12:40:00,78.46277627353174
2016-04-11 12:50:00,79.88158672595583
2016-04-11 13:00:00,78.65025709899992
2016-04-11 13:10:00,80.45396078182007
2016-04-11 13:20:00,70.11300481309844
2016-04-11 13:30:00,87.28526388553499
2016-04-11 13:40:00,82.54902077751571
2016-04-11 13:50:00,82.02772047955558
2016-04-11 14:00:00,80.91391902938106
2016-04-11 14:10:00,86.72549004656798
2016-04-11 14:20:00,79.08148891683764
2016-04-11 14:30:00,71.80581097518359
2016-04-11 14:40:00,95.49086113139764
2016-04-11 14:50:00,91.28967441105716
2016-04-11 15:00:00,91.2309665755869
2016-04-11 15:10:00,87.07066502820854
2016-04-11 15:20:00,89.07095061321031
2016-04-11 15:30:00,93.05294262222331
2016-04-11 15:40:00,90.8192541442396
2016-04-11 15:50:00,94.25209815890081
2016-04-11 16:00:00,90.42402945519017
2016-04-11 16:10:00,100.67583519898717
2016-04-11 16:20:00,90.78061600852989
2016-04-11 16:30:00,99.89442711345687
2016-04-11 16:40:00,99.87605759757106
2016-04-11 16:50:00,99.62456964821497
2016-04-11 17:00:00,115.43606412231988
2016-04-11 17:10:00,94.78276252295751
2016-04-11 17:20:00,106.05175847579329
2016-04-11 17:30:00,124.50329158721
2016-04-11 17:40:00,289.5210874891514
2016-04-11 17:50:00,211.27229499629397
2016-04-11 18:00:00,203.22455271420705
2016-04-11 18:10:00,128.67484784393457
2016-04-11 18:20:00,123.27025262634672
2016-04-11 18:30:00,136.0377426141323
2016-04-11 18:40:00,135.38678342803522
2016-04-11 18:50:00,143.3080249462805
2016-04-11 19:00:00,135.4870601043834
2016-04-11 19:10:00,127.6164437634691
2016-04-11 19:20:00,133.8763706999985
2016-04-11 19:30:00,127.14547104674173
2016-04-11 19:40:00,110.65592513175174
2016-04-11 19:50:00,107.86402844249336
2016-04-11 20:00:00,108.51378442400811
2016-04-11 20:10:00,108.1453158898043
2016-04-11 20:20:00,100.32034795926913
2016-04-11 20:30:00,106.29517974030081
2016-04-11 20:40:00,100.27511265769121
2016-04-11 20:50:00,97.89954963543275
2016-04-11 21:00:00,94.21675111160252
2016-04-11 21:10:00,81.93528475749157
2016-04-11 21:20:00,80.6173759088497
2016-04-11 21:30:00,63.275607116552834
2016-04-11 21:40:00,69.95732217820137
2016-04-11 21:50:00,62.10042827962407
2016-04-11 22:00:00,62.21333766610451
2016-04-11 22:10:00,61.254021946090546
2016-04-11 22:20:00,53.57916470227749
2016-04-11 22:30:00,55.34708621080448
2016-04-11 22:40:00,55.86455293495231
2016-04-11 22:50:00,59.0702922308102
2016-04-11 23:00:00,55.5334096978301
2016-04-11 23:10:00,55.126223019651
2016-04-11 23:20:00,50.034548695727985
2016-04-11 23:30:00,47.345749661438276
2016-04-11 23:40:00,44.989060392570096
2016-04-11 23:50:00,52.44660602498248
2016-04-12 00:00:00,52.28497949113896
2016-04-12 00:10:00,49.99971382548409
2016-04-12 00:20:00,50.53995714770248
2016-04-12 00:30:00,51.75575431203056
2016-04-12 00:40:00,55.22555968084585
2016-04-12 00:50:00,55.6284974165965
2016-04-12 01:00:00,50.76588929650515
2016-04-12 01:10:00,52.53453033065442
2016-04-12 01:20:00,50.481025865664115
2016-04-12 01:30:00,49.842285470029985
2016-04-12 01:40:00,50.604263122202696
2016-04-12 01:50:00,51.853058111549466
2016-04-12 02:00:00,52.08196282121919
2016-04-12 02:10:00,45.911509131356034
2016-04-12 02:20:00,51.51035940512208
2016-04-12 02:30:00,55.69073790314147
2016-04-12 02:40:00,53.80088752672412
2016-04-12 02:50:00,54.26027704533336
2016-04-12 03:00:00,50.728578322661754
2016-04-12 03:10:00,52.953777721889246
2016-04-12 03:20:00,50.471424895415886
2016-04-12 03:30:00,48.569502739148746
2016-04-12 03:40:00,49.93776584754251
2016-04-12 03:50:00,51.49710652634719
2016-04-12 04:00:00,54.919809233160684
2016-04-12 04:10:00,54.99163069183213
2016-04-12 04:20:00,49.50902478226394
2016-04-12 04:30:00,52.064227195730965
2016-04-12 04:40:00,53.849562038770294
2016-04-12 04:50:00,44.81925973474538
2016-04-12 05:00:00,48.624164065027195
2016-04-12 05:10:00,54.254485156324
2016-04-12 05:20:00,62.91171794729183
2016-04-12 05:30:00,60.958502354691085
2016-04-12 05:40:00,50.055962416193935
2016-04-12 05:50:00,48.83961318540057
2016-04-12 06:00:00,58.232952568998385
2016-04-12 06:10:00,62.512722301201634
2016-04-12 06:20:00,66.27981993879648
2016-04-12 06:30:00,66.3832932607529
2016-04-12 06:40:00,63.32330573963708
2016-04-12 06:50:00,55.589201314248285
2016-04-12 07:00:00,55.22701377733671
2016-04-12 07:10:00,70.0515521882477
2016-04-12 07:20:00,70.61134783475286
2016-04-12 07:30:00,69.47289820977431
2016-04-12 07:40:00,73.1714811300754
2016-04-12 07:50:00,73.4010028895342
2016-04-12 08:00:00,73.42074225956975
2016-04-12 08:10:00,75.95507508499298
2016-04-12 08:20:00,74.96476661607238
2016-04-12 08:30:00,72.75212745206396
2016-04-12 08:40:00,58.38141041587321
2016-04-12 08:50:00,66.98300905904254
2016-04-12 09:00:00,64.93376675046471
2016-04-12 09:10:00,59.08414654015662
2016-04-12 09:20:00,60.8911164379835
2016-04-12 09:30:00,55.20978258324964
2016-04-12 09:40:00,48.287724117494285
2016-04-12 09:50:00,53.182486923080916
2016-04-12 10:00:00,53.11343644561037
2016-04-12 10:10:00,51.84382893999962
2016-04-12 10:20:00,61.80452211142734
2016-04-12 10:30:00,59.892950590382384
2016-04-12 10:40:00,62.91579054513643
2016-04-12 10:50:00,48.63761648041273
2016-04-12 11:00:00,54.23041751042518
2016-04-12 11:10:00,61.26659517811354
2016-04-12 11:20:00,54.14678467241159
2016-04-12 11:30:00,58.5451504656005
2016-04-12 11:40:00,49.195271844099324
2016-04-12 11:50:00,51.94956536356956
2016-04-12 12:00:00,55.23001031749888
2016-04-12 12:10:00,59.837905235235766
2016-04-12 12:20:00,64.70014697912923
2016-04-12 12:30:00,60.276932588048666
2016-04-12 12:40:00,55.744586061100115
2016-04-12 12:50:00,48.452207181684635
2016-04-12 13:00:00,56.253397216373344
2016-04-12 13:10:00,70.12950520986088
2016-04-12 13:20:00,62.520319163071655
2016-04-12 13:30:00,56.501439587919585
2016-04-12 13:40:00,64.6082313019673
2016-04-12 13:50:00,58.518230296868474
2016-04-12 14:00:00,56.57628738932244
2016-04-12 14:10:00,57.043804120545644
2016-04-12 14:20:00,51.99646393583037
2016-04-12 14:30:00,59.17639426946569
2016-04-12 14:40:00,60.87653206630023
2016-04-12 14:50:00,59.24689599152977
2016-04-12 15:00:00,57.187663449316425
2016-04-12 15:10:00,66.40634828328878
2016-04-12 15:20:00,58.599024969028044
2016-04-12 15:30:00,64.77243390553677
2016-04-12 15:40:00,50.68795128569534
2016-04-12 15:50:00,57.30807296057287
2016-04-12 16:00:00,63.065164015040494
2016-04-12 16:10:00,53.92013326860403
2016-04-12 16:20:00,72.85492975253402
2016-04-12 16:30:00,63.854195754591075
2016-04-12 16:40:00,59.88751045248712
2016-04-12 16:50:00,71.92778788726244
2016-04-12 17:00:00,104.07677180738324
2016-04-12 17:10:00,295.4077714081394
2016-04-12 17:20:00,198.1461653092219
2016-04-12 17:30:00,198.3262908133999
2016-04-12 17:40:00,297.3575561478555
2016-04-12 17:50:00,260.8190551925455
2016-04-12 18:00:00,240.39864531661777
2016-04-12 18:10:00,152.31770070510544
2016-04-12 18:20:00,186.4819674820789
2016-04-12 18:30:00,264.20259755700164
2016-04-12 18:40:00,247.85835605691952
2016-04-12 18:50:00,178.83611418004057
2016-04-12 19:00:00,233.40426881846918
2016-04-12 19:10:00,245.89146088605332
2016-04-12 19:20:00,227.12070346184473
2016-04-12 19:30:00,158.3297400828094
2016-04-12 19:40:00,141.8999184267839
2016-04-12 19:50:00,148.65615390420618
2016-04-12 20:00:00,155.0329807423341
2016-04-12 20:10:00,271.25656426183554
2016-04-12 20:20:00,195.68715243074237
2016-04-12 20:30:00,226.05542619475236
2016-04-12 20:40:00,237.41355136479217
2016-04-12 20:50:00,224.9382112119822
2016-04-12 21:00:00,208.62502019251943
2016-04-12 21:10:00,112.39054454723023
2016-04-12 21:20:00,109.61105262950166
2016-04-12 21:30:00,103.38895245871046
2016-04-12 21:40:00,103.63969490202592
2016-04-12 21:50:00,96.80992246189113
2016-04-12 22:00:00,69.12708071974372
2016-04-12 22:10:00,68.49478319482445
2016-04-12 22:20:00,64.34475770368925
2016-04-12 22:30:00,59.20811335691549
2016-04-12 22:40:00,57.75498599295029
2016-04-12 22:50:00,61.83103791470792
2016-04-12 23:00:00,57.66452452923663
2016-04-12 23:10:00,55.42827108526472
2016-04-12 23:20:00,56.795122298313274
2016-04-12 23:30:00,60.122764529403554
2016-04-12 23:40:00,60.28295041427868
2016-04-12 23:50:00,55.27224914190425
2016-04-13 00:00:00,56.1157138968827
2016-04-13 00:10:00,53.41339556485345
2016-04-13 00:20:00,54.68649973236965
2016-04-13 00:30:00,46.82084992625927
2016-04-13 00:40:00,47.15076580552295
2016-04-13 00:50:00,51.68017233180456
2016-04-13 01:00:00,53.468836831002115
2016-04-13 01:10:00,53.28371500292655
2016-04-13 01:20:00,51.836427452590364
2016-04-13 01:30:00,55.87378053152698
2016-04-13 01:40:00,52.0319885064931
2016-04-13 01:50:00,48.198252602577476
2016-04-13 02:00:00,52.43433103412431
2016-04-13 02:10:00,51.832242271706264
2016-04-13 02:20:00,53.692965255473794
2016-04-13 02:30:00,45.77102198964181
2016-04-13 02:40:00,49.58710830536619
2016-04-13 02:50:00,52.95301790686871
2016-04-13 03:00:00,53.259341640522706
2016-04-13 03:10:00,52.096190181844285
2016-04-13 03:20:00,53.752248596564066
2016-04-13 03:30:00,54.28246898933788
2016-04-13 03:40:00,53.02376298398594
2016-04-13 03:50:00,47.40752980665648
2016-04-13 04:00:00,51.26200332473592
2016-04-13 04:10:00,50.91669769588969
2016-04-13 04:20:00,50.25229530554649
2016-04-13 04:30:00,50.79056014164224
2016-04-13 04:40:00,51.49083374591478
2016-04-13 04:50:00,51.860802117580434
2016-04-13 05:00:00,51.458955920506796
2016-04-13 05:10:00,51.93843920426632
2016-04-13 05:20:00,64.0009663122856
2016-04-13 05:30:00,64.90441254903479
2016-04-13 05:40:00,64.20320702816306
2016-04-13 05:50:00,168.3286067705457
2016-04-13 06:00:00,89.4532827609565
2016-04-13 06:10:00,124.72632132764805
2016-04-13 06:20:00,109.44998510894568
2016-04-13 06:30:00,85.11155682230304
2016-04-13 06:40:00,95.0557330109934
2016-04-13 06:50:00,124.80388611090217
2016-04-13 07:00:00,149.06815249157574
2016-04-13 07:10:00,175.2412374718614
2016-04-13 07:20:00,85.46785010892212
2016-04-13 07:30:00,63.501087817781794
2016-04-13 07:40:00,57.91954526873259
2016-04-13 07:50:00,56.69772265903389
2016-04-13 08:00:00,58.39274755247971
2016-04-13 08:10:00,54.0752559777543
2016-04-13 08:20:00,55.4674240310544
2016-04-13 08:30:00,49.34654849202818
2016-04-13 08:40:00,63.573984515548375
2016-04-13 08:50:00,74.71808268759685
2016-04-13 09:00:00,78.17303951199295
2016-04-13 09:10:00,74.3022622458842
2016-04-13 09:20:00,63.10274747456104
2016-04-13 09:30:00,72.23871800612177
2016-04-13 09:40:00,68.81048717869103
2016-04-13 09:50:00,75.55702601349616
2016-04-13 10:00:00,73.49676820409651
2016-04-13 10:10:00,62.48509600817039
2016-04-13 10:20:00,55.56938483215661
2016-04-13 10:30:00,75.40623224422625
2016-04-13 10:40:00,68.45846621957978
2016-04-13 10:50:00,54.84624403106357
2016-04-13 11:00:00,53.99470032705639
2016-04-13 11:10:00,56.266630288294124
2016-04-13 11:20:00,61.62312895760408
2016-04-13 11:30:00,54.9827852967557
2016-04-13 11:40:00,56.06376908039062
2016-04-13 11:50:00,53.93730521182521
2016-04-13 12:00:00,46.902603990036546
2016-04-13 12:10:00,52.035085503333455
2016-04-13 12:20:00,51.10123316750274
2016-04-13 12:30:00,50.64622771569613
2016-04-13 12:40:00,51.63318147710279
2016-04-13 12:50:00,52.53785234371603
2016-04-13 13:00:00,52.44791393839257
2016-04-13 13:10:00,76.74802026738506
2016-04-13 13:20:00,78.72335529659077
2016-04-13 13:30:00,82.27108028174135
2016-04-13 13:40:00,87.9945859240777
2016-04-13 13:50:00,85.45302417684884
2016-04-13 14:00:00,90.97583101569802
2016-04-13 14:10:00,86.41000705474403
2016-04-13 14:20:00,88.10909987158848
2016-04-13 14:30:00,79.04182948833004
2016-04-13 14:40:00,75.56106799511738
2016-04-13 14:50:00,76.13931454968444
2016-04-13 15:00:00,66.54494009268079
2016-04-13 15:10:00,80.60453086011034
2016-04-13 15:20:00,77.41839673006595
2016-04-13 15:30:00,69.87981479479096
2016-04-13 15:40:00,73.43997638019084
2016-04-13 15:50:00,85.6967349825551
2016-04-13 16:00:00,89.15207139890916
2016-04-13 16:10:00,87.80806396418488
2016-04-13 16:20:00,98.12397512370298
2016-04-13 16:30:00,103.50456667047602
2016-04-13 16:40:00,110.63252080337764
2016-04-13 16:50:00,105.1925821331014
2016-04-13 17:00:00,111.5388799446183
2016-04-13 17:10:00,230.4328393023911
2016-04-13 17:20:00,170.99224012499837
2016-04-13 17:30:00,138.92369246928587
2016-04-13 17:40:00,131.05274822305972
2016-04-13 17:50:00,160.62348750649636
2016-04-13 18:00:00,152.38744256279733
2016-04-13 18:10:00,197.87098102868848
2016-04-13 18:20:00,152.62856656133695
2016-04-13 18:30:00,140.31242469882693
2016-04-13 18:40:00,146.1411673454149
2016-04-13 18:50:00,243.4318927487222
2016-04-13 19:00:00,212.2727722818959
2016-04-13 19:10:00,163.79875104775374
2016-04-13 19:20:00,195.33791552951666
2016-04-13 19:30:00,188.51220875565338
2016-04-13 19:40:00,151.31667995932963
2016-04-13 19:50:00,139.76543237156187
2016-04-13 20:00:00,123.50678919372689
2016-04-13 20:10:00,117.17802622765512
2016-04-13 20:20:00,124.10587217975129
2016-04-13 20:30:00,129.8570816739903
2016-04-13 20:40:00,120.23203674120724
2016-04-13 20:50:00,105.99008631205406
2016-04-13 21:00:00,89.47371315197238
2016-04-13 21:10:00,92.1116310690731
2016-04-13 21:20:00,76.87885499019077
2016-04-13 21:30:00,55.00204589507989
2016-04-13 21:40:00,52.91695347384208
2016-04-13 21:50:00,52.23315184114615
2016-04-13 22:00:00,45.91580305768717
2016-04-13 22:10:00,46.96321383896385
2016-04-13 22:20:00,51.247395493699635
2016-04-13 22:30:00,53.62954876909647
2016-04-13 22:40:00,54.72986893220819
2016-04-13 22:50:00,53.45472190481989
2016-04-13 23:00:00,54.060061948373
2016-04-13 23:10:00,53.653680248997304
2016-04-13 23:20:00,49.76109375282388
2016-04-13 23:30:00,52.03823746267583
2016-04-13 23:40:00,51.07489173238263
2016-04-13 23:50:00,49.63844179318874
2016-04-14 00:00:00,48.92819023835004
2016-04-14 00:10:00,49.35975460506012
2016-04-14 00:20:00,49.69807815087391
2016-04-14 00:30:00,52.81014564475508
2016-04-14 00:40:00,52.99492873158353
2016-04-14 00:50:00,47.311838454714014
2016-04-14 01:00:00,49.95260261153247
2016-04-14 01:10:00,49.031678104304724
2016-04-14 01:20:00,52.281302754927786
2016-04-14 01:30:00,45.788747114105405
2016-04-14 01:40:00,51.52505953755106
2016-04-14 01:50:00,51.77882115618553
2016-04-14 02:00:00,49.51860879398986
2016-04-14 02:10:00,52.24098749403446
2016-04-14 02:20:00,49.308172016945356
2016-04-14 02:30:00,51.64693091468403
2016-04-14 02:40:00,48.453381984172296
2016-04-14 02:50:00,51.2463888517247
2016-04-14 03:00:00,49.08952137404214
2016-04-14 03:10:00,47.71101768140365
2016-04-14 03:20:00,49.6343442208862
2016-04-14 03:30:00,51.23869127632129
2016-04-14 03:40:00,52.021034594834134
2016-04-14 03:50:00,51.828151861113106
2016-04-14 04:00:00,54.514205915463535
2016-04-14 04:10:00,54.719954797798145
2016-04-14 04:20:00,53.373697913732066
2016-04-14 04:30:00,48.30894160192761
2016-04-14 04:40:00,48.37577735579567
2016-04-14 04:50:00,51.74056639086362
2016-04-14 05:00:00,53.646665674482186
2016-04-14 05:10:00,56.937662129317054
2016-04-14 05:20:00,59.77056478399245
2016-04-14 05:30:00,61.17754037366126
2016-04-14 05:40:00,51.13023863258862
2016-04-14 05:50:00,54.92280939549568
2016-04-14 06:00:00,65.62501260680796
2016-04-14 06:10:00,66.48347539564016
2016-04-14 06:20:00,66.28676943676025
2016-04-14 06:30:00,65.48604544958795
2016-04-14 06:40:00,69.89921309747582
2016-04-14 06:50:00,66.57102524795847
2016-04-14 07:00:00,62.02625180999492
2016-04-14 07:10:00,70.59698542706022
2016-04-14 07:20:00,75.02455616283804
2016-04-14 07:30:00,75.08375294225065
2016-04-14 07:40:00,75.74754500737151
2016-04-14 07:50:00,78.01915948377831
2016-04-14 08:00:00,75.4210717490459
2016-04-14 08:10:00,79.16688558300501
2016-04-14 08:20:00,75.24989878134888
2016-04-14 08:30:00,75.26356877296662
2016-04-14 08:40:00,81.47176188925535
2016-04-14 08:50:00,76.04546476387773
2016-04-14 09:00:00,77.58804407351592
2016-04-14 09:10:00,74.31022102892749
2016-04-14 09:20:00,74.0182887072895
2016-04-14 09:30:00,69.86833587685095
2016-04-14 09:40:00,66.80431949589875
2016-04-14 09:50:00,70.94430655183773
2016-04-14 10:00:00,67.31443907580363
2016-04-14 10:10:00,70.11714253160622
2016-04-14 10:20:00,72.54313920235275
2016-04-14 10:30:00,71.95834165737752
2016-04-14 10:40:00,74.03231336034538
2016-04-14 10:50:00,69.36202922490433
2016-04-14 11:00:00,71.24167591477199
2016-04-14 11:10:00,70.02601982862518
2016-04-14 11:20:00,72.99565952185135
2016-04-14 11:30:00,70.3133067766669
2016-04-14 11:40:00,73.81560052136662
2016-04-14 11:50:00,72.3598905495978
2016-04-14 12:00:00,70.92961876492538
2016-04-14 12:10:00,76.29963605545383
2016-04-14 12:20:00,63.49934287531855
2016-04-14 12:30:00,57.312654852841725
2016-04-14 12:40:00,72.64661145610434
2016-04-14 12:50:00,60.165222147098284
2016-04-14 13:00:00,45.34284259796842
2016-04-14 13:10:00,55.55054240650374
2016-04-14 13:20:00,57.669510837649774
2016-04-14 13:30:00,60.76336662304241
2016-04-14 13:40:00,57.588719394452
2016-04-14 13:50:00,49.10636627209273
2016-04-14 14:00:00,49.46499301579242
2016-04-14 14:10:00,53.081271442054145
2016-04-14 14:20:00,55.23085246002824
2016-04-14 14:30:00,60.023296187253585
2016-04-14 14:40:00,55.22508169113368
2016-04-14 14:50:00,73.73840097635527
2016-04-14 15:00:00,79.06218391891451
2016-04-14 15:10:00,89.80043773279705
2016-04-14 15:20:00,91.8262341028767
2016-04-14 15:30:00,86.6461070780859
2016-04-14 15:40:00,88.77290432862132
2016-04-14 15:50:00,88.47572698572559
2016-04-14 16:00:00,90.34579199796156
2016-04-14 16:10:00,89.73511462725946
2016-04-14 16:20:00,101.58051137994265
2016-04-14 16:30:00,103.06002256445589
2016-04-14 16:40:00,87.29543536364685
2016-04-14 16:50:00,86.49751623159725
2016-04-14 17:00:00,79.60464160302347
2016-04-14 17:10:00,91.68664741706674
2016-04-14 17:20:00,146.19751516266896
2016-04-14 17:30:00,194.70228963522686
2016-04-14 17:40:00,233.41013538952788
2016-04-14 17:50:00,191.90540213313977
2016-04-14 18:00:00,186.44020445530722
2016-04-14 18:10:00,203.7726376502727
2016-04-14 18:20:00,152.28834648189604
2016-04-14 18:30:00,132.86516295275035
2016-04-14 18:40:00,168.08554329690452
2016-04-14 18:50:00,144.18622696151516
2016-04-14 19:00:00,167.80313888818498
2016-04-14 19:10:00,129.40633675662068
2016-04-14 19:20:00,160.91507966861985
2016-04-14 19:30:00,137.90846623699744
2016-04-14 19:40:00,130.4420204100243
2016-04-14 19:50:00,145.3263635722897
2016-04-14 20:00:00,141.660104100841
2016-04-14 20:10:00,106.85574932924123
2016-04-14 20:20:00,83.69055736333401
2016-04-14 20:30:00,86.8467216358466
2016-04-14 20:40:00,85.62150289534071
2016-04-14 20:50:00,83.020134446921
2016-04-14 21:00:00,66.57286402818075
2016-04-14 21:10:00,65.17972750520616
2016-04-14 21:20:00,55.36689423660421
2016-04-14 21:30:00,53.608341318125575
2016-04-14 21:40:00,54.07067577962257
2016-04-14 21:50:00,51.6589957362459
2016-04-14 22:00:00,45.61194586883358
2016-04-14 22:10:00,50.018656439909584
2016-04-14 22:20:00,44.554823338671774
2016-04-14 22:30:00,49.96307250685326
2016-04-14 22:40:00,53.20490818418542
2016-04-14 22:50:00,49.40174431913142
2016-04-14 23:00:00,55.292431149403434
2016-04-14 23:10:00,55.59038605018079
2016-04-14 23:20:00,53.87520439235955
2016-04-14 23:30:00,46.314624197802104
2016-04-14 23:40:00,50.216795008690994
2016-04-14 23:50:00,50.29472355600624
2016-04-15 00:00:00,49.05257956211718
2016-04-15 00:10:00,49.47758449842172
2016-04-15 00:20:00,50.789901770690555
2016-04-15 00:30:00,51.819084409539485
2016-04-15 00:40:00,49.83361339755543
2016-04-15 00:50:00,56.2805103859383
2016-04-15 01:00:00,54.03661683448586
2016-04-15 01:10:00,50.537586235575226
2016-04-15 01:20:00,52.19031830039513
2016-04-15 01:30:00,53.40383125214876
2016-04-15 01:40:00,44.11448760306725
2016-04-15 01:50:00,46.242939401681554
2016-04-15 02:00:00,51.91411282219625
2016-04-15 02:10:00,53.26153382491167
2016-04-15 02:20:00,47.830578264714966
2016-04-15 02:30:00,55.06305442020915
2016-04-15 02:40:00,55.70626703567459
2016-04-15 02:50:00,53.606232739982694
2016-04-15 03:00:00,47.38043038290195
2016-04-15 03:10:00,51.30764873563942
2016-04-15 03:20:00,46.3679224011556
2016-04-15 03:30:00,50.529894830303185
2016-04-15 03:40:00,53.730945679821616
2016-04-15 03:50:00,53.79758401360142
2016-04-15 04:00:00,48.01637904549297
2016-04-15 04:10:00,54.31625156710467
2016-04-15 04:20:00,54.1836804943163
2016-04-15 04:30:00,55.04849631349885
2016-04-15 04:40:00,51.23349724719104
2016-04-15 04:50:00,53.27497124197618
2016-04-15 05:00:00,54.93826705846936
2016-04-15 05:10:00,50.490432258458206
2016-04-15 05:20:00,48.9815255889236
2016-04-15 05:30:00,51.084094201309654
2016-04-15 05:40:00,53.43949902106668
2016-04-15 05:50:00,53.60877519204114
2016-04-15 06:00:00,53.117792988949695
2016-04-15 06:10:00,58.80589051390553
2016-04-15 06:20:00,69.1156102012273
2016-04-15 06:30:00,204.38706496616834
2016-04-15 06:40:00,142.90759830703703
2016-04-15 06:50:00,224.62224062650165
2016-04-15 07:00:00,218.20584605840992
2016-04-15 07:10:00,165.08433913530843
2016-04-15 07:20:00,150.2610593546149
2016-04-15 07:30:00,114.50452156479238
2016-04-15 07:40:00,124.10754208836785
2016-04-15 07:50:00,139.26513857851563
2016-04-15 08:00:00,161.72971594259232
2016-04-15 08:10:00,172.1824396223728
2016-04-15 08:20:00,193.52090626725666
2016-04-15 08:30:00,201.9397334608394
2016-04-15 08:40:00,306.89098449143006
2016-04-15 08:50:00,245.48964204569796
2016-04-15 09:00:00,300.45517519335476
2016-04-15 09:10:00,228.9611519001796
2016-04-15 09:20:00,252.05069916212878
2016-04-15 09:30:00,202.1884032565716
2016-04-15 09:40:00,108.87152812905799
2016-04-15 09:50:00,119.5397643549913
2016-04-15 10:00:00,127.87096934419355
2016-04-15 10:10:00,308.53704344341054
2016-04-15 10:20:00,205.81678862275407
2016-04-15 10:30:00,168.94362810686363
2016-04-15 10:40:00,301.25586830000356
2016-04-15 10:50:00,218.12402231586006
2016-04-15 11:00:00,207.18248277228003
2016-04-15 11:10:00,212.6340205625921
2016-04-15 11:20:00,150.9560742277544
2016-04-15 11:30:00,160.88459386932317
2016-04-15 11:40:00,135.34567184395993
2016-04-15 11:50:00,151.33626194497197
2016-04-15 12:00:00,152.18813382594445
2016-04-15 12:10:00,113.26612027218347
2016-04-15 12:20:00,112.28282031773163
2016-04-15 12:30:00,84.17647707783286
2016-04-15 12:40:00,94.29780999025364
2016-04-15 12:50:00,113.58019508668677
2016-04-15 13:00:00,81.33501707116629
2016-04-15 13:10:00,75.16542946246902
2016-04-15 13:20:00,79.23153467140224
2016-04-15 13:30:00,77.35813465053619
2016-04-15 13:40:00,65.82302451099922
2016-04-15 13:50:00,62.19565625866322
2016-04-15 14:00:00,64.318420084859
2016-04-15 14:10:00,58.93131522304955
2016-04-15 14:20:00,58.19567038291997
2016-04-15 14:30:00,70.3177631924308
2016-04-15 14:40:00,72.47269522609996
2016-04-15 14:50:00,61.23267169627343
2016-04-15 15:00:00,72.56795766978418
2016-04-15 15:10:00,62.607602170395744
2016-04-15 15:20:00,57.82626678441221
2016-04-15 15:30:00,53.728314922912965
2016-04-15 15:40:00,56.91398444013153
2016-04-15 15:50:00,77.10726081318069
2016-04-15 16:00:00,76.23813953241023
2016-04-15 16:10:00,85.63935291128966
2016-04-15 16:20:00,88.43659343242466
2016-04-15 16:30:00,80.1536173029971
2016-04-15 16:40:00,85.32883478912086
2016-04-15 16:50:00,82.10441599231731
2016-04-15 17:00:00,81.80459430425039
2016-04-15 17:10:00,82.01087754530789
2016-04-15 17:20:00,84.84087720168665
2016-04-15 17:30:00,85.81072686266887
2016-04-15 17:40:00,91.03320832000526
2016-04-15 17:50:00,128.46913906118385
2016-04-15 18:00:00,160.7613585737318
2016-04-15 18:10:00,149.5012052853902
2016-04-15 18:20:00,198.87182187857337
2016-04-15 18:30:00,176.82195846147738
2016-04-15 18:40:00,140.03191485659573
2016-04-15 18:50:00,121.01195948521479
2016-04-15 19:00:00,119.13982478996878
2016-04-15 19:10:00,122.30351440698807
2016-04-15 19:20:00,121.09258728812053
2016-04-15 19:30:00,129.34344513692227
2016-04-15 19:40:00,108.63777490223737
2016-04-15 19:50:00,120.66285851063043
2016-04-15 20:00:00,113.50177635340499
2016-04-15 20:10:00,110.24385068070352
2016-04-15 20:20:00,106.967242294285
2016-04-15 20:30:00,99.33167204321774
2016-04-15 20:40:00,100.454945854734
2016-04-15 20:50:00,99.71760798946768
2016-04-15 21:00:00,95.01131675540745
2016-04-15 21:10:00,88.53540910241934
2016-04-15 21:20:00,82.08393008639636
2016-04-15 21:30:00,76.822127226978
2016-04-15 21:40:00,73.62449429670359
2016-04-15 21:50:00,71.68877632932359
2016-04-15 22:00:00,77.04730604266479
2016-04-15 22:10:00,71.90507188054178
2016-04-15 22:20:00,74.77068690771928
2016-04-15 22:30:00,72.55050080959008
2016-04-15 22:40:00,72.84061411861033
2016-04-15 22:50:00,53.452219072482116
2016-04-15 23:00:00,52.022186755587725
2016-04-15 23:10:00,57.80717139341831
2016-04-15 23:20:00,55.225730551985926
2016-04-15 23:30:00,53.9085417785511
2016-04-15 23:40:00,54.73494345539856
2016-04-15 23:50:00,54.56223819343115
2016-04-16 00:00:00,55.89993973705685
2016-04-16 00:10:00,49.67188651328169
2016-04-16 00:20:00,54.148707089975325
2016-04-16 00:30:00,53.27585094507034
2016-04-16 00:40:00,52.62606309903439
2016-04-16 00:50:00,53.663414435387345
2016-04-16 01:00:00,51.795202976048394
2016-04-16 01:10:00,55.76898089101751
2016-04-16 01:20:00,55.34855240416348
2016-04-16 01:30:00,55.43043432781463
2016-04-16 01:40:00,52.248043740742354
2016-04-16 01:50:00,53.42448578793069
2016-04-16 02:00:00,54.83360977919963
2016-04-16 02:10:00,51.709856069148906
2016-04-16 02:20:00,53.56667728810661
2016-04-16 02:30:00,48.60278138367313
2016-04-16 02:40:00,52.17751066179971
2016-04-16 02:50:00,54.549605300492935
2016-04-16 03:00:00,54.515695647465634
2016-04-16 03:10:00,53.20719291997313
2016-04-16 03:20:00,54.673537797889075
2016-04-16 03:30:00,55.069269628517546
2016-04-16 03:40:00,50.69864005708068
2016-04-16 03:50:00,52.835019766468605
2016-04-16 04:00:00,52.26511289411369
2016-04-16 04:10:00,54.52332136361819
2016-04-16 04:20:00,52.97693309780205
2016-04-16 04:30:00,51.05077193523418
2016-04-16 04:40:00,47.42050814351356
2016-04-16 04:50:00,53.205129978066836
2016-04-16 05:00:00,55.79731094069303
2016-04-16 05:10:00,54.96276543654318
2016-04-16 05:20:00,53.61123098337642
2016-04-16 05:30:00,53.0252867635319
2016-04-16 05:40:00,56.30442193665163
2016-04-16 05:50:00,54.72269188338364
2016-04-16 06:00:00,53.62517272913165
2016-04-16 06:10:00,57.54038584686394
2016-04-16 06:20:00,63.23399632515388
2016-04-16 06:30:00,59.92745561935518
2016-04-16 06:40:00,60.960651152343914
2016-04-16 06:50:00,68.87484163385405
2016-04-16 07:00:00,73.5449976994169
2016-04-16 07:10:00,68.04620395039234
2016-04-16 07:20:00,68.46305300797127
2016-04-16 07:30:00,68.01467926293682
2016-04-16 07:40:00,58.93972725199001
2016-04-16 07:50:00,87.24989906244748
2016-04-16 08:00:00,69.11230958005663
2016-04-16 08:10:00,63.16624489630159
2016-04-16 08:20:00,67.53880356152216
2016-04-16 08:30:00,62.008363665243635
2016-04-16 08:40:00,74.3165469972329
2016-04-16 08:50:00,94.46878719376178
2016-04-16 09:00:00,79.74776564124491
2016-04-16 09:10:00,75.04928416235293
2016-04-16 09:20:00,111.62625341891399
2016-04-16 09:30:00,100.95725019760981
2016-04-16 09:40:00,91.24439593168277
2016-04-16 09:50:00,74.11731338519337
2016-04-16 10:00:00,103.09617953238468
2016-04-16 10:10:00,124.52621802507439
2016-04-16 10:20:00,140.01260959084132
2016-04-16 10:30:00,208.5866504687109
2016-04-16 10:40:00,298.73861926091945
2016-04-16 10:50:00,300.7178415862193
2016-04-16 11:00:00,271.87277717959216
2016-04-16 11:10:00,268.8339158803639
2016-04-16 11:20:00,257.0388137818461
2016-04-16 11:30:00,221.7361208935444
2016-04-16 11:40:00,190.7748319597429
2016-04-16 11:50:00,164.0369634217715
2016-04-16 12:00:00,113.92284183523181
2016-04-16 12:10:00,126.10318009455708
2016-04-16 12:20:00,129.53366299530208
2016-04-16 12:30:00,146.19094267274696
2016-04-16 12:40:00,176.64367879652957
2016-04-16 12:50:00,147.56902056141112
2016-04-16 13:00:00,171.08256257902693
2016-04-16 13:10:00,282.3518072822747
2016-04-16 13:20:00,291.16438153864397
2016-04-16 13:30:00,254.7592006828002
2016-04-16 13:40:00,113.92740732966952
2016-04-16 13:50:00,128.76656557979345
2016-04-16 14:00:00,130.13833125310126
2016-04-16 14:10:00,174.85513176018296
2016-04-16 14:20:00,147.26295030872078
2016-04-16 14:30:00,202.2735142591449
2016-04-16 14:40:00,208.29381331082917
2016-04-16 14:50:00,221.90492332370536
2016-04-16 15:00:00,167.44776853528649
2016-04-16 15:10:00,129.967849345059
2016-04-16 15:20:00,128.05131221089712
2016-04-16 15:30:00,133.7987009991777
2016-04-16 15:40:00,177.90225107199794
2016-04-16 15:50:00,194.50912816199482
2016-04-16 16:00:00,145.96646151175565
2016-04-16 16:10:00,179.12954867774857
2016-04-16 16:20:00,380.68835183799604
2016-04-16 16:30:00,345.69796489539925
2016-04-16 16:40:00,362.6519049193441
2016-04-16 16:50:00,333.12091046539393
2016-04-16 17:00:00,279.55596402268844
2016-04-16 17:10:00,138.67123842132088
2016-04-16 17:20:00,145.82682754435518
2016-04-16 17:30:00,157.4867739261335
2016-04-16 17:40:00,264.05733325969135
2016-04-16 17:50:00,188.41671087103563
2016-04-16 18:00:00,195.04729621038183
2016-04-16 18:10:00,253.15668851950744
2016-04-16 18:20:00,220.97090370877743
2016-04-16 18:30:00,113.99115143800253
2016-04-16 18:40:00,111.17809291121911
2016-04-16 18:50:00,128.18279104226772
2016-04-16 19:00:00,130.40063497355587
2016-04-16 19:10:00,104.71979758408575
2016-04-16 19:20:00,100.89699294994456
2016-04-16 19:30:00,108.94006712657735
2016-04-16 19:40:00,97.76862442757918
2016-04-16 19:50:00,102.92796316288556
2016-04-16 20:00:00,92.35627769891248
2016-04-16 20:10:00,94.56011434930721
2016-04-16 20:20:00,85.50145614865609
2016-04-16 20:30:00,89.29325178387663
2016-04-16 20:40:00,87.721887437647
2016-04-16 20:50:00,76.65196462567472
2016-04-16 21:00:00,87.08293575055902
2016-04-16 21:10:00,79.08217369513999
2016-04-16 21:20:00,75.88945789853337
2016-04-16 21:30:00,72.28455064145622
2016-04-16 21:40:00,71.57072005548225
2016-04-16 21:50:00,68.2056538731898
2016-04-16 22:00:00,64.08020727934435
2016-04-16 22:10:00,67.09351948298048
2016-04-16 22:20:00,59.97322427892538
2016-04-16 22:30:00,62.92223385385469
2016-04-16 22:40:00,51.05632209742206
2016-04-16 22:50:00,47.108730629831776
2016-04-16 23:00:00,50.99870699667573
2016-04-16 23:10:00,52.982203989854604
2016-04-16 23:20:00,53.28398995289943
2016-04-16 23:30:00,52.56087815489802
2016-04-16 23:40:00,54.04273027725436
2016-04-16 23:50:00,54.45488512384846
2016-04-17 00:00:00,50.96171537029548
2016-04-17 00:10:00,52.84949175042344
2016-04-17 00:20:00,54.4436950607359
2016-04-17 00:30:00,53.10093093355933
2016-04-17 00:40:00,52.034187987678564
2016-04-17 00:50:00,52.63915136940303
2016-04-17 01:00:00,53.63108312447772
2016-04-17 01:10:00,53.61834298795545
2016-04-17 01:20:00,53.370209561747
2016-04-17 01:30:00,53.20185914864634
2016-04-17 01:40:00,55.29623404274981
2016-04-17 01:50:00,53.737009947465914
2016-04-17 02:00:00,54.65962477230194
2016-04-17 02:10:00,55.32571322042134
2016-04-17 02:20:00,52.02718535896883
2016-04-17 02:30:00,50.82670314033853
2016-04-17 02:40:00,48.65386952623936
2016-04-17 02:50:00,55.79741698781161
2016-04-17 03:00:00,54.35760607307245
2016-04-17 03:10:00,54.70131896375431
2016-04-17 03:20:00,56.820856536157024
2016-04-17 03:30:00,56.68209501985736
2016-04-17 03:40:00,55.748726096381496
2016-04-17 03:50:00,54.5800547031656
2016-04-17 04:00:00,54.738158444770605
2016-04-17 04:10:00,51.83844670053957
2016-04-17 04:20:00,51.61763586974839
2016-04-17 04:30:00,49.828569169629894
2016-04-17 04:40:00,54.249129543784846
2016-04-17 04:50:00,53.350844099290256
2016-04-17 05:00:00,55.00462663787669
2016-04-17 05:10:00,57.47420283365998
2016-04-17 05:20:00,54.80382063652334
2016-04-17 05:30:00,56.22757793403976
2016-04-17 05:40:00,54.28912040316604
2016-04-17 05:50:00,54.1885331795082
2016-04-17 06:00:00,56.0289623087936
2016-04-17 06:10:00,57.05466563140028
2016-04-17 06:20:00,53.60019055266556
2016-04-17 06:30:00,56.37302440147838
2016-04-17 06:40:00,54.714484349910606
2016-04-17 06:50:00,59.51581725720613
2016-04-17 07:00:00,60.75114154336621
2016-04-17 07:10:00,56.20501308352649
2016-04-17 07:20:00,62.811713588102194
2016-04-17 07:30:00,59.81872704394007
2016-04-17 07:40:00,59.32129751783232
2016-04-17 07:50:00,71.3301322834631
2016-04-17 08:00:00,72.42345122852646
2016-04-17 08:10:00,70.83508855664898
2016-04-17 08:20:00,63.44778077369632
2016-04-17 08:30:00,74.69841880540334
2016-04-17 08:40:00,75.28333874070499
2016-04-17 08:50:00,121.72342175597139
2016-04-17 09:00:00,88.40957028808016
2016-04-17 09:10:00,109.94288318088356
2016-04-17 09:20:00,79.32337639465332
2016-04-17 09:30:00,101.07177288565504
2016-04-17 09:40:00,102.12427536462796
2016-04-17 09:50:00,83.31835467938323
2016-04-17 10:00:00,128.0236721732151
2016-04-17 10:10:00,183.7293814689112
2016-04-17 10:20:00,243.7007038303296
2016-04-17 10:30:00,214.8947955571625
2016-04-17 10:40:00,255.84961965395684
2016-04-17 10:50:00,276.64582918272396
2016-04-17 11:00:00,237.81620749380403
2016-04-17 11:10:00,210.59382480445083
2016-04-17 11:20:00,133.7592512177145
2016-04-17 11:30:00,90.77448354060856
2016-04-17 11:40:00,98.86850132325867
2016-04-17 11:50:00,123.51851702949506
2016-04-17 12:00:00,135.2893849551296
2016-04-17 12:10:00,121.27179879474288
2016-04-17 12:20:00,182.51452339189046
2016-04-17 12:30:00,101.49239476384015
2016-04-17 12:40:00,122.3653272622256
2016-04-17 12:50:00,88.58629387182752
2016-04-17 13:00:00,74.09320668598448
2016-04-17 13:10:00,84.82511205701479
2016-04-17 13:20:00,68.04955861918573
2016-04-17 13:30:00,71.48702209202317
2016-04-17 13:40:00,69.49314567791315
2016-04-17 13:50:00,68.66533582226862
2016-04-17 14:00:00,72.02401728065364
2016-04-17 14:10:00,70.95880295137347
2016-04-17 14:20:00,60.72482768566795
2016-04-17 14:30:00,68.55982966433419
2016-04-17 14:40:00,66.00528654607005
2016-04-17 14:50:00,61.507789791844566
2016-04-17 15:00:00,96.00372242385146
2016-04-17 15:10:00,87.1485660627922
2016-04-17 15:20:00,101.16788440410036
2016-04-17 15:30:00,107.34884174532506
2016-04-17 15:40:00,105.92204840432349
2016-04-17 15:50:00,112.38546354898446
2016-04-17 16:00:00,115.77704215525392
2016-04-17 16:10:00,124.07730826646835
2016-04-17 16:20:00,148.83230713949047
2016-04-17 16:30:00,183.6954512431978
2016-04-17 16:40:00,181.43632372872463
2016-04-17 16:50:00,150.3530485783222
2016-04-17 17:00:00,125.28237535631533
2016-04-17 17:10:00,115.04169577841367
2016-04-17 17:20:00,119.04969366179954
2016-04-17 17:30:00,141.58934854613568
2016-04-17 17:40:00,152.92110617055866
2016-04-17 17:50:00,191.7935500332665
2016-04-17 18:00:00,223.57310914559656
2016-04-17 18:10:00,163.82234727787204
2016-04-17 18:20:00,129.4540578748192
2016-04-17 18:30:00,131.86609682566552
2016-04-17 18:40:00,127.38015747912252
2016-04-17 18:50:00,124.66205251023737
2016-04-17 19:00:00,115.63563177237491
2016-04-17 19:10:00,120.92185265477659
2016-04-17 19:20:00,114.97959465730366
2016-04-17 19:30:00,101.02558198577746
2016-04-17 19:40:00,110.6114668663499
2016-04-17 19:50:00,115.97036331865506
2016-04-17 20:00:00,107.05072731825881
2016-04-17 20:10:00,94.26952681504314
2016-04-17 20:20:00,81.67509344731481
2016-04-17 20:30:00,76.56678563385212
2016-04-17 20:40:00,80.695706510118
2016-04-17 20:50:00,78.66595847441937
2016-04-17 21:00:00,87.81252872608496
2016-04-17 21:10:00,77.74801428415776
2016-04-17 21:20:00,76.30439746381023
2016-04-17 21:30:00,71.83034879211627
2016-04-17 21:40:00,71.58753111244027
2016-04-17 21:50:00,66.16704183918709
2016-04-17 22:00:00,51.661252968044735
2016-04-17 22:10:00,47.70135095624476
2016-04-17 22:20:00,50.13339842867653
2016-04-17 22:30:00,51.55698588373559
2016-04-17 22:40:00,53.50427872950705
2016-04-17 22:50:00,50.47234094905544
2016-04-17 23:00:00,51.33084187705777
2016-04-17 23:10:00,49.20916231119798
2016-04-17 23:20:00,49.083464645540666
2016-04-17 23:30:00,52.64140799665475
2016-04-17 23:40:00,56.44079167028104
2016-04-17 23:50:00,61.30290571422734
2016-04-18 00:00:00,61.79320972998124
2016-04-18 00:10:00,49.11223465783801
2016-04-18 00:20:00,51.39909666051858
2016-04-18 00:30:00,55.24872024601983
2016-04-18 00:40:00,56.211813991493365
2016-04-18 00:50:00,56.13127773670205
2016-04-18 01:00:00,55.88925471560642
2016-04-18 01:10:00,57.394016704106356
2016-04-18 01:20:00,53.19933241194221
2016-04-18 01:30:00,55.85989508667965
2016-04-18 01:40:00,57.43542035519419
2016-04-18 01:50:00,59.465877110067844
2016-04-18 02:00:00,53.16592317363797
2016-04-18 02:10:00,54.10479958349562
2016-04-18 02:20:00,53.47946113654676
2016-04-18 02:30:00,49.63696123788753
2016-04-18 02:40:00,45.36949147332323
2016-04-18 02:50:00,44.92817915182552
2016-04-18 03:00:00,51.51046996413495
2016-04-18 03:10:00,52.15728501717162
2016-04-18 03:20:00,53.19780910608084
2016-04-18 03:30:00,52.767586869052366
2016-04-18 03:40:00,41.83028458813744
2016-04-18 03:50:00,46.63621611698166
2016-04-18 04:00:00,48.744823724727866
2016-04-18 04:10:00,45.086243558640135
2016-04-18 04:20:00,46.4201465793964
2016-04-18 04:30:00,50.5247589947557
2016-04-18 04:40:00,56.00046916103321
2016-04-18 04:50:00,55.488173090317495
2016-04-18 05:00:00,55.521190302693356
2016-04-18 05:10:00,52.44321536604679
2016-04-18 05:20:00,56.16387262189286
2016-04-18 05:30:00,54.5962734538433
2016-04-18 05:40:00,47.36478245794858
2016-04-18 05:50:00,52.299987523856444
2016-04-18 06:00:00,55.94398251784697
2016-04-18 06:10:00,57.08998188808104
2016-04-18 06:20:00,56.81304388399707
2016-04-18 06:30:00,46.63716988987602
2016-04-18 06:40:00,56.15742481746156
2016-04-18 06:50:00,55.08517550256585
2016-04-18 07:00:00,55.178657886689024
2016-04-18 07:10:00,50.95513917650536
2016-04-18 07:20:00,53.877382217925025
2016-04-18 07:30:00,53.04653723525002
2016-04-18 07:40:00,46.48073825480885
2016-04-18 07:50:00,53.79320757358598
2016-04-18 08:00:00,57.3022546153052
2016-04-18 08:10:00,56.31387346031073
2016-04-18 08:20:00,53.703815822533
2016-04-18 08:30:00,52.709108305317905
2016-04-18 08:40:00,56.07325346485716
2016-04-18 08:50:00,65.81109978810055
2016-04-18 09:00:00,65.49457116969117
2016-04-18 09:10:00,67.94131022265161
2016-04-18 09:20:00,70.31164242071725
2016-04-18 09:30:00,58.06426579571625
2016-04-18 09:40:00,56.552190377933485
2016-04-18 09:50:00,63.2695143522306
2016-04-18 10:00:00,62.83801871382064
2016-04-18 10:10:00,63.16972700193945
2016-04-18 10:20:00,61.44251396567883
2016-04-18 10:30:00,60.43310995767877
2016-04-18 10:40:00,54.966294824752524
2016-04-18 10:50:00,64.99690047621486
2016-04-18 11:00:00,62.560738535728035
2016-04-18 11:10:00,46.46922998953365
2016-04-18 11:20:00,52.48726821875009
2016-04-18 11:30:00,65.99957315067898
2016-04-18 11:40:00,65.98582466994029
2016-04-18 11:50:00,97.32431444441917
2016-04-18 12:00:00,75.64399526406208
2016-04-18 12:10:00,73.24699039000078
2016-04-18 12:20:00,51.29469631154497
2016-04-18 12:30:00,64.66696018045914
2016-04-18 12:40:00,60.632713397693024
2016-04-18 12:50:00,54.10336684718695
2016-04-18 13:00:00,53.57395801379384
2016-04-18 13:10:00,49.38011064261196
2016-04-18 13:20:00,53.66562837420548
2016-04-18 13:30:00,54.149886863166195
2016-04-18 13:40:00,48.56165417328238
2016-04-18 13:50:00,46.81874128097474
2016-04-18 14:00:00,45.96324129782677
2016-04-18 14:10:00,57.21999717912474
2016-04-18 14:20:00,51.95222000260236
2016-04-18 14:30:00,55.94671978055323
2016-04-18 14:40:00,43.11156321480607
2016-04-18 14:50:00,42.93790283097127
2016-04-18 15:00:00,52.245221975926896
2016-04-18 15:10:00,54.89907685814814
2016-04-18 15:20:00,56.66250514713878
2016-04-18 15:30:00,52.95156153535165
2016-04-18 15:40:00,50.24768999158975
2016-04-18 15:50:00,50.18717530914524
2016-04-18 16:00:00,67.21507199265096
2016-04-18 16:10:00,84.23295629843221
2016-04-18 16:20:00,82.57080324289404
2016-04-18 16:30:00,80.83177638766696
2016-04-18 16:40:00,73.06988634825463
2016-04-18 16:50:00,73.99673461052328
2016-04-18 17:00:00,86.63387980314636
2016-04-18 17:10:00,120.37398109765076
2016-04-18 17:20:00,123.8544427971143
2016-04-18 17:30:00,215.55589490179779
2016-04-18 17:40:00,232.23745878707643
2016-04-18 17:50:00,240.75762647135184
2016-04-18 18:00:00,240.8913513885534
2016-04-18 18:10:00,166.32934917996798
2016-04-18 18:20:00,149.5025684541563
2016-04-18 18:30:00,112.23232973876775
2016-04-18 18:40:00,117.28678714828354
2016-04-18 18:50:00,121.86106001197099
2016-04-18 19:00:00,122.20666344046414
2016-04-18 19:10:00,120.50214630491487
2016-04-18 19:20:00,108.05677832371597
2016-04-18 19:30:00,107.94074991484604
2016-04-18 19:40:00,100.46426452258541
2016-04-18 19:50:00,103.72272443812547
2016-04-18 20:00:00,100.37365342110962
2016-04-18 20:10:00,97.44749346599879
2016-04-18 20:20:00,98.49655959841579
2016-04-18 20:30:00,95.81155910567408
2016-04-18 20:40:00,97.81179024076857
2016-04-18 20:50:00,97.00136943872432
2016-04-18 21:00:00,91.95057829904117
2016-04-18 21:10:00,81.40782348110503
2016-04-18 21:20:00,75.82686163212823
2016-04-18 21:30:00,54.321182939368164
2016-04-18 21:40:00,47.49757465467141
2016-04-18 21:50:00,51.105468076832686
2016-04-18 22:00:00,54.077286395220455
2016-04-18 22:10:00,49.16203210153758
2016-04-18 22:20:00,42.68246919941744
2016-04-18 22:30:00,49.456890414027725
2016-04-18 22:40:00,52.182872507966984
2016-04-18 22:50:00,55.11599315689876
2016-04-18 23:00:00,54.84599000907966
2016-04-18 23:10:00,54.977350197797634
2016-04-18 23:20:00,51.221343204020265
2016-04-18 23:30:00,52.35163862847293
2016-04-18 23:40:00,50.055183578048705
2016-04-18 23:50:00,51.97493922595527
2016-04-19 00:00:00,44.18613066722265
2016-04-19 00:10:00,46.73299258558022
2016-04-19 00:20:00,50.4145756135454
2016-04-19 00:30:00,47.257621940956646
2016-04-19 00:40:00,51.7754246410005
2016-04-19 00:50:00,51.11856411389565
2016-04-19 01:00:00,51.651655694905735
2016-04-19 01:10:00,51.18270890569592
2016-04-19 01:20:00,45.568451280263865
2016-04-19 01:30:00,44.184247692769375
2016-04-19 01:40:00,38.83139279061417
2016-04-19 01:50:00,39.072234107194596
2016-04-19 02:00:00,51.31806868519159
2016-04-19 02:10:00,55.770017162178966
2016-04-19 02:20:00,55.36858039516938
2016-04-19 02:30:00,55.44854268689475
2016-04-19 02:40:00,52.81112149173453
2016-04-19 02:50:00,51.16183589103548
2016-04-19 03:00:00,50.795148396604375
2016-04-19 03:10:00,53.33558657816276
2016-04-19 03:20:00,47.38933945112238
2016-04-19 03:30:00,51.564728272917115
2016-04-19 03:40:00,50.66527910544965
2016-04-19 03:50:00,51.541615150979744
2016-04-19 04:00:00,50.9866364990416
2016-04-19 04:10:00,40.41665932751234
2016-04-19 04:20:00,44.399257887596306
2016-04-19 04:30:00,50.682801750259664
2016-04-19 04:40:00,51.994710226777705
2016-04-19 04:50:00,50.98962288078078
2016-04-19 05:00:00,48.754412946858594
2016-04-19 05:10:00,47.93258028446914
2016-04-19 05:20:00,52.03756955190669
2016-04-19 05:30:00,53.04183326911904
2016-04-19 05:40:00,42.629227294241616
2016-04-19 05:50:00,52.93396173138577
2016-04-19 06:00:00,160.18851152061262
2016-04-19 06:10:00,79.22646708289173
2016-04-19 06:20:00,74.75809464736038
2016-04-19 06:30:00,83.14855968048114
2016-04-19 06:40:00,89.70587221213208
2016-04-19 06:50:00,78.28688208591899
2016-04-19 07:00:00,60.60819500253898
2016-04-19 07:10:00,83.73470308470195
2016-04-19 07:20:00,97.36881596107469
2016-04-19 07:30:00,120.59528559040582
2016-04-19 07:40:00,136.95525658505824
2016-04-19 07:50:00,146.66200330309408
2016-04-19 08:00:00,111.50674020960818
2016-04-19 08:10:00,75.52361009727746
2016-04-19 08:20:00,52.3307323561129
2016-04-19 08:30:00,50.71812785175664
2016-04-19 08:40:00,52.331783195488306
2016-04-19 08:50:00,50.05066087260917
2016-04-19 09:00:00,47.796569294031315
2016-04-19 09:10:00,48.120060950311
2016-04-19 09:20:00,54.91549754535299
2016-04-19 09:30:00,52.04081226365492
2016-04-19 09:40:00,51.91523533219285
2016-04-19 09:50:00,48.70843233808365
2016-04-19 10:00:00,47.14038217937123
2016-04-19 10:10:00,51.50115253369498
2016-04-19 10:20:00,48.67197877719261
2016-04-19 10:30:00,51.01886171838559
2016-04-19 10:40:00,47.34845966785592
2016-04-19 10:50:00,45.68772702326355
2016-04-19 11:00:00,46.026899442826995
2016-04-19 11:10:00,47.636504297173516
2016-04-19 11:20:00,54.476000401764765
2016-04-19 11:30:00,55.39237561076142
2016-04-19 11:40:00,53.43786299823074
2016-04-19 11:50:00,52.22271666937602
2016-04-19 12:00:00,56.384522928807414
2016-04-19 12:10:00,51.66004379940431
2016-04-19 12:20:00,47.8019314341793
2016-04-19 12:30:00,53.35418006009783
2016-04-19 12:40:00,48.116181850423885
2016-04-19 12:50:00,53.816588194665684
2016-04-19 13:00:00,51.33727850217845
2016-04-19 13:10:00,47.334252549839206
2016-04-19 13:20:00,47.11417200611599
2016-04-19 13:30:00,51.462421685194556
2016-04-19 13:40:00,56.85245324544441
2016-04-19 13:50:00,49.57792319285744
2016-04-19 14:00:00,39.369033236961535
2016-04-19 14:10:00,42.78319911664689
2016-04-19 14:20:00,52.67243932075211
2016-04-19 14:30:00,56.68147518100277
2016-04-19 14:40:00,57.18504683077211
2016-04-19 14:50:00,58.24482150393386
2016-04-19 15:00:00,51.038261426644105
2016-04-19 15:10:00,53.096315715550254
2016-04-19 15:20:00,59.28557787564995
2016-04-19 15:30:00,45.74484428393401
2016-04-19 15:40:00,48.6572762205791
2016-04-19 15:50:00,53.53850005461559
2016-04-19 16:00:00,48.1209078368018
2016-04-19 16:10:00,59.226820267326154
2016-04-19 16:20:00,55.80325214082371
2016-04-19 16:30:00,56.4539025805197
2016-04-19 16:40:00,54.26497949154933
2016-04-19 16:50:00,42.2333774686569
2016-04-19 17:00:00,48.30071516872343
2016-04-19 17:10:00,54.095164081901
2016-04-19 17:20:00,92.1467794390153
2016-04-19 17:30:00,70.88283838604119
2016-04-19 17:40:00,153.79420023037494
2016-04-19 17:50:00,276.9661400323116
2016-04-19 18:00:00,219.49059727608764
2016-04-19 18:10:00,196.33957026570081
2016-04-19 18:20:00,154.03418518639418
2016-04-19 18:30:00,124.2959971582304
2016-04-19 18:40:00,124.3425851296502
2016-04-19 18:50:00,124.27625800447974
2016-04-19 19:00:00,131.63087054916588
2016-04-19 19:10:00,135.09414244426284
2016-04-19 19:20:00,117.5587837444688
2016-04-19 19:30:00,111.15920842030124
2016-04-19 19:40:00,107.66264010040007
2016-04-19 19:50:00,102.71712210268771
2016-04-19 20:00:00,100.29977005254185
2016-04-19 20:10:00,98.18004134664768
2016-04-19 20:20:00,99.3925151381017
2016-04-19 20:30:00,103.03704905472883
2016-04-19 20:40:00,90.40959744670374
2016-04-19 20:50:00,68.1262076621854
2016-04-19 21:00:00,77.58042526472143
2016-04-19 21:10:00,63.54552416251114
2016-04-19 21:20:00,73.95563116891796
2016-04-19 21:30:00,58.28462985409859
2016-04-19 21:40:00,48.214201469352204
2016-04-19 21:50:00,49.47597830809627
2016-04-19 22:00:00,51.17280919337247
2016-04-19 22:10:00,54.26903243429866
2016-04-19 22:20:00,52.66310544189094
2016-04-19 22:30:00,46.241864027946605
2016-04-19 22:40:00,45.4546693723304
2016-04-19 22:50:00,48.465815383756485
2016-04-19 23:00:00,51.03816426540027
2016-04-19 23:10:00,50.45798450088352
2016-04-19 23:20:00,55.449151519279525
2016-04-19 23:30:00,51.186063128676395
2016-04-19 23:40:00,41.25778485962336
2016-04-19 23:50:00,38.659472379381036
2016-04-20 00:00:00,42.116975869209554
2016-04-20 00:10:00,53.22402131791762
2016-04-20 00:20:00,55.67408054563859
2016-04-20 00:30:00,55.859110157091685
2016-04-20 00:40:00,51.57383351211333
2016-04-20 00:50:00,53.574275625993614
2016-04-20 01:00:00,54.54603709478599
2016-04-20 01:10:00,53.33059521708839
2016-04-20 01:20:00,48.89635827414746
2016-04-20 01:30:00,41.90413234041293
2016-04-20 01:40:00,51.09339142174082
2016-04-20 01:50:00,49.18229824953572
2016-04-20 02:00:00,51.93127469066453
2016-04-20 02:10:00,49.42931083024626
2016-04-20 02:20:00,50.24402965261358
2016-04-20 02:30:00,46.008008445519636
2016-04-20 02:40:00,43.23267409572624
2016-04-20 02:50:00,45.21387021387899
2016-04-20 03:00:00,39.216266579752975
2016-04-20 03:10:00,41.31355866173053
2016-04-20 03:20:00,49.03345898015011
2016-04-20 03:30:00,51.78651234528859
2016-04-20 03:40:00,55.79262701442041
2016-04-20 03:50:00,56.20840377768313
2016-04-20 04:00:00,54.97816187095605
2016-04-20 04:10:00,50.538642690719456
2016-04-20 04:20:00,48.27947773208315
2016-04-20 04:30:00,44.81804021193967
2016-04-20 04:40:00,51.00215681525397
2016-04-20 04:50:00,53.23484995017041
2016-04-20 05:00:00,51.76568917549879
2016-04-20 05:10:00,55.18801748083169
2016-04-20 05:20:00,53.004369669480226
2016-04-20 05:30:00,56.783263741758205
2016-04-20 05:40:00,48.597325338795436
2016-04-20 05:50:00,47.32276009203144
2016-04-20 06:00:00,44.26810436059252
2016-04-20 06:10:00,51.555470112562084
2016-04-20 06:20:00,60.08530477521519
2016-04-20 06:30:00,59.937072599399244
2016-04-20 06:40:00,73.32166770253164
2016-04-20 06:50:00,70.56719740902176
2016-04-20 07:00:00,63.540512777363745
2016-04-20 07:10:00,69.2807055084412
2016-04-20 07:20:00,68.19903399311795
2016-04-20 07:30:00,53.13934223572369
2016-04-20 07:40:00,61.90580304646539
2016-04-20 07:50:00,70.33501388869009
2016-04-20 08:00:00,63.26899542476916
2016-04-20 08:10:00,56.287357819995194
2016-04-20 08:20:00,49.24135749419559
2016-04-20 08:30:00,69.44184916157496
2016-04-20 08:40:00,58.0027336508533
2016-04-20 08:50:00,54.58251111635856
2016-04-20 09:00:00,39.3992789825043
2016-04-20 09:10:00,50.74991731777352
2016-04-20 09:20:00,72.14746307358584
2016-04-20 09:30:00,65.45776474096222
2016-04-20 09:40:00,68.53973148029752
2016-04-20 09:50:00,61.00415755817638
2016-04-20 10:00:00,59.14583040319676
2016-04-20 10:10:00,51.89638704860235
2016-04-20 10:20:00,51.576559125474205
2016-04-20 10:30:00,54.38201185524065
2016-04-20 10:40:00,64.7780616013839
2016-04-20 10:50:00,77.203905287608
2016-04-20 11:00:00,58.673540262715825
2016-04-20 11:10:00,57.42366135243094
2016-04-20 11:20:00,48.27140888729566
2016-04-20 11:30:00,49.87672985279323
2016-04-20 11:40:00,52.87856832127533
2016-04-20 11:50:00,52.53570853704891
2016-04-20 12:00:00,48.16999559801617
2016-04-20 12:10:00,41.98186202617138
2016-04-20 12:20:00,46.792529656183845
2016-04-20 12:30:00,53.58574450751085
2016-04-20 12:40:00,62.57830803547824
2016-04-20 12:50:00,52.93853738515667
2016-04-20 13:00:00,52.47603332205322
2016-04-20 13:10:00,57.64828787939125
2016-04-20 13:20:00,57.60176639885282
2016-04-20 13:30:00,54.70569380237751
2016-04-20 13:40:00,46.52971255931117
2016-04-20 13:50:00,48.1293345673393
2016-04-20 14:00:00,51.35248754985942
2016-04-20 14:10:00,52.00937327268866
2016-04-20 14:20:00,80.59801670968331
2016-04-20 14:30:00,87.69349821030826
2016-04-20 14:40:00,173.3745576965283
2016-04-20 14:50:00,124.64181645960127
2016-04-20 15:00:00,90.3438869050766
2016-04-20 15:10:00,89.82464835264773
2016-04-20 15:20:00,91.11271150696747
2016-04-20 15:30:00,100.27231453531478
2016-04-20 15:40:00,78.13477544271424
2016-04-20 15:50:00,86.25326839445952
2016-04-20 16:00:00,74.83351411007988
2016-04-20 16:10:00,86.65617357805675
2016-04-20 16:20:00,127.8618723057728
2016-04-20 16:30:00,84.82960756446771
2016-04-20 16:40:00,70.47966679755248
2016-04-20 16:50:00,65.35312807237497
2016-04-20 17:00:00,65.939199059649
2016-04-20 17:10:00,69.99915372108781
2016-04-20 17:20:00,109.94491496324194
2016-04-20 17:30:00,153.88396951421532
2016-04-20 17:40:00,138.8245846990573
2016-04-20 17:50:00,188.91076590190457
2016-04-20 18:00:00,300.13119514234296
2016-04-20 18:10:00,247.03385976388248
2016-04-20 18:20:00,197.26987173646614
2016-04-20 18:30:00,199.52475001219233
2016-04-20 18:40:00,194.1611146252141
2016-04-20 18:50:00,161.86671905150402
2016-04-20 19:00:00,142.1745140517841
2016-04-20 19:10:00,113.13248387771878
2016-04-20 19:20:00,114.32678480805214
2016-04-20 19:30:00,128.82576974196863
2016-04-20 19:40:00,140.51172979064663
2016-04-20 19:50:00,127.04330105501757
2016-04-20 20:00:00,119.67432077453192
2016-04-20 20:10:00,111.46420829102809
2016-04-20 20:20:00,106.77848607567601
2016-04-20 20:30:00,101.08188221341163
2016-04-20 20:40:00,100.866761338204
2016-04-20 20:50:00,100.25048137598975
2016-04-20 21:00:00,99.11910392041358
2016-04-20 21:10:00,92.45904911717608
2016-04-20 21:20:00,73.18447095368208
2016-04-20 21:30:00,79.66958442526473
2016-04-20 21:40:00,68.88004235454727
2016-04-20 21:50:00,56.26128892273481
2016-04-20 22:00:00,47.65444545261888
2016-04-20 22:10:00,48.89557532172436
2016-04-20 22:20:00,51.4340479160925
2016-04-20 22:30:00,51.378938191414086
2016-04-20 22:40:00,53.487151227836605
2016-04-20 22:50:00,46.74390854562411
2016-04-20 23:00:00,52.486779511137215
2016-04-20 23:10:00,55.3043628758058
2016-04-20 23:20:00,51.4890175322147
2016-04-20 23:30:00,52.2546016428224
2016-04-20 23:40:00,44.63069307831324
2016-04-20 23:50:00,49.26855670893356
2016-04-21 00:00:00,41.034507080800495
2016-04-21 00:10:00,47.52684091672419
2016-04-21 00:20:00,52.64508827137936
2016-04-21 00:30:00,56.44611783063444
2016-04-21 00:40:00,56.12730836751523
2016-04-21 00:50:00,54.31600435078893
2016-04-21 01:00:00,51.15517221306242
2016-04-21 01:10:00,49.829796861962116
2016-04-21 01:20:00,47.43620873294666
2016-04-21 01:30:00,51.241683836017856
2016-04-21 01:40:00,52.3144597010242
2016-04-21 01:50:00,53.11602904646899
2016-04-21 02:00:00,52.18016405316996
2016-04-21 02:10:00,50.37061969013814
2016-04-21 02:20:00,43.986174351285236
2016-04-21 02:30:00,43.09140858049787
2016-04-21 02:40:00,42.55370758625105
2016-04-21 02:50:00,49.79961795932045
2016-04-21 03:00:00,52.22939832696254
2016-04-21 03:10:00,50.76694631860392
2016-04-21 03:20:00,53.38525967449583
2016-04-21 03:30:00,50.00156562793362
2016-04-21 03:40:00,41.190798125676025
2016-04-21 03:50:00,38.21161028719203
2016-04-21 04:00:00,44.844527539264
2016-04-21 04:10:00,52.257178484704
2016-04-21 04:20:00,56.69094076582802
2016-04-21 04:30:00,54.62460274566093
2016-04-21 04:40:00,55.97504573055924
2016-04-21 04:50:00,53.519740642927886
2016-04-21 05:00:00,53.91088453040986
2016-04-21 05:10:00,50.59847008662798
2016-04-21 05:20:00,52.01218043259805
2016-04-21 05:30:00,59.0912921256091
2016-04-21 05:40:00,54.04853605266199
2016-04-21 05:50:00,54.48522750092295
2016-04-21 06:00:00,57.32441931700489
2016-04-21 06:10:00,64.01856004263406
2016-04-21 06:20:00,59.09363757146569
2016-04-21 06:30:00,83.16978456867221
2016-04-21 06:40:00,57.90630114896233
2016-04-21 06:50:00,47.54701727842535
2016-04-21 07:00:00,44.8698129225715
2016-04-21 07:10:00,41.51924266187978
2016-04-21 07:20:00,46.67558268187196
2016-04-21 07:30:00,52.00693687105091
2016-04-21 07:40:00,54.28360220982831
2016-04-21 07:50:00,58.18661037556581
2016-04-21 08:00:00,58.82805762437389
2016-04-21 08:10:00,54.29011208912703
2016-04-21 08:20:00,52.40966644807533
2016-04-21 08:30:00,54.60879545898867
2016-04-21 08:40:00,57.211562873805356
2016-04-21 08:50:00,56.300470129741235
2016-04-21 09:00:00,57.71308535586422
2016-04-21 09:10:00,53.69737280108693
2016-04-21 09:20:00,54.99863549241707
2016-04-21 09:30:00,51.85097321918734
2016-04-21 09:40:00,50.101756256908374
2016-04-21 09:50:00,51.3031439035336
2016-04-21 10:00:00,52.13851728249431
2016-04-21 10:10:00,52.0025781604764
2016-04-21 10:20:00,55.06821942041768
2016-04-21 10:30:00,60.62420331253713
2016-04-21 10:40:00,63.18838089658827
2016-04-21 10:50:00,43.69384348151559
2016-04-21 11:00:00,43.23924291892832
2016-04-21 11:10:00,46.74427460351935
2016-04-21 11:20:00,57.05901657091744
2016-04-21 11:30:00,59.6005708900291
2016-04-21 11:40:00,59.175263546906635
2016-04-21 11:50:00,51.93877989504558
2016-04-21 12:00:00,52.73028030171783
2016-04-21 12:10:00,54.864538870014876
2016-04-21 12:20:00,48.92149063386041
2016-04-21 12:30:00,49.773494885208436
2016-04-21 12:40:00,52.458815877377354
2016-04-21 12:50:00,53.94816714497455
2016-04-21 13:00:00,52.586536448269065
2016-04-21 13:10:00,50.63338574206021
2016-04-21 13:20:00,55.32887166014494
2016-04-21 13:30:00,51.10511204969754
2016-04-21 13:40:00,53.664150595382175
2016-04-21 13:50:00,62.628245575945314
2016-04-21 14:00:00,61.85743506544099
2016-04-21 14:10:00,53.71346982330347
2016-04-21 14:20:00,60.76236801584051
2016-04-21 14:30:00,47.30559561188316
2016-04-21 14:40:00,61.251062961994975
2016-04-21 14:50:00,70.97924142898563
2016-04-21 15:00:00,66.56030628961338
2016-04-21 15:10:00,84.33709631505349
2016-04-21 15:20:00,56.40023412694891
2016-04-21 15:30:00,51.01060880500623
2016-04-21 15:40:00,46.22070310206519
2016-04-21 15:50:00,49.16238282283791
2016-04-21 16:00:00,86.40987336614025
2016-04-21 16:10:00,82.80581644303918
2016-04-21 16:20:00,107.7935887012635
2016-04-21 16:30:00,82.01883439176434
2016-04-21 16:40:00,92.09127990035094
2016-04-21 16:50:00,92.24454722655196
2016-04-21 17:00:00,75.78588941043122
2016-04-21 17:10:00,82.7093943204638
2016-04-21 17:20:00,87.5702025705537
2016-04-21 17:30:00,204.89031795394254
2016-04-21 17:40:00,260.2512376787974
2016-04-21 17:50:00,239.25170091657102
2016-04-21 18:00:00,230.76195580460754
2016-04-21 18:10:00,141.21168333933267
2016-04-21 18:20:00,142.82089986652002
2016-04-21 18:30:00,133.6724092434972
2016-04-21 18:40:00,227.63051812633708
2016-04-21 18:50:00,145.61360645175245
2016-04-21 19:00:00,149.4828156715544
2016-04-21 19:10:00,156.0989604629707
2016-04-21 19:20:00,153.37813126982272
2016-04-21 19:30:00,123.99983889041229
2016-04-21 19:40:00,117.34812550842739
2016-04-21 19:50:00,129.54845303990896
2016-04-21 20:00:00,121.39699296213217
2016-04-21 20:10:00,104.16272992706135
2016-04-21 20:20:00,92.5902824670221
2016-04-21 20:30:00,102.97666755388373
2016-04-21 20:40:00,109.70939265804824
2016-04-21 20:50:00,97.66316362940677
2016-04-21 21:00:00,85.71723151378713
2016-04-21 21:10:00,87.27666989991901
2016-04-21 21:20:00,73.59848332400769
2016-04-21 21:30:00,67.33248446977946
2016-04-21 21:40:00,58.958967687562854
2016-04-21 21:50:00,53.33586610794116
2016-04-21 22:00:00,55.080538051097875
2016-04-21 22:10:00,53.72890085327846
2016-04-21 22:20:00,57.14539935565195
2016-04-21 22:30:00,51.884486328787766
2016-04-21 22:40:00,49.92494021485506
2016-04-21 22:50:00,53.15503730873671
2016-04-21 23:00:00,49.27956515475036
2016-04-21 23:10:00,56.01362791888355
2016-04-21 23:20:00,52.0484994834731
2016-04-21 23:30:00,55.862096335512675
2016-04-21 23:40:00,51.19188896032265
2016-04-21 23:50:00,53.3442958474297
2016-04-22 00:00:00,59.582493958832636
2016-04-22 00:10:00,52.420201939160606
2016-04-22 00:20:00,50.690337328912086
2016-04-22 00:30:00,51.63968456575327
2016-04-22 00:40:00,49.96508494896711
2016-04-22 00:50:00,56.601135879023275
2016-04-22 01:00:00,55.36520365016957
2016-04-22 01:10:00,43.55510866670042
2016-04-22 01:20:00,49.27021021857045
2016-04-22 01:30:00,54.97399133030836
2016-04-22 01:40:00,57.44919365278331
2016-04-22 01:50:00,62.70317735759104
2016-04-22 02:00:00,55.44805495298132
2016-04-22 02:10:00,55.68105813853971
2016-04-22 02:20:00,55.59133812824552
2016-04-22 02:30:00,50.42679317375294
2016-04-22 02:40:00,53.7409654557225
2016-04-22 02:50:00,51.33400603634476
2016-04-22 03:00:00,58.21669503552627
2016-04-22 03:10:00,56.64607407775355
2016-04-22 03:20:00,53.66789018065508
2016-04-22 03:30:00,51.29620456164772
2016-04-22 03:40:00,45.331667190488815
2016-04-22 03:50:00,46.651582889858744
2016-04-22 04:00:00,54.773688450056845
2016-04-22 04:10:00,57.67145117268611
2016-04-22 04:20:00,52.25398601186007
2016-04-22 04:30:00,58.500278854916424
2016-04-22 04:40:00,56.49254524418973
2016-04-22 04:50:00,53.41099190030732
2016-04-22 05:00:00,51.33633250151185
2016-04-22 05:10:00,42.61257782201661
2016-04-22 05:20:00,55.80199412501587
2016-04-22 05:30:00,57.68021203070557
2016-04-22 05:40:00,59.48652270517502
2016-04-22 05:50:00,59.052251812835095
2016-04-22 06:00:00,56.725356971297465
2016-04-22 06:10:00,60.918717531217034
2016-04-22 06:20:00,133.9258026305805
2016-04-22 06:30:00,73.38063323285917
2016-04-22 06:40:00,54.57831154365965
2016-04-22 06:50:00,55.58366800419904
2016-04-22 07:00:00,69.72828258912813
2016-04-22 07:10:00,71.09604694378434
2016-04-22 07:20:00,73.51977071121779
2016-04-22 07:30:00,151.42375808035047
2016-04-22 07:40:00,93.7427484744121
2016-04-22 07:50:00,74.14326897148236
2016-04-22 08:00:00,65.65800965588257
2016-04-22 08:10:00,81.06472238022751
2016-04-22 08:20:00,76.88678364586082
2016-04-22 08:30:00,133.0651270393594
2016-04-22 08:40:00,181.61284055210186
2016-04-22 08:50:00,324.3886890965312
2016-04-22 09:00:00,247.91841148234627
2016-04-22 09:10:00,369.2661747083453
2016-04-22 09:20:00,301.0842117962238
2016-04-22 09:30:00,244.03646177279666
2016-04-22 09:40:00,267.8730952384436
2016-04-22 09:50:00,210.335842004482
2016-04-22 10:00:00,170.57744613740698
2016-04-22 10:10:00,124.78685023428794
2016-04-22 10:20:00,128.55215742740924
2016-04-22 10:30:00,176.48366900244164
2016-04-22 10:40:00,129.65401297840458
2016-04-22 10:50:00,314.09458800911676
2016-04-22 11:00:00,253.42998828689895
2016-04-22 11:10:00,201.08335125514398
2016-04-22 11:20:00,169.78747656074688
2016-04-22 11:30:00,226.73651474669956
2016-04-22 11:40:00,221.61183592225345
2016-04-22 11:50:00,152.90413286123587
2016-04-22 12:00:00,156.3167059050826
2016-04-22 12:10:00,199.04799437741212
2016-04-22 12:20:00,165.56077796049777
2016-04-22 12:30:00,160.45591907140962
2016-04-22 12:40:00,182.14056443740168
2016-04-22 12:50:00,177.35400308923846
2016-04-22 13:00:00,411.49499834191766
2016-04-22 13:10:00,345.71923084314375
2016-04-22 13:20:00,315.84581267240407
2016-04-22 13:30:00,277.9651730739252
2016-04-22 13:40:00,304.15374393139126
2016-04-22 13:50:00,245.4791648258618
2016-04-22 14:00:00,165.99407688328392
2016-04-22 14:10:00,185.89591838734884
2016-04-22 14:20:00,177.65416019709465
2016-04-22 14:30:00,200.69427553003044
2016-04-22 14:40:00,206.27727958325593
2016-04-22 14:50:00,190.60419454739082
2016-04-22 15:00:00,189.6532508029992
2016-04-22 15:10:00,147.94469831617658
2016-04-22 15:20:00,147.7009421543752
2016-04-22 15:30:00,103.55431798134555
2016-04-22 15:40:00,270.6928332001596
2016-04-22 15:50:00,306.3768712027266
2016-04-22 16:00:00,286.18527105969423
2016-04-22 16:10:00,283.65101666320686
2016-04-22 16:20:00,266.9955741243615
2016-04-22 16:30:00,224.28650261316733
2016-04-22 16:40:00,148.43059620733794
2016-04-22 16:50:00,146.35988562262403
2016-04-22 17:00:00,145.60541765100703
2016-04-22 17:10:00,180.03690538734807
2016-04-22 17:20:00,204.99556157074815
2016-04-22 17:30:00,242.0459688791878
2016-04-22 17:40:00,358.4041921041584
2016-04-22 17:50:00,289.6672356706543
2016-04-22 18:00:00,335.92969107467195
2016-04-22 18:10:00,315.63381854420436
2016-04-22 18:20:00,285.0495308111306
2016-04-22 18:30:00,233.30176720593963
2016-04-22 18:40:00,140.9205084558495
2016-04-22 18:50:00,135.06642098744726
2016-04-22 19:00:00,146.27987157761333
2016-04-22 19:10:00,140.45437790464513
2016-04-22 19:20:00,128.9417451730799
2016-04-22 19:30:00,119.65620124611169
2016-04-22 19:40:00,121.33267650367522
2016-04-22 19:50:00,107.94509940073915
2016-04-22 20:00:00,104.23672586736059
2016-04-22 20:10:00,100.06881033447436
2016-04-22 20:20:00,101.0754345120738
2016-04-22 20:30:00,116.51507361737426
2016-04-22 20:40:00,103.37146214640478
2016-04-22 20:50:00,105.74453299544777
2016-04-22 21:00:00,102.10082444648245
2016-04-22 21:10:00,91.82081349214339
2016-04-22 21:20:00,82.14294389764983
2016-04-22 21:30:00,74.49112980460349
2016-04-22 21:40:00,64.78633711586669
2016-04-22 21:50:00,48.79809376127957
2016-04-22 22:00:00,51.056553711687464
2016-04-22 22:10:00,51.842573594880534
2016-04-22 22:20:00,54.75284192248108
2016-04-22 22:30:00,56.281296581786364
2016-04-22 22:40:00,53.84580893674278
2016-04-22 22:50:00,53.59722447491068
2016-04-22 23:00:00,52.0903899524935
2016-04-22 23:10:00,54.32275430229499
2016-04-22 23:20:00,55.67372594744625
2016-04-22 23:30:00,54.76848633397103
2016-04-22 23:40:00,51.1383883252232
2016-04-22 23:50:00,50.42134894326865
2016-04-23 00:00:00,53.131688330202536
2016-04-23 00:10:00,55.11613471468475
2016-04-23 00:20:00,53.48964808952915
2016-04-23 00:30:00,53.77014371026177
2016-04-23 00:40:00,54.012849517337564
2016-04-23 00:50:00,50.804606010582184
2016-04-23 01:00:00,52.27424633357602
2016-04-23 01:10:00,54.10716056027117
2016-04-23 01:20:00,51.23161731440657
2016-04-23 01:30:00,49.10805425836749
2016-04-23 01:40:00,51.17802827997634
2016-04-23 01:50:00,49.92309928642373
2016-04-23 02:00:00,53.41181760763001
2016-04-23 02:10:00,56.357729655124885
2016-04-23 02:20:00,54.48047766190456
2016-04-23 02:30:00,54.51338663503512
2016-04-23 02:40:00,54.58388565110923
2016-04-23 02:50:00,51.01672294337539
2016-04-23 03:00:00,53.45541307023401
2016-04-23 03:10:00,55.51475324953639
2016-04-23 03:20:00,52.96046862837297
2016-04-23 03:30:00,50.39621285927162
2016-04-23 03:40:00,51.68950478799012
2016-04-23 03:50:00,53.64312941980364
2016-04-23 04:00:00,54.21147603203563
2016-04-23 04:10:00,56.04165517593825
2016-04-23 04:20:00,50.38680938901532
2016-04-23 04:30:00,56.214592539894255
2016-04-23 04:40:00,55.48604578158095
2016-04-23 04:50:00,55.6209853312492
2016-04-23 05:00:00,52.36315689458804
2016-04-23 05:10:00,54.64657956379563
2016-04-23 05:20:00,53.67672004811067
2016-04-23 05:30:00,52.36005769811053
2016-04-23 05:40:00,53.58897019194979
2016-04-23 05:50:00,54.90717721657761
2016-04-23 06:00:00,56.181290665463926
2016-04-23 06:10:00,56.25438205648272
2016-04-23 06:20:00,58.55167008464267
2016-04-23 06:30:00,56.3159966533412
2016-04-23 06:40:00,57.14662822132838
2016-04-23 06:50:00,54.406490027178634
2016-04-23 07:00:00,57.52976828169582
2016-04-23 07:10:00,59.76622910672962
2016-04-23 07:20:00,58.200347892860755
2016-04-23 07:30:00,59.281464785833734
2016-04-23 07:40:00,63.11856403827784
2016-04-23 07:50:00,63.72386385972338
2016-04-23 08:00:00,64.06105577939508
2016-04-23 08:10:00,68.63882602336146
2016-04-23 08:20:00,59.01355990691435
2016-04-23 08:30:00,60.39633438717786
2016-04-23 08:40:00,59.669592011224736
2016-04-23 08:50:00,73.38773481659722
2016-04-23 09:00:00,79.08073017977306
2016-04-23 09:10:00,71.16768347389339
2016-04-23 09:20:00,78.0982989302203
2016-04-23 09:30:00,100.84039214526283
2016-04-23 09:40:00,83.47724918473486
2016-04-23 09:50:00,77.51663717817758
2016-04-23 10:00:00,111.83911160721617
2016-04-23 10:10:00,101.51082241930786
2016-04-23 10:20:00,90.5894537309587
2016-04-23 10:30:00,96.231474185793
2016-04-23 10:40:00,110.85912382566272
2016-04-23 10:50:00,139.14047820877113
2016-04-23 11:00:00,129.34042122010763
2016-04-23 11:10:00,156.83835509043723
2016-04-23 11:20:00,278.35320605141146
2016-04-23 11:30:00,224.97438569487684
2016-04-23 11:40:00,229.36530934975184
2016-04-23 11:50:00,219.07942281829943
2016-04-23 12:00:00,175.18162425455301
2016-04-23 12:10:00,139.758308316105
2016-04-23 12:20:00,124.49201439353662
2016-04-23 12:30:00,124.6004410374934
2016-04-23 12:40:00,109.0371723936787
2016-04-23 12:50:00,94.89246777244013
2016-04-23 13:00:00,102.02791695911094
2016-04-23 13:10:00,111.59656674061344
2016-04-23 13:20:00,112.17270768534648
2016-04-23 13:30:00,110.73971442049053
2016-04-23 13:40:00,105.9576574282758
2016-04-23 13:50:00,124.31991128196476
2016-04-23 14:00:00,171.92746896272507
2016-04-23 14:10:00,227.48059649998
2016-04-23 14:20:00,107.51719526014845
2016-04-23 14:30:00,103.80897999823375
2016-04-23 14:40:00,103.76165446385983
2016-04-23 14:50:00,107.09282253127623
2016-04-23 15:00:00,108.21341054578876
2016-04-23 15:10:00,104.53460576882445
2016-04-23 15:20:00,136.05733129666544
2016-04-23 15:30:00,159.174021016374
2016-04-23 15:40:00,110.13154348688651
2016-04-23 15:50:00,110.12295704947513
2016-04-23 16:00:00,109.01530049969243
2016-04-23 16:10:00,109.48549182403758
2016-04-23 16:20:00,101.34940860064273
2016-04-23 16:30:00,109.1553400281351
2016-04-23 16:40:00,112.72481309453067
2016-04-23 16:50:00,88.01742742651618
2016-04-23 17:00:00,71.78825773385672
2016-04-23 17:10:00,68.13295652021704
2016-04-23 17:20:00,72.86392853403241
2016-04-23 17:30:00,123.44037538880612
2016-04-23 17:40:00,146.52152096274668
2016-04-23 17:50:00,155.88798561212909
2016-04-23 18:00:00,130.68552196283952
2016-04-23 18:10:00,149.0591030861093
2016-04-23 18:20:00,149.8659337854067
2016-04-23 18:30:00,196.0247374695608
2016-04-23 18:40:00,162.82009888335483
2016-04-23 18:50:00,147.22845148337592
2016-04-23 19:00:00,132.37562197954978
2016-04-23 19:10:00,121.0996688259945
2016-04-23 19:20:00,121.15329327482797
2016-04-23 19:30:00,122.62414437067511
2016-04-23 19:40:00,123.56641922025636
2016-04-23 19:50:00,126.73520921296802
2016-04-23 20:00:00,127.95963381282493
2016-04-23 20:10:00,112.04226307804176
2016-04-23 20:20:00,114.50909640131104
2016-04-23 20:30:00,106.37705735188499
2016-04-23 20:40:00,102.70538418214045
2016-04-23 20:50:00,96.1004793907174
2016-04-23 21:00:00,94.03845314147881
2016-04-23 21:10:00,88.43802350290036
2016-04-23 21:20:00,85.34130786412068
2016-04-23 21:30:00,86.45957968336583
2016-04-23 21:40:00,57.44672083691068
2016-04-23 21:50:00,54.864740823443334
2016-04-23 22:00:00,51.66901280956559
2016-04-23 22:10:00,53.10787008258116
2016-04-23 22:20:00,59.897942447283
2016-04-23 22:30:00,52.60263022884611
2016-04-23 22:40:00,50.3301840678579
2016-04-23 22:50:00,50.790008755400706
2016-04-23 23:00:00,52.696824221589054
2016-04-23 23:10:00,50.06921259767449
2016-04-23 23:20:00,52.61802806176384
2016-04-23 23:30:00,54.21942958672963
2016-04-23 23:40:00,53.51062754477277
2016-04-23 23:50:00,51.80707940861211
2016-04-24 00:00:00,51.108059696491175
2016-04-24 00:10:00,51.31089461621872
2016-04-24 00:20:00,52.61137642206059
2016-04-24 00:30:00,49.70273881329566
2016-04-24 00:40:00,49.127020144039
2016-04-24 00:50:00,54.24908125783645
2016-04-24 01:00:00,55.77233897439666
2016-04-24 01:10:00,52.19681414766009
2016-04-24 01:20:00,52.86269339481497
2016-04-24 01:30:00,53.69261979365316
2016-04-24 01:40:00,53.11127603977532
2016-04-24 01:50:00,51.780563527501904
2016-04-24 02:00:00,51.0955995743795
2016-04-24 02:10:00,39.30872495442952
2016-04-24 02:20:00,46.048967848542695
2016-04-24 02:30:00,51.23872240470071
2016-04-24 02:40:00,52.608888925095464
2016-04-24 02:50:00,56.936731131123665
2016-04-24 03:00:00,58.80236368661692
2016-04-24 03:10:00,58.487084978495886
2016-04-24 03:20:00,52.661702728788434
2016-04-24 03:30:00,55.87798309152081
2016-04-24 03:40:00,54.07426048791687
2016-04-24 03:50:00,51.83191485930077
2016-04-24 04:00:00,54.61273222311667
2016-04-24 04:10:00,53.42003645620026
2016-04-24 04:20:00,54.46860704674649
2016-04-24 04:30:00,50.600815101237444
2016-04-24 04:40:00,52.59166064005972
2016-04-24 04:50:00,56.02771628524784
2016-04-24 05:00:00,50.17342288523571
2016-04-24 05:10:00,54.41666099562026
2016-04-24 05:20:00,50.637254409484
2016-04-24 05:30:00,48.32582183864376
2016-04-24 05:40:00,50.80789065124267
2016-04-24 05:50:00,55.73467622619296
2016-04-24 06:00:00,55.055028343921066
2016-04-24 06:10:00,55.81163586344733
2016-04-24 06:20:00,56.4658099705789
2016-04-24 06:30:00,55.700049916861495
2016-04-24 06:40:00,54.75251966605759
2016-04-24 06:50:00,50.72250421748094
2016-04-24 07:00:00,51.91515965661305
2016-04-24 07:10:00,50.71579599590065
2016-04-24 07:20:00,55.974579476140576
2016-04-24 07:30:00,62.5938139367747
2016-04-24 07:40:00,65.20948182172283
2016-04-24 07:50:00,66.24066892666602
2016-04-24 08:00:00,67.4977797672004
2016-04-24 08:10:00,73.77001972393438
2016-04-24 08:20:00,79.25782672886027
2016-04-24 08:30:00,76.26179474886685
2016-04-24 08:40:00,75.57314369773506
2016-04-24 08:50:00,115.54192556071436
2016-04-24 09:00:00,87.44542342258158
2016-04-24 09:10:00,90.23071952522565
2016-04-24 09:20:00,133.55574482774722
2016-04-24 09:30:00,92.3453544965247
2016-04-24 09:40:00,90.58663396332848
2016-04-24 09:50:00,137.96692234326412
2016-04-24 10:00:00,98.48879307773876
2016-04-24 10:10:00,79.56493912321707
2016-04-24 10:20:00,72.37778988244102
2016-04-24 10:30:00,80.1790239498161
2016-04-24 10:40:00,96.56600680313848
2016-04-24 10:50:00,95.60486581789611
2016-04-24 11:00:00,153.4663460900218
2016-04-24 11:10:00,338.77477136435846
2016-04-24 11:20:00,264.6217101246562
2016-04-24 11:30:00,162.25199750161318
2016-04-24 11:40:00,131.32625870918622
2016-04-24 11:50:00,188.70431361603013
2016-04-24 12:00:00,152.0855540854834
2016-04-24 12:10:00,84.40388594128883
2016-04-24 12:20:00,72.11046216929205
2016-04-24 12:30:00,72.19935657658218
2016-04-24 12:40:00,69.62244576545503
2016-04-24 12:50:00,68.40627516065013
2016-04-24 13:00:00,57.269930757725085
2016-04-24 13:10:00,71.55007075633306
2016-04-24 13:20:00,71.25550493914356
2016-04-24 13:30:00,59.18346834165159
2016-04-24 13:40:00,71.39747274680725
2016-04-24 13:50:00,59.201399902379606
2016-04-24 14:00:00,51.54664777240944
2016-04-24 14:10:00,51.161253614084515
2016-04-24 14:20:00,58.2078046878199
2016-04-24 14:30:00,65.53882394557174
2016-04-24 14:40:00,74.57542530790764
2016-04-24 14:50:00,60.77802126162393
2016-04-24 15:00:00,52.280350273970306
2016-04-24 15:10:00,59.7586665527011
2016-04-24 15:20:00,65.58979588580534
2016-04-24 15:30:00,74.77066489671418
2016-04-24 15:40:00,57.29600725766465
2016-04-24 15:50:00,75.22339696161761
2016-04-24 16:00:00,74.70019588258758
2016-04-24 16:10:00,64.27627617140128
2016-04-24 16:20:00,61.35927286707866
2016-04-24 16:30:00,63.73836452774958
2016-04-24 16:40:00,80.45728808695524
2016-04-24 16:50:00,79.0448502860289
2016-04-24 17:00:00,77.61464623444657
2016-04-24 17:10:00,93.81268373319418
2016-04-24 17:20:00,98.56348152257058
2016-04-24 17:30:00,132.4530972955382
2016-04-24 17:40:00,126.06239352597476
2016-04-24 17:50:00,145.50782792385147
2016-04-24 18:00:00,163.2760239378818
2016-04-24 18:10:00,144.11147450842532
2016-04-24 18:20:00,131.97783607619434
2016-04-24 18:30:00,133.425552684809
2016-04-24 18:40:00,137.34471534758217
2016-04-24 18:50:00,128.26265255954274
2016-04-24 19:00:00,120.77270771972721
2016-04-24 19:10:00,112.65162552594015
2016-04-24 19:20:00,113.41336149047163
2016-04-24 19:30:00,107.14332406649392
2016-04-24 19:40:00,84.47562159322962
2016-04-24 19:50:00,110.91056697774867
2016-04-24 20:00:00,107.61057576226723
2016-04-24 20:10:00,111.21876908351413
2016-04-24 20:20:00,102.59518918754306
2016-04-24 20:30:00,101.00258757411683
2016-04-24 20:40:00,104.08011961769954
2016-04-24 20:50:00,104.38673280497216
2016-04-24 21:00:00,105.16258377986729
2016-04-24 21:10:00,94.10323224440216
2016-04-24 21:20:00,80.68576393311176
2016-04-24 21:30:00,87.47194955768693
2016-04-24 21:40:00,75.9761528762973
2016-04-24 21:50:00,73.92171737109227
2016-04-24 22:00:00,63.84179937054975
2016-04-24 22:10:00,60.82651775081789
2016-04-24 22:20:00,61.2725073420981
2016-04-24 22:30:00,59.01773458964073
2016-04-24 22:40:00,59.06126537952224
2016-04-24 22:50:00,53.783436128224935
2016-04-24 23:00:00,53.534688078967186
2016-04-24 23:10:00,51.31542505515778
2016-04-24 23:20:00,52.45750769718808
2016-04-24 23:30:00,54.434344939896675
2016-04-24 23:40:00,60.183661324829636
2016-04-24 23:50:00,59.94274231814503
2016-04-25 00:00:00,61.76226171795947
2016-04-25 00:10:00,60.79095124716897
2016-04-25 00:20:00,56.63011358213577
2016-04-25 00:30:00,58.64920647935993
2016-04-25 00:40:00,57.179329743778865
2016-04-25 00:50:00,56.7787682046761
2016-04-25 01:00:00,60.28899074429465
2016-04-25 01:10:00,55.43033008676413
2016-04-25 01:20:00,57.37112525963272
2016-04-25 01:30:00,55.65139523458975
2016-04-25 01:40:00,58.47718056333248
2016-04-25 01:50:00,59.90254276881576
2016-04-25 02:00:00,55.28442813377112
2016-04-25 02:10:00,60.47543025679522
2016-04-25 02:20:00,59.7651911007202
2016-04-25 02:30:00,54.34588267373598
2016-04-25 02:40:00,56.91788997667891
2016-04-25 02:50:00,59.01973620385204
2016-04-25 03:00:00,56.10132364353714
2016-04-25 03:10:00,45.809601035688075
2016-04-25 03:20:00,49.648603674291735
2016-04-25 03:30:00,56.46593324602786
2016-04-25 03:40:00,61.439987546195304
2016-04-25 03:50:00,64.33417193861311
2016-04-25 04:00:00,63.08388807204874
2016-04-25 04:10:00,61.922287257534315
2016-04-25 04:20:00,58.8676644813993
2016-04-25 04:30:00,57.99222908379857
2016-04-25 04:40:00,60.7829519107207
2016-04-25 04:50:00,59.04259796551695
2016-04-25 05:00:00,60.180905119492
2016-04-25 05:10:00,60.503934447597835
2016-04-25 05:20:00,62.84301296149751
2016-04-25 05:30:00,76.15221684635236
2016-04-25 05:40:00,63.31656522236685
2016-04-25 05:50:00,60.60847156341242
2016-04-25 06:00:00,63.79900343852766
2016-04-25 06:10:00,64.79122046484882
2016-04-25 06:20:00,78.75588383643691
2016-04-25 06:30:00,69.7164626545791
2016-04-25 06:40:00,55.84238864929407
2016-04-25 06:50:00,58.805936842761504
2016-04-25 07:00:00,58.18679847477972
2016-04-25 07:10:00,62.80080146486814
2016-04-25 07:20:00,64.73127915991567
2016-04-25 07:30:00,58.83948122373536
2016-04-25 07:40:00,59.66988605012674
2016-04-25 07:50:00,68.78944948433562
2016-04-25 08:00:00,72.28804827429542
2016-04-25 08:10:00,73.8118066252037
2016-04-25 08:20:00,73.82532004797046
2016-04-25 08:30:00,76.9303412505656
2016-04-25 08:40:00,77.7837619923159
2016-04-25 08:50:00,76.64098741335475
2016-04-25 09:00:00,81.88024082730738
2016-04-25 09:10:00,75.8074346127194
2016-04-25 09:20:00,76.49634362056133
2016-04-25 09:30:00,71.54104706832992
2016-04-25 09:40:00,74.05232830354342
2016-04-25 09:50:00,67.43697930199656
2016-04-25 10:00:00,55.49118130444207
2016-04-25 10:10:00,64.08015104769319
2016-04-25 10:20:00,62.09719469877447
2016-04-25 10:30:00,66.30211165812577
2016-04-25 10:40:00,69.48868478539008
2016-04-25 10:50:00,68.32879503611196
2016-04-25 11:00:00,70.21725207640718
2016-04-25 11:10:00,73.54701330294073
2016-04-25 11:20:00,73.13848603611463
2016-04-25 11:30:00,70.96185262991177
2016-04-25 11:40:00,71.55299561737145
2016-04-25 11:50:00,76.14191782033191
2016-04-25 12:00:00,70.89885082955487
2016-04-25 12:10:00,64.69894639377941
2016-04-25 12:20:00,63.59010209534732
2016-04-25 12:30:00,70.93613871908629
2016-04-25 12:40:00,69.45375928885929
2016-04-25 12:50:00,62.291435266888925
2016-04-25 13:00:00,71.35667850545745
2016-04-25 13:10:00,65.81047739856821
2016-04-25 13:20:00,61.14272854222286
2016-04-25 13:30:00,52.921689411700484
2016-04-25 13:40:00,51.73720166790584
2016-04-25 13:50:00,58.3382403598753
2016-04-25 14:00:00,61.32361776416306
2016-04-25 14:10:00,63.04047487733055
2016-04-25 14:20:00,69.98673544338958
2016-04-25 14:30:00,62.970923722876705
2016-04-25 14:40:00,62.74660437298578
2016-04-25 14:50:00,69.9352446017014
2016-04-25 15:00:00,70.59818713223024
2016-04-25 15:10:00,57.04150755180459
2016-04-25 15:20:00,51.28547948033367
2016-04-25 15:30:00,60.92299768177214
2016-04-25 15:40:00,55.4723750225776
2016-04-25 15:50:00,67.80094927091808
2016-04-25 16:00:00,54.66754447648668
2016-04-25 16:10:00,50.04934267064943
2016-04-25 16:20:00,52.73571496076753
2016-04-25 16:30:00,49.071232049050124
2016-04-25 16:40:00,66.19778262190223
2016-04-25 16:50:00,88.95454306334466
2016-04-25 17:00:00,83.44972247843121
2016-04-25 17:10:00,95.05042525125108
2016-04-25 17:20:00,116.52438740908904
2016-04-25 17:30:00,134.74828325671163
2016-04-25 17:40:00,273.9842731498659
2016-04-25 17:50:00,243.97261325800653
2016-04-25 18:00:00,175.97951514444452
2016-04-25 18:10:00,118.96066426839381
2016-04-25 18:20:00,118.48084111035287
2016-04-25 18:30:00,123.14110068721138
2016-04-25 18:40:00,127.43945874794025
2016-04-25 18:50:00,127.6306333312661
2016-04-25 19:00:00,122.58849514275207
2016-04-25 19:10:00,148.6380221032063
2016-04-25 19:20:00,104.28992090931199
2016-04-25 19:30:00,93.88686781436121
2016-04-25 19:40:00,99.25575615293079
2016-04-25 19:50:00,100.08534562594265
2016-04-25 20:00:00,96.93074333514222
2016-04-25 20:10:00,91.73882758220834
2016-04-25 20:20:00,105.49386569189299
2016-04-25 20:30:00,104.49262255854512
2016-04-25 20:40:00,103.1318733391941
2016-04-25 20:50:00,89.47353524211093
2016-04-25 21:00:00,83.67159351413332
2016-04-25 21:10:00,75.89341815524836
2016-04-25 21:20:00,66.38125954982429
2016-04-25 21:30:00,57.0282544825609
2016-04-25 21:40:00,64.18730741825335
2016-04-25 21:50:00,61.21122002728221
2016-04-25 22:00:00,54.216855413782284
2016-04-25 22:10:00,51.54329124634879
2016-04-25 22:20:00,53.312531942093486
2016-04-25 22:30:00,54.29869206840861
2016-04-25 22:40:00,53.68104373904123
2016-04-25 22:50:00,57.16499731438912
2016-04-25 23:00:00,57.47043979929305
2016-04-25 23:10:00,56.127147238284664
2016-04-25 23:20:00,56.29005924294897
2016-04-25 23:30:00,50.787780638701385
2016-04-25 23:40:00,49.457209121182196
2016-04-25 23:50:00,53.26851836574434
2016-04-26 00:00:00,57.51269492328106
2016-04-26 00:10:00,53.59026160341922
2016-04-26 00:20:00,41.914431571456156
2016-04-26 00:30:00,52.32335164044696
2016-04-26 00:40:00,55.0136390349768
2016-04-26 00:50:00,55.69713306163982
2016-04-26 01:00:00,52.369593283913424
2016-04-26 01:10:00,48.16874744350655
2016-04-26 01:20:00,50.21803411274847
2016-04-26 01:30:00,51.209745763967064
2016-04-26 01:40:00,50.4751730483518
2016-04-26 01:50:00,52.232807141201334
2016-04-26 02:00:00,52.243333126962625
2016-04-26 02:10:00,45.88667394607388
2016-04-26 02:20:00,43.00484014214411
2016-04-26 02:30:00,50.59025312737534
2016-04-26 02:40:00,46.11200105025077
2016-04-26 02:50:00,48.526620547220375
2016-04-26 03:00:00,50.86904025194858
2016-04-26 03:10:00,50.604261072181224
2016-04-26 03:20:00,52.71531755135642
2016-04-26 03:30:00,48.471502623010956
2016-04-26 03:40:00,50.70912151133536
2016-04-26 03:50:00,47.62199813533444
2016-04-26 04:00:00,38.62756076852253
2016-04-26 04:10:00,42.03169836669884
2016-04-26 04:20:00,46.60556173587817
2016-04-26 04:30:00,54.48415186371121
2016-04-26 04:40:00,56.504062014533275
2016-04-26 04:50:00,57.15037388097065
2016-04-26 05:00:00,56.88177927185897
2016-04-26 05:10:00,53.85471439301154
2016-04-26 05:20:00,58.74123380088019
2016-04-26 05:30:00,65.71597205582881
2016-04-26 05:40:00,55.594259657852405
2016-04-26 05:50:00,56.67251976851658
2016-04-26 06:00:00,160.8595149210556
2016-04-26 06:10:00,81.14182461561857
2016-04-26 06:20:00,65.54863266698298
2016-04-26 06:30:00,62.163959117891665
2016-04-26 06:40:00,77.9214048388629
2016-04-26 06:50:00,67.4339038248742
2016-04-26 07:00:00,63.810230468145974
2016-04-26 07:10:00,75.04478716948779
2016-04-26 07:20:00,99.28024503988627
2016-04-26 07:30:00,123.98882044184931
2016-04-26 07:40:00,130.4120463836687
2016-04-26 07:50:00,149.28344827776772
2016-04-26 08:00:00,125.54435136908354
2016-04-26 08:10:00,75.09892735118495
2016-04-26 08:20:00,50.36483043749484
2016-04-26 08:30:00,50.26971861859268
2016-04-26 08:40:00,52.66605808092698
2016-04-26 08:50:00,50.628286764296135
2016-04-26 09:00:00,48.09882331500612
2016-04-26 09:10:00,46.032788321139634
2016-04-26 09:20:00,54.233856827632046
2016-04-26 09:30:00,57.419978156332235
2016-04-26 09:40:00,54.87360641066841
2016-04-26 09:50:00,53.750869614608355
2016-04-26 10:00:00,46.589920549196336
2016-04-26 10:10:00,46.9144590573079
2016-04-26 10:20:00,50.61042995532081
2016-04-26 10:30:00,48.042724162329556
2016-04-26 10:40:00,51.927187125599716
2016-04-26 10:50:00,45.536443008926504
2016-04-26 11:00:00,48.89292526760393
2016-04-26 11:10:00,48.508580024652844
2016-04-26 11:20:00,53.984461547393316
2016-04-26 11:30:00,58.61712580402792
2016-04-26 11:40:00,50.131493089753434
2016-04-26 11:50:00,50.86161459741803
2016-04-26 12:00:00,52.9675387624356
2016-04-26 12:10:00,53.15036799816786
2016-04-26 12:20:00,56.10215728541654
2016-04-26 12:30:00,51.15176403771576
2016-04-26 12:40:00,53.496338337976184
2016-04-26 12:50:00,49.33267000439833
2016-04-26 13:00:00,52.489877568005944
2016-04-26 13:10:00,49.247780643242685
2016-04-26 13:20:00,42.4246354830238
2016-04-26 13:30:00,49.39070912283048
2016-04-26 13:40:00,53.18249876152171
2016-04-26 13:50:00,56.15414953419057
2016-04-26 14:00:00,53.8329991209264
2016-04-26 14:10:00,42.707225370833015
2016-04-26 14:20:00,43.30684700177783
2016-04-26 14:30:00,45.207863592672076
2016-04-26 14:40:00,48.615685968049384
2016-04-26 14:50:00,54.3720386196959
2016-04-26 15:00:00,56.34093782008835
2016-04-26 15:10:00,54.83525336788141
2016-04-26 15:20:00,55.94655576730526
2016-04-26 15:30:00,49.672268981319846
2016-04-26 15:40:00,53.11035063858776
2016-04-26 15:50:00,49.65526603365596
2016-04-26 16:00:00,48.07803158503431
2016-04-26 16:10:00,49.59237175874562
2016-04-26 16:20:00,49.8498277808266
2016-04-26 16:30:00,49.40145399365114
2016-04-26 16:40:00,59.87527856954186
2016-04-26 16:50:00,83.34739917223054
2016-04-26 17:00:00,117.04559205532796
2016-04-26 17:10:00,106.78902357978802
2016-04-26 17:20:00,114.33718058825285
2016-04-26 17:30:00,167.79163205456214
2016-04-26 17:40:00,223.01046756286053
2016-04-26 17:50:00,275.50749884922107
2016-04-26 18:00:00,228.37409468481502
2016-04-26 18:10:00,189.84617872844305
2016-04-26 18:20:00,115.28370220522612
2016-04-26 18:30:00,121.6393615876602
2016-04-26 18:40:00,124.6704344042261
2016-04-26 18:50:00,121.23268397918731
2016-04-26 19:00:00,121.93207600447123
2016-04-26 19:10:00,109.38353998321836
2016-04-26 19:20:00,118.41377802121474
2016-04-26 19:30:00,102.67015779844209
2016-04-26 19:40:00,106.6092950372285
2016-04-26 19:50:00,101.6035280584934
2016-04-26 20:00:00,87.71319984864324
2016-04-26 20:10:00,91.4467670201116
2016-04-26 20:20:00,89.60663941713511
2016-04-26 20:30:00,90.0819636243841
2016-04-26 20:40:00,88.19154051547314
2016-04-26 20:50:00,87.22069357624129
2016-04-26 21:00:00,84.98216462493791
2016-04-26 21:10:00,74.27077696556223
2016-04-26 21:20:00,63.87049215430375
2016-04-26 21:30:00,67.51642340669363
2016-04-26 21:40:00,59.46430738661669
2016-04-26 21:50:00,57.09336964932237
2016-04-26 22:00:00,51.5224367457184
2016-04-26 22:10:00,42.864209903476294
2016-04-26 22:20:00,42.751593110179655
2016-04-26 22:30:00,45.494548192583814
2016-04-26 22:40:00,49.86495213094667
2016-04-26 22:50:00,53.356449494144314
2016-04-26 23:00:00,56.726763858636886
2016-04-26 23:10:00,56.63883915871833
2016-04-26 23:20:00,51.456992852910716
2016-04-26 23:30:00,48.85678402318267
2016-04-26 23:40:00,46.33104169784576
2016-04-26 23:50:00,51.4236131977721
2016-04-27 00:00:00,55.11434464803127
2016-04-27 00:10:00,50.85719350010893
2016-04-27 00:20:00,50.88462851832653
2016-04-27 00:30:00,50.69479348766475
2016-04-27 00:40:00,49.756328925748754
2016-04-27 00:50:00,43.774975682914615
2016-04-27 01:00:00,42.8451698002788
2016-04-27 01:10:00,47.059024156647936
2016-04-27 01:20:00,45.19246326137112
2016-04-27 01:30:00,49.57075469937583
2016-04-27 01:40:00,53.35805607752371
2016-04-27 01:50:00,42.100794119898374
2016-04-27 02:00:00,42.98794423115851
2016-04-27 02:10:00,48.952981434130606
2016-04-27 02:20:00,47.67588147646947
2016-04-27 02:30:00,52.64435091759563
2016-04-27 02:40:00,53.75285653418256
2016-04-27 02:50:00,52.42804390015392
2016-04-27 03:00:00,50.35305192485967
2016-04-27 03:10:00,48.888337062453154
2016-04-27 03:20:00,48.37937486515999
2016-04-27 03:30:00,51.636949406778285
2016-04-27 03:40:00,44.66413181769465
2016-04-27 03:50:00,52.653378871289505
2016-04-27 04:00:00,50.776686744143255
2016-04-27 04:10:00,42.42293286332048
2016-04-27 04:20:00,50.21948892834915
2016-04-27 04:30:00,46.99052567663955
2016-04-27 04:40:00,52.34078397437867
2016-04-27 04:50:00,51.465916858363734
2016-04-27 05:00:00,49.06130533231839
2016-04-27 05:10:00,52.14589774960188
2016-04-27 05:20:00,58.979148318469875
2016-04-27 05:30:00,43.93859978305766
2016-04-27 05:40:00,43.69158332788353
2016-04-27 05:50:00,55.34097785547648
2016-04-27 06:00:00,60.09963833198225
2016-04-27 06:10:00,61.90440238130095
2016-04-27 06:20:00,65.63115661915633
2016-04-27 06:30:00,66.28838529788355
2016-04-27 06:40:00,69.12630138098207
2016-04-27 06:50:00,63.542191528816986
2016-04-27 07:00:00,56.84902667711528
2016-04-27 07:10:00,67.19528717658164
2016-04-27 07:20:00,70.4478431655441
2016-04-27 07:30:00,67.75282739920745
2016-04-27 07:40:00,77.50161996721386
2016-04-27 07:50:00,74.16864226911353
2016-04-27 08:00:00,78.23534632310643
2016-04-27 08:10:00,74.79414147928144
2016-04-27 08:20:00,68.05864214128842
2016-04-27 08:30:00,74.26758201205232
2016-04-27 08:40:00,61.31076567986097
2016-04-27 08:50:00,60.04502816311669
2016-04-27 09:00:00,78.78053516917865
2016-04-27 09:10:00,71.74150878861884
2016-04-27 09:20:00,78.27438727981703
2016-04-27 09:30:00,74.20385406765615
2016-04-27 09:40:00,73.54537518134714
2016-04-27 09:50:00,68.07501813094214
2016-04-27 10:00:00,65.09786965749042
2016-04-27 10:10:00,80.87004439989265
2016-04-27 10:20:00,76.23512340504358
2016-04-27 10:30:00,77.19997461649149
2016-04-27 10:40:00,73.85224187168207
2016-04-27 10:50:00,72.83531030206207
2016-04-27 11:00:00,84.50961564922665
2016-04-27 11:10:00,63.32515196738812
2016-04-27 11:20:00,52.77849739823931
2016-04-27 11:30:00,54.61897042198977
2016-04-27 11:40:00,49.170573659580015
2016-04-27 11:50:00,65.62207016632647
2016-04-27 12:00:00,68.69073929755592
2016-04-27 12:10:00,66.82680453180264
2016-04-27 12:20:00,64.94228517562804
2016-04-27 12:30:00,62.295672010857544
2016-04-27 12:40:00,54.65434596396309
2016-04-27 12:50:00,53.97604170544053
2016-04-27 13:00:00,54.97566462374146
2016-04-27 13:10:00,61.11942866046228
2016-04-27 13:20:00,58.61923366301323
2016-04-27 13:30:00,68.59734633444755
2016-04-27 13:40:00,93.28973119845054
2016-04-27 13:50:00,74.16902178925672
2016-04-27 14:00:00,75.99218159351972
2016-04-27 14:10:00,89.9017009695509
2016-04-27 14:20:00,72.42367308846124
2016-04-27 14:30:00,71.06095858103455
2016-04-27 14:40:00,86.11517663238612
2016-04-27 14:50:00,83.87944754199306
2016-04-27 15:00:00,84.98977431343177
2016-04-27 15:10:00,81.64230011415613
2016-04-27 15:20:00,78.78089489086497
2016-04-27 15:30:00,85.95244303656612
2016-04-27 15:40:00,93.33524164035308
2016-04-27 15:50:00,94.84663442557564
2016-04-27 16:00:00,98.04338774341801
2016-04-27 16:10:00,101.42536364563202
2016-04-27 16:20:00,110.77905933324195
2016-04-27 16:30:00,107.22863492352491
2016-04-27 16:40:00,109.92561673638315
2016-04-27 16:50:00,109.08975440578904
2016-04-27 17:00:00,117.57026219117068
2016-04-27 17:10:00,101.16211512117735
2016-04-27 17:20:00,99.13545797907157
2016-04-27 17:30:00,123.08545997950729
2016-04-27 17:40:00,197.6397312409665
2016-04-27 17:50:00,252.10772419288435
2016-04-27 18:00:00,188.52482698742642
2016-04-27 18:10:00,242.35192215068753
2016-04-27 18:20:00,234.5968317140787
2016-04-27 18:30:00,146.67927379839384
2016-04-27 18:40:00,115.50969325633646
2016-04-27 18:50:00,119.9120245159852
2016-04-27 19:00:00,124.68952664146934
2016-04-27 19:10:00,131.4779402726684
2016-04-27 19:20:00,99.69573240951681
2016-04-27 19:30:00,108.21048637397364
2016-04-27 19:40:00,122.33873845020072
2016-04-27 19:50:00,106.61230886076176
2016-04-27 20:00:00,96.68036599610728
2016-04-27 20:10:00,100.76666384451899
2016-04-27 20:20:00,93.87678128003179
2016-04-27 20:30:00,93.24767221412408
2016-04-27 20:40:00,95.844097194953
2016-04-27 20:50:00,90.52201595589796
2016-04-27 21:00:00,94.5872268846354
2016-04-27 21:10:00,92.00856922243746
2016-04-27 21:20:00,74.67881076291938
2016-04-27 21:30:00,60.56476099140727
2016-04-27 21:40:00,54.30808632195974
2016-04-27 21:50:00,52.05085138839277
2016-04-27 22:00:00,53.804133544788655
2016-04-27 22:10:00,55.3440834315786
2016-04-27 22:20:00,57.59247840287313
2016-04-27 22:30:00,54.59921318797251
2016-04-27 22:40:00,53.6357157502408
2016-04-27 22:50:00,57.75412005201342
2016-04-27 23:00:00,54.88763619958621
2016-04-27 23:10:00,48.275824859917634
2016-04-27 23:20:00,51.68126895096324
2016-04-27 23:30:00,55.2750658933312
2016-04-27 23:40:00,54.983848360622446
2016-04-27 23:50:00,53.921572149697965
2016-04-28 00:00:00,46.84185406822002
2016-04-28 00:10:00,44.78417593212387
2016-04-28 00:20:00,49.745629355206404
2016-04-28 00:30:00,44.24667714597549
2016-04-28 00:40:00,44.51449026608903
2016-04-28 00:50:00,52.53147009259264
2016-04-28 01:00:00,51.807996157074555
2016-04-28 01:10:00,51.27594861349391
2016-04-28 01:20:00,52.38223723995568
2016-04-28 01:30:00,43.707040941449655
2016-04-28 01:40:00,47.55380631917619
2016-04-28 01:50:00,50.34717694018738
2016-04-28 02:00:00,52.365760189135855
2016-04-28 02:10:00,48.34496603238179
2016-04-28 02:20:00,48.73680316331526
2016-04-28 02:30:00,49.142068943494515
2016-04-28 02:40:00,43.05576809066335
2016-04-28 02:50:00,42.049376200565064
2016-04-28 03:00:00,45.512390268533075
2016-04-28 03:10:00,51.04919012330831
2016-04-28 03:20:00,52.121895985918385
2016-04-28 03:30:00,50.041677493754975
2016-04-28 03:40:00,39.18390216081124
2016-04-28 03:50:00,44.01669786097298
2016-04-28 04:00:00,50.59746569863378
2016-04-28 04:10:00,48.31640925771645
2016-04-28 04:20:00,53.930358978477614
2016-04-28 04:30:00,51.96451469387894
2016-04-28 04:40:00,51.86002094621645
2016-04-28 04:50:00,51.18406673884043
2016-04-28 05:00:00,50.26383076609002
2016-04-28 05:10:00,52.674160018794964
2016-04-28 05:20:00,54.364945043350225
2016-04-28 05:30:00,58.271120010883344
2016-04-28 05:40:00,52.48186293603375
2016-04-28 05:50:00,44.71652062550331
2016-04-28 06:00:00,181.27542925468254
2016-04-28 06:10:00,89.01557800143941
2016-04-28 06:20:00,67.6331105931407
2016-04-28 06:30:00,61.72461946423649
2016-04-28 06:40:00,59.043313542154024
2016-04-28 06:50:00,62.52779642713128
2016-04-28 07:00:00,55.69855655833749
2016-04-28 07:10:00,72.4631829553847
2016-04-28 07:20:00,121.31083866695893
2016-04-28 07:30:00,128.30379610731617
2016-04-28 07:40:00,137.55067735532523
2016-04-28 07:50:00,165.23956634190435
2016-04-28 08:00:00,152.19393952559707
2016-04-28 08:10:00,89.17500221132181
2016-04-28 08:20:00,63.43715473059102
2016-04-28 08:30:00,60.61718753813147
2016-04-28 08:40:00,66.42045224612248
2016-04-28 08:50:00,62.62706894991179
2016-04-28 09:00:00,58.51783544165654
2016-04-28 09:10:00,61.81342476297069
2016-04-28 09:20:00,70.89953026099117
2016-04-28 09:30:00,59.96056832829753
2016-04-28 09:40:00,69.82754860636166
2016-04-28 09:50:00,91.38227247404843
2016-04-28 10:00:00,82.29673207348927
2016-04-28 10:10:00,83.2984787291607
2016-04-28 10:20:00,85.43811494119592
2016-04-28 10:30:00,70.51294351062985
2016-04-28 10:40:00,67.73198146993003
2016-04-28 10:50:00,82.050594347169
2016-04-28 11:00:00,81.02978737874703
2016-04-28 11:10:00,72.5113345702935
2016-04-28 11:20:00,67.30826331791621
2016-04-28 11:30:00,61.289125012721655
2016-04-28 11:40:00,69.41151867256251
2016-04-28 11:50:00,49.45529089531795
2016-04-28 12:00:00,53.207500860624535
2016-04-28 12:10:00,56.97632614515193
2016-04-28 12:20:00,59.80762136766534
2016-04-28 12:30:00,53.080523796129995
2016-04-28 12:40:00,41.87018557339487
2016-04-28 12:50:00,46.5437492999942
2016-04-28 13:00:00,54.47289198744811
2016-04-28 13:10:00,53.035434943712964
2016-04-28 13:20:00,59.88079500775936
2016-04-28 13:30:00,56.77662098323303
2016-04-28 13:40:00,52.44679499101334
2016-04-28 13:50:00,56.18468563279999
2016-04-28 14:00:00,57.08538287989704
2016-04-28 14:10:00,49.50178781104252
2016-04-28 14:20:00,42.69134800779561
2016-04-28 14:30:00,50.75419357452618
2016-04-28 14:40:00,54.72508044074743
2016-04-28 14:50:00,52.266115887610724
2016-04-28 15:00:00,48.274256909431195
2016-04-28 15:10:00,52.681736437170606
2016-04-28 15:20:00,73.28025527085725
2016-04-28 15:30:00,73.69105944597788
2016-04-28 15:40:00,63.709748179726446
2016-04-28 15:50:00,46.472081335110836
2016-04-28 16:00:00,47.22749687024505
2016-04-28 16:10:00,54.74795733511857
2016-04-28 16:20:00,99.12808509636596
2016-04-28 16:30:00,138.16631382578663
2016-04-28 16:40:00,125.89850092851185
2016-04-28 16:50:00,102.15291524634807
2016-04-28 17:00:00,105.49227501479477
2016-04-28 17:10:00,110.59399440495267
2016-04-28 17:20:00,121.90379357967758
2016-04-28 17:30:00,139.6382657596494
2016-04-28 17:40:00,230.85958826674704
2016-04-28 17:50:00,388.80814271769543
2016-04-28 18:00:00,349.2544960333009
2016-04-28 18:10:00,295.632005859637
2016-04-28 18:20:00,273.37591364854785
2016-04-28 18:30:00,294.8432490129685
2016-04-28 18:40:00,234.42535732563118
2016-04-28 18:50:00,212.41793753108234
2016-04-28 19:00:00,164.54695892264172
2016-04-28 19:10:00,179.5524221363175
2016-04-28 19:20:00,131.30396663101973
2016-04-28 19:30:00,127.238649142492
2016-04-28 19:40:00,124.0772188281322
2016-04-28 19:50:00,119.8843220886966
2016-04-28 20:00:00,118.36458061874188
2016-04-28 20:10:00,85.9729602880437
2016-04-28 20:20:00,96.71971956488008
2016-04-28 20:30:00,97.37564309235535
2016-04-28 20:40:00,104.7774262144455
2016-04-28 20:50:00,108.9033341997398
2016-04-28 21:00:00,93.58590067101457
2016-04-28 21:10:00,83.33639931386112
2016-04-28 21:20:00,69.90626638934467
2016-04-28 21:30:00,49.739938755932805
2016-04-28 21:40:00,49.954564034891575
2016-04-28 21:50:00,52.36242553582773
2016-04-28 22:00:00,48.95678770242394
2016-04-28 22:10:00,53.004026411740284
2016-04-28 22:20:00,53.70080391433679
2016-04-28 22:30:00,49.57666943682896
2016-04-28 22:40:00,50.51723936837112
2016-04-28 22:50:00,47.94072195929392
2016-04-28 23:00:00,43.0166083664701
2016-04-28 23:10:00,48.74600745490865
2016-04-28 23:20:00,51.46560422158549
2016-04-28 23:30:00,53.61599752961166
2016-04-28 23:40:00,51.03950179888872
2016-04-28 23:50:00,42.57814149434204
2016-04-29 00:00:00,41.840002774455286
2016-04-29 00:10:00,42.391235277247794
2016-04-29 00:20:00,43.005156554488636
2016-04-29 00:30:00,43.57423218079171
2016-04-29 00:40:00,52.72697943092578
2016-04-29 00:50:00,55.17280879262078
2016-04-29 01:00:00,53.74341196864857
2016-04-29 01:10:00,53.70612919362694
2016-04-29 01:20:00,51.27704097160766
2016-04-29 01:30:00,53.443141051485945
2016-04-29 01:40:00,49.92348769655336
2016-04-29 01:50:00,46.099871142508334
2016-04-29 02:00:00,46.31230857237344
2016-04-29 02:10:00,47.81315390017074
2016-04-29 02:20:00,48.0606631448968
2016-04-29 02:30:00,46.272077643374885
2016-04-29 02:40:00,45.179964705531845
2016-04-29 02:50:00,49.15805477474758
2016-04-29 03:00:00,46.30881655290317
2016-04-29 03:10:00,48.27408465324348
2016-04-29 03:20:00,44.86082845655282
2016-04-29 03:30:00,44.01718965305892
2016-04-29 03:40:00,45.51521924862336
2016-04-29 03:50:00,42.138748352306834
2016-04-29 04:00:00,44.24483298836263
2016-04-29 04:10:00,43.997990503697906
2016-04-29 04:20:00,50.83014360643356
2016-04-29 04:30:00,53.32197662080604
2016-04-29 04:40:00,54.130459421628544
2016-04-29 04:50:00,52.9850165580101
2016-04-29 05:00:00,50.98899502418173
2016-04-29 05:10:00,49.9296419648653
2016-04-29 05:20:00,49.954363638330015
2016-04-29 05:30:00,50.64477514061071
2016-04-29 05:40:00,50.943631808214235
2016-04-29 05:50:00,54.71994262343558
2016-04-29 06:00:00,53.591631118480535
2016-04-29 06:10:00,55.26860434069413
2016-04-29 06:20:00,55.93745433810392
2016-04-29 06:30:00,57.42091691992935
2016-04-29 06:40:00,70.10409772284758
2016-04-29 06:50:00,55.404695998673176
2016-04-29 07:00:00,50.962309869512055
2016-04-29 07:10:00,97.69571827717469
2016-04-29 07:20:00,158.83826471468748
2016-04-29 07:30:00,133.14738333597288
2016-04-29 07:40:00,176.55691251226588
2016-04-29 07:50:00,181.5202392946173
2016-04-29 08:00:00,201.8316998934632
2016-04-29 08:10:00,168.41112332960435
2016-04-29 08:20:00,116.96373782939611
2016-04-29 08:30:00,103.50704101120938
2016-04-29 08:40:00,129.6269793081707
2016-04-29 08:50:00,144.71100181172852
2016-04-29 09:00:00,160.35605882428356
2016-04-29 09:10:00,117.31885773877987
2016-04-29 09:20:00,113.99444052957516
2016-04-29 09:30:00,113.95603711380406
2016-04-29 09:40:00,107.07918540729352
2016-04-29 09:50:00,116.77658348978447
2016-04-29 10:00:00,103.57602230097817
2016-04-29 10:10:00,86.18015167313888
2016-04-29 10:20:00,71.9308052959322
2016-04-29 10:30:00,59.19144709501006
2016-04-29 10:40:00,56.52996604283417
2016-04-29 10:50:00,44.38449665187415
2016-04-29 11:00:00,52.39676781072173
2016-04-29 11:10:00,53.34935431885438
2016-04-29 11:20:00,57.627428937630526
2016-04-29 11:30:00,65.544032790076
2016-04-29 11:40:00,59.62441613337864
2016-04-29 11:50:00,170.9402660744852
2016-04-29 12:00:00,181.9239872800313
2016-04-29 12:10:00,210.53786680473968
2016-04-29 12:20:00,207.51075475021946
2016-04-29 12:30:00,181.94751870737966
2016-04-29 12:40:00,150.6444358885771
2016-04-29 12:50:00,106.11552996643849
2016-04-29 13:00:00,116.0629630775824
2016-04-29 13:10:00,126.96387262290791
2016-04-29 13:20:00,131.39655511534949
2016-04-29 13:30:00,142.79247278438942
2016-04-29 13:40:00,110.66624286711482
2016-04-29 13:50:00,294.9805984364071
2016-04-29 14:00:00,270.541122903606
2016-04-29 14:10:00,223.96549135124823
2016-04-29 14:20:00,259.8812601908628
2016-04-29 14:30:00,199.37432854002893
2016-04-29 14:40:00,153.65241255417868
2016-04-29 14:50:00,122.58532845655088
2016-04-29 15:00:00,117.44998918550279
2016-04-29 15:10:00,97.11182288071134
2016-04-29 15:20:00,81.36244833177534
2016-04-29 15:30:00,83.18366379547862
2016-04-29 15:40:00,88.55718689183587
2016-04-29 15:50:00,76.39924909244176
2016-04-29 16:00:00,58.139190835315695
2016-04-29 16:10:00,67.21102081327575
2016-04-29 16:20:00,66.23035625108498
2016-04-29 16:30:00,69.21939782341857
2016-04-29 16:40:00,80.52542861868606
2016-04-29 16:50:00,104.32922497399355
2016-04-29 17:00:00,84.00738037699557
2016-04-29 17:10:00,116.71113164105107
2016-04-29 17:20:00,158.5695300484993
2016-04-29 17:30:00,120.75807993706906
2016-04-29 17:40:00,111.67025204943374
2016-04-29 17:50:00,113.655233176427
2016-04-29 18:00:00,231.8011265379182
2016-04-29 18:10:00,195.1025686345845
2016-04-29 18:20:00,178.23878696277114
2016-04-29 18:30:00,126.20665159165787
2016-04-29 18:40:00,128.74749317513826
2016-04-29 18:50:00,125.0218578478106
2016-04-29 19:00:00,126.85449263575784
2016-04-29 19:10:00,133.57836284876936
2016-04-29 19:20:00,132.42767886442303
2016-04-29 19:30:00,131.90912123604008
2016-04-29 19:40:00,134.49716692276814
2016-04-29 19:50:00,115.72721996764926
2016-04-29 20:00:00,99.36106333825066
2016-04-29 20:10:00,97.27296377812434
2016-04-29 20:20:00,104.67560807095485
2016-04-29 20:30:00,97.4386845419193
2016-04-29 20:40:00,102.76205489011407
2016-04-29 20:50:00,95.56759160416982
2016-04-29 21:00:00,97.52431212639397
2016-04-29 21:10:00,85.50661253199988
2016-04-29 21:20:00,70.55252478678996
2016-04-29 21:30:00,62.86319301522998
2016-04-29 21:40:00,51.14587432416579
2016-04-29 21:50:00,51.629346913304545
2016-04-29 22:00:00,53.41713745180907
2016-04-29 22:10:00,53.45392799480998
2016-04-29 22:20:00,52.491943038943
2016-04-29 22:30:00,46.94838467072971
2016-04-29 22:40:00,47.77800603023117
2016-04-29 22:50:00,50.96709088132897
2016-04-29 23:00:00,49.23726012177641
2016-04-29 23:10:00,52.21853048855449
2016-04-29 23:20:00,55.463550132434406
2016-04-29 23:30:00,55.35246206653384
2016-04-29 23:40:00,48.72762625586344
2016-04-29 23:50:00,50.398256698198395
2016-04-30 00:00:00,44.8107838124059
2016-04-30 00:10:00,51.58910712364173
2016-04-30 00:20:00,52.31415895148774
2016-04-30 00:30:00,50.77631033808752
2016-04-30 00:40:00,44.75544769119625
2016-04-30 00:50:00,51.69610066481415
2016-04-30 01:00:00,52.413636376054946
2016-04-30 01:10:00,52.67382952108654
2016-04-30 01:20:00,48.722701651599905
2016-04-30 01:30:00,45.78275126374402
2016-04-30 01:40:00,42.71851281204466
2016-04-30 01:50:00,49.92593960387357
2016-04-30 02:00:00,50.662212843000354
2016-04-30 02:10:00,44.01392246599258
2016-04-30 02:20:00,48.85616013762459
2016-04-30 02:30:00,49.476164791990925
2016-04-30 02:40:00,52.07350751015201
2016-04-30 02:50:00,55.368009379648434
2016-04-30 03:00:00,53.71834311089245
2016-04-30 03:10:00,51.40743620131214
2016-04-30 03:20:00,45.11969000858709
2016-04-30 03:30:00,50.0522427598921
2016-04-30 03:40:00,50.18057514838492
2016-04-30 03:50:00,53.994111551028304
2016-04-30 04:00:00,54.577558656966794
2016-04-30 04:10:00,52.55840789454413
2016-04-30 04:20:00,50.232207607413685
2016-04-30 04:30:00,48.317467201767634
2016-04-30 04:40:00,40.280070892969
2016-04-30 04:50:00,47.2825810211805
2016-04-30 05:00:00,53.267041620904564
2016-04-30 05:10:00,53.95264219186895
2016-04-30 05:20:00,54.61883232784709
2016-04-30 05:30:00,50.26524004176282
2016-04-30 05:40:00,51.39912996607975
2016-04-30 05:50:00,48.53203733086736
2016-04-30 06:00:00,53.14960864133092
2016-04-30 06:10:00,51.83867969565329
2016-04-30 06:20:00,50.38710334900421
2016-04-30 06:30:00,47.71889024313215
2016-04-30 06:40:00,41.927565738866654
2016-04-30 06:50:00,52.21068757154709
2016-04-30 07:00:00,59.48398411940842
2016-04-30 07:10:00,64.4684889151475
2016-04-30 07:20:00,61.18399001802999
2016-04-30 07:30:00,61.740767074541935
2016-04-30 07:40:00,71.42034346251786
2016-04-30 07:50:00,80.86750597665203
2016-04-30 08:00:00,76.23674996672949
2016-04-30 08:10:00,68.1190565140522
2016-04-30 08:20:00,75.96150061990734
2016-04-30 08:30:00,111.94783625264142
2016-04-30 08:40:00,79.56501753570137
2016-04-30 08:50:00,119.81048637398163
2016-04-30 09:00:00,126.79597420502019
2016-04-30 09:10:00,152.47550587456413
2016-04-30 09:20:00,116.38174561698911
2016-04-30 09:30:00,98.989368547294
2016-04-30 09:40:00,117.538076366708
2016-04-30 09:50:00,143.02585983312622
2016-04-30 10:00:00,184.7752824337403
2016-04-30 10:10:00,151.23872795753542
2016-04-30 10:20:00,206.3070897450558
2016-04-30 10:30:00,190.09723138054295
2016-04-30 10:40:00,205.0941944466925
2016-04-30 10:50:00,177.43493509742325
2016-04-30 11:00:00,149.75685971596326
2016-04-30 11:10:00,120.77946108528546
2016-04-30 11:20:00,140.31554597912438
2016-04-30 11:30:00,124.25812421616584
2016-04-30 11:40:00,118.35387398932829
2016-04-30 11:50:00,108.48128647803517
2016-04-30 12:00:00,107.23360092636183
2016-04-30 12:10:00,130.15640452210772
2016-04-30 12:20:00,126.67223639334406
2016-04-30 12:30:00,107.72303904947077
2016-04-30 12:40:00,277.97878224842606
2016-04-30 12:50:00,284.4657226666609
2016-04-30 13:00:00,269.4899014621295
2016-04-30 13:10:00,264.0194293415606
2016-04-30 13:20:00,210.05575277117802
2016-04-30 13:30:00,197.57516076639317
2016-04-30 13:40:00,111.74821369006676
2016-04-30 13:50:00,100.91089250420849
2016-04-30 14:00:00,104.61987267221832
2016-04-30 14:10:00,106.47797009523795
2016-04-30 14:20:00,117.06240964799002
2016-04-30 14:30:00,121.17250153141153
2016-04-30 14:40:00,99.86947969157441
2016-04-30 14:50:00,81.01808377692664
2016-04-30 15:00:00,90.48073363811802
2016-04-30 15:10:00,104.46585524862073
2016-04-30 15:20:00,93.51800631994669
2016-04-30 15:30:00,97.19150795899333
2016-04-30 15:40:00,95.93889651977491
2016-04-30 15:50:00,192.27214919555323
2016-04-30 16:00:00,192.01695107306386
2016-04-30 16:10:00,140.03168514985464
2016-04-30 16:20:00,98.61509496522883
2016-04-30 16:30:00,168.34407892693991
2016-04-30 16:40:00,150.5678515182602
2016-04-30 16:50:00,175.74729040037317
2016-04-30 17:00:00,148.75079593603908
2016-04-30 17:10:00,117.3454362947403
2016-04-30 17:20:00,208.7007477261456
2016-04-30 17:30:00,201.41897217964595
2016-04-30 17:40:00,157.23528411477525
2016-04-30 17:50:00,157.38804537474007
2016-04-30 18:00:00,151.54601228666053
2016-04-30 18:10:00,152.06883101512852
2016-04-30 18:20:00,146.74976117223687
2016-04-30 18:30:00,143.18146686620645
2016-04-30 18:40:00,112.29539472121267
2016-04-30 18:50:00,95.5327189314699
2016-04-30 19:00:00,89.747080642056
2016-04-30 19:10:00,92.47498739988211
2016-04-30 19:20:00,91.95349914220492
2016-04-30 19:30:00,98.03669721701502
2016-04-30 19:40:00,79.91390960956853
2016-04-30 19:50:00,67.12084347244412
2016-04-30 20:00:00,76.4716756026212
2016-04-30 20:10:00,60.08287815979197
2016-04-30 20:20:00,73.90697019517393
2016-04-30 20:30:00,66.61529200270964
2016-04-30 20:40:00,55.87473172893934
2016-04-30 20:50:00,61.762840162073964
2016-04-30 21:00:00,58.05768926939008
2016-04-30 21:10:00,59.438857612739
2016-04-30 21:20:00,55.189612349551794
2016-04-30 21:30:00,51.84793106158234
2016-04-30 21:40:00,51.6706364745635
2016-04-30 21:50:00,50.625809244905824
2016-04-30 22:00:00,50.1501371804832
2016-04-30 22:10:00,48.65576122863329
2016-04-30 22:20:00,44.712538034402726
2016-04-30 22:30:00,52.16671889207955
2016-04-30 22:40:00,60.94460711903002
2016-04-30 22:50:00,103.61272842739372
2016-04-30 23:00:00,72.7375721364088
2016-04-30 23:10:00,53.60843893945604
2016-04-30 23:20:00,50.51033881537349
2016-04-30 23:30:00,52.44042784077244
2016-04-30 23:40:00,47.79082009047603
2016-04-30 23:50:00,55.666219117840626
2016-05-01 00:00:00,55.44197825390216
2016-05-01 00:10:00,57.519378140637194
2016-05-01 00:20:00,53.81825193208836
2016-05-01 00:30:00,52.93044910114687
2016-05-01 00:40:00,49.289680989576105
2016-05-01 00:50:00,48.78304535770783
2016-05-01 01:00:00,53.05647573667902
2016-05-01 01:10:00,49.2126589667153
2016-05-01 01:20:00,52.534094358326676
2016-05-01 01:30:00,51.3689638047308
2016-05-01 01:40:00,51.3343074938273
2016-05-01 01:50:00,46.15113670010208
2016-05-01 02:00:00,48.31634656544792
2016-05-01 02:10:00,46.8630176459021
2016-05-01 02:20:00,41.85023894772836
2016-05-01 02:30:00,49.28621293070489
2016-05-01 02:40:00,50.65909545751001
2016-05-01 02:50:00,52.86438167572857
2016-05-01 03:00:00,53.150196980614055
2016-05-01 03:10:00,53.94503373761412
2016-05-01 03:20:00,49.693039316843276
2016-05-01 03:30:00,50.51496363901262
2016-05-01 03:40:00,44.29103865159017
2016-05-01 03:50:00,39.05064577075484
2016-05-01 04:00:00,52.07277801276764
2016-05-01 04:10:00,56.073642304977525
2016-05-01 04:20:00,56.09478082807653
2016-05-01 04:30:00,54.37840051597378
2016-05-01 04:40:00,54.841892538992134
2016-05-01 04:50:00,52.28068469867794
2016-05-01 05:00:00,53.394396111273174
2016-05-01 05:10:00,52.226679044841944
2016-05-01 05:20:00,51.377743828070194
2016-05-01 05:30:00,52.2989203722291
2016-05-01 05:40:00,53.25580674114726
2016-05-01 05:50:00,53.02196347715338
2016-05-01 06:00:00,55.723013847776365
2016-05-01 06:10:00,52.07274217066905
2016-05-01 06:20:00,53.542634058248865
2016-05-01 06:30:00,54.83002222163691
2016-05-01 06:40:00,50.16394228987534
2016-05-01 06:50:00,50.244440867871575
2016-05-01 07:00:00,53.26395244377933
2016-05-01 07:10:00,55.48339348986541
2016-05-01 07:20:00,55.49365778742482
2016-05-01 07:30:00,58.51108547779419
2016-05-01 07:40:00,59.20827360883277
2016-05-01 07:50:00,68.04883171473229
2016-05-01 08:00:00,59.05577906261352
2016-05-01 08:10:00,59.233017315556005
2016-05-01 08:20:00,73.80301255487416
2016-05-01 08:30:00,80.7217276321644
2016-05-01 08:40:00,80.73672360597837
2016-05-01 08:50:00,78.07076352192993
2016-05-01 09:00:00,81.2412942434387
2016-05-01 09:10:00,104.85224574568137
2016-05-01 09:20:00,79.52699563702224
2016-05-01 09:30:00,68.54074809605602
2016-05-01 09:40:00,89.93887446565857
2016-05-01 09:50:00,75.7174409541213
2016-05-01 10:00:00,76.64672297706599
2016-05-01 10:10:00,69.99178202358118
2016-05-01 10:20:00,64.79443397678178
2016-05-01 10:30:00,82.59460048572639
2016-05-01 10:40:00,71.22674916502218
2016-05-01 10:50:00,70.13624547690387
2016-05-01 11:00:00,72.61452766711145
2016-05-01 11:10:00,75.01605193107977
2016-05-01 11:20:00,70.86619999082868
2016-05-01 11:30:00,69.10400648924853
2016-05-01 11:40:00,72.78957200334867
2016-05-01 11:50:00,80.55069897343643
2016-05-01 12:00:00,81.0808263503602
2016-05-01 12:10:00,80.82478576743195
2016-05-01 12:20:00,78.81994859946339
2016-05-01 12:30:00,86.35682555182294
2016-05-01 12:40:00,82.78762154563611
2016-05-01 12:50:00,90.06161473912735
2016-05-01 13:00:00,87.2791598076291
2016-05-01 13:10:00,99.50282679351662
2016-05-01 13:20:00,92.47702420563806
2016-05-01 13:30:00,99.23239212965989
2016-05-01 13:40:00,95.74377546171173
2016-05-01 13:50:00,84.69919211510542
2016-05-01 14:00:00,76.09837783926328
2016-05-01 14:10:00,74.2908933738968
2016-05-01 14:20:00,88.5943052884718
2016-05-01 14:30:00,84.09092586572612
2016-05-01 14:40:00,106.30825754560946
2016-05-01 14:50:00,100.94722611119258
2016-05-01 15:00:00,101.30371183443971
2016-05-01 15:10:00,119.60325796561153
2016-05-01 15:20:00,105.6088507720214
2016-05-01 15:30:00,109.04964446654772
2016-05-01 15:40:00,115.68630023700568
2016-05-01 15:50:00,132.26608962139852
2016-05-01 16:00:00,117.74440257495976
2016-05-01 16:10:00,104.99988338175223
2016-05-01 16:20:00,140.4673199534293
2016-05-01 16:30:00,247.75838811112925
2016-05-01 16:40:00,185.00494460228666
2016-05-01 16:50:00,107.21087956521602
2016-05-01 17:00:00,115.23854184761697
2016-05-01 17:10:00,183.00030314107562
2016-05-01 17:20:00,167.6598824433797
2016-05-01 17:30:00,171.86172483903735
2016-05-01 17:40:00,175.76492911378932
2016-05-01 17:50:00,176.72743737567384
2016-05-01 18:00:00,177.29633840948296
2016-05-01 18:10:00,159.45724841385328
2016-05-01 18:20:00,185.63454775667952
2016-05-01 18:30:00,172.22910480596386
2016-05-01 18:40:00,167.29558718820033
2016-05-01 18:50:00,127.39952876554517
2016-05-01 19:00:00,139.59753147486137
2016-05-01 19:10:00,147.89134881969952
2016-05-01 19:20:00,147.62324646284156
2016-05-01 19:30:00,136.53570376128238
2016-05-01 19:40:00,121.05540140577092
2016-05-01 19:50:00,134.44328030905538
2016-05-01 20:00:00,108.57869607772004
2016-05-01 20:10:00,106.78058835607672
2016-05-01 20:20:00,107.18974889706175
2016-05-01 20:30:00,105.78127488801863
2016-05-01 20:40:00,111.70953059703778
2016-05-01 20:50:00,103.42117912794286
2016-05-01 21:00:00,100.98277860442438
2016-05-01 21:10:00,92.12103053881233
2016-05-01 21:20:00,84.41232834165855
2016-05-01 21:30:00,80.41205387822411
2016-05-01 21:40:00,56.51874113099533
2016-05-01 21:50:00,57.43924846060406
2016-05-01 22:00:00,58.86917709413581
2016-05-01 22:10:00,57.136878856735606
2016-05-01 22:20:00,56.439059747677675
2016-05-01 22:30:00,60.95404992871024
2016-05-01 22:40:00,58.73522498520327
2016-05-01 22:50:00,51.578524578804625
2016-05-01 23:00:00,47.5822303009648
2016-05-01 23:10:00,43.71786889306156
2016-05-01 23:20:00,49.06584580022139
2016-05-01 23:30:00,49.67893244037615
2016-05-01 23:40:00,54.88745303487187
2016-05-01 23:50:00,57.266514182699865
2016-05-02 00:00:00,55.75375135304912
2016-05-02 00:10:00,50.201568074490616
2016-05-02 00:20:00,48.65853874917587
2016-05-02 00:30:00,52.123816403371706
2016-05-02 00:40:00,55.09148452264744
2016-05-02 00:50:00,53.58258623210989
2016-05-02 01:00:00,53.66196168855516
2016-05-02 01:10:00,53.42542845301119
2016-05-02 01:20:00,52.07846245425261
2016-05-02 01:30:00,46.03832289473789
2016-05-02 01:40:00,44.01751692131516
2016-05-02 01:50:00,48.014634371283954
2016-05-02 02:00:00,50.7936813453204
2016-05-02 02:10:00,51.139036627392485
2016-05-02 02:20:00,38.54845569704236
2016-05-02 02:30:00,47.53264384651106
2016-05-02 02:40:00,52.217612955542265
2016-05-02 02:50:00,54.972616042859315
2016-05-02 03:00:00,56.18067734391521
2016-05-02 03:10:00,51.07853900924172
2016-05-02 03:20:00,51.6478657977059
2016-05-02 03:30:00,52.693300373091965
2016-05-02 03:40:00,52.422589423807054
2016-05-02 03:50:00,53.70897730620506
2016-05-02 04:00:00,53.30341141300209
2016-05-02 04:10:00,48.36851448112476
2016-05-02 04:20:00,45.21320195702954
2016-05-02 04:30:00,47.84011154243497
2016-05-02 04:40:00,50.554983649826916
2016-05-02 04:50:00,51.21158964901688
2016-05-02 05:00:00,53.34198590397849
2016-05-02 05:10:00,50.06746788856243
2016-05-02 05:20:00,53.927488430720686
2016-05-02 05:30:00,55.229471978352336
2016-05-02 05:40:00,44.62973597401204
2016-05-02 05:50:00,42.19681917148559
2016-05-02 06:00:00,151.34763953279125
2016-05-02 06:10:00,90.42640474487884
2016-05-02 06:20:00,67.74116521591434
2016-05-02 06:30:00,64.16459523767763
2016-05-02 06:40:00,74.91462004230061
2016-05-02 06:50:00,75.23257625053087
2016-05-02 07:00:00,69.55467204818383
2016-05-02 07:10:00,91.91573835236191
2016-05-02 07:20:00,118.9090646210596
2016-05-02 07:30:00,130.5991708152231
2016-05-02 07:40:00,132.98778078509818
2016-05-02 07:50:00,153.27258512726732
2016-05-02 08:00:00,161.7486065150632
2016-05-02 08:10:00,85.30391204412132
2016-05-02 08:20:00,61.05347003111411
2016-05-02 08:30:00,53.00337530070926
2016-05-02 08:40:00,53.438350664137424
2016-05-02 08:50:00,50.792755457764194
2016-05-02 09:00:00,51.64017808051981
2016-05-02 09:10:00,52.32780240325746
2016-05-02 09:20:00,52.02297874898023
2016-05-02 09:30:00,54.53543313130048
2016-05-02 09:40:00,49.97747313838017
2016-05-02 09:50:00,58.849261709634305
2016-05-02 10:00:00,51.78429797313028
2016-05-02 10:10:00,49.390222684843856
2016-05-02 10:20:00,56.685814192862374
2016-05-02 10:30:00,53.66707361755684
2016-05-02 10:40:00,52.38012723194825
2016-05-02 10:50:00,52.26635076856396
2016-05-02 11:00:00,53.34276307025418
2016-05-02 11:10:00,56.61578026590991
2016-05-02 11:20:00,52.505867923973675
2016-05-02 11:30:00,54.89252303379545
2016-05-02 11:40:00,52.98202278099517
2016-05-02 11:50:00,52.25954387296357
2016-05-02 12:00:00,53.47787693510319
2016-05-02 12:10:00,53.890034499583884
2016-05-02 12:20:00,58.6993662083936
2016-05-02 12:30:00,66.400911286043
2016-05-02 12:40:00,73.77394498572669
2016-05-02 12:50:00,82.97274399476534
2016-05-02 13:00:00,78.94700026703103
2016-05-02 13:10:00,78.27821133645163
2016-05-02 13:20:00,62.75285777362915
2016-05-02 13:30:00,71.44130962597707
2016-05-02 13:40:00,66.54501119958293
2016-05-02 13:50:00,78.59083635741989
2016-05-02 14:00:00,74.08217156071905
2016-05-02 14:10:00,85.51581952821654
2016-05-02 14:20:00,83.91421985000815
2016-05-02 14:30:00,76.96049714526414
2016-05-02 14:40:00,79.4874912737833
2016-05-02 14:50:00,80.29788325197859
2016-05-02 15:00:00,74.73293765228424
2016-05-02 15:10:00,81.41176513195352
2016-05-02 15:20:00,96.34183523667627
2016-05-02 15:30:00,95.26097223258863
2016-05-02 15:40:00,89.29794366668482
2016-05-02 15:50:00,88.91542869803476
2016-05-02 16:00:00,83.90526424601369
2016-05-02 16:10:00,91.88707727490029
2016-05-02 16:20:00,79.71638771049355
2016-05-02 16:30:00,58.38170764747066
2016-05-02 16:40:00,65.15171440216886
2016-05-02 16:50:00,86.32665805394295
2016-05-02 17:00:00,105.31165095872393
2016-05-02 17:10:00,234.99272443206632
2016-05-02 17:20:00,212.4953745159102
2016-05-02 17:30:00,200.82081608208296
2016-05-02 17:40:00,191.56849506687723
2016-05-02 17:50:00,177.9962307906526
2016-05-02 18:00:00,147.7741512001656
2016-05-02 18:10:00,158.08088130736525
2016-05-02 18:20:00,123.5354256554972
2016-05-02 18:30:00,129.712370589908
2016-05-02 18:40:00,138.36874302950562
2016-05-02 18:50:00,151.87129660794548
2016-05-02 19:00:00,143.73194147536432
2016-05-02 19:10:00,127.26124473073253
2016-05-02 19:20:00,122.33891484068317
2016-05-02 19:30:00,112.62455738755497
2016-05-02 19:40:00,109.62441154393572
2016-05-02 19:50:00,109.40037118905893
2016-05-02 20:00:00,106.79748515772033
2016-05-02 20:10:00,107.04108271829985
2016-05-02 20:20:00,105.47972388293891
2016-05-02 20:30:00,102.86049034256696
2016-05-02 20:40:00,99.32805503337937
2016-05-02 20:50:00,87.50196599253306
2016-05-02 21:00:00,72.9977751927183
2016-05-02 21:10:00,58.94753080360913
2016-05-02 21:20:00,52.39006938589133
2016-05-02 21:30:00,55.617019927966645
2016-05-02 21:40:00,56.14874828117616
2016-05-02 21:50:00,63.654865005269784
2016-05-02 22:00:00,60.32969144693802
2016-05-02 22:10:00,55.70387584209909
2016-05-02 22:20:00,58.7192281552151
2016-05-02 22:30:00,57.04217045764926
2016-05-02 22:40:00,61.30009166433307
2016-05-02 22:50:00,55.522686848579106
2016-05-02 23:00:00,63.59284701937678
2016-05-02 23:10:00,58.05895031963426
2016-05-02 23:20:00,52.178431728515235
2016-05-02 23:30:00,52.44097132248463
2016-05-02 23:40:00,43.0457863582043
2016-05-02 23:50:00,43.994068719866235
2016-05-03 00:00:00,50.00681546841061
2016-05-03 00:10:00,52.818812383765156
2016-05-03 00:20:00,49.57801360915713
2016-05-03 00:30:00,54.13708926059183
2016-05-03 00:40:00,55.69523324474949
2016-05-03 00:50:00,54.53240301139966
2016-05-03 01:00:00,52.8214571501436
2016-05-03 01:10:00,47.07572096118008
2016-05-03 01:20:00,42.34153695486182
2016-05-03 01:30:00,38.90932453949011
2016-05-03 01:40:00,51.22698209596047
2016-05-03 01:50:00,55.40478674801213
2016-05-03 02:00:00,56.693168457625035
2016-05-03 02:10:00,56.901845022472365
2016-05-03 02:20:00,55.91248745158981
2016-05-03 02:30:00,54.793375805844235
2016-05-03 02:40:00,54.00799370535298
2016-05-03 02:50:00,50.90362763962349
2016-05-03 03:00:00,50.13797112547587
2016-05-03 03:10:00,47.04855151452154
2016-05-03 03:20:00,52.09994063106269
2016-05-03 03:30:00,53.5584449624506
2016-05-03 03:40:00,52.2434959925986
2016-05-03 03:50:00,53.39330056536735
2016-05-03 04:00:00,49.75222584657701
2016-05-03 04:10:00,51.36477404702342
2016-05-03 04:20:00,43.33871497166391
2016-05-03 04:30:00,47.53180324626373
2016-05-03 04:40:00,52.192803280353424
2016-05-03 04:50:00,53.16810297624743
2016-05-03 05:00:00,52.18470005345237
2016-05-03 05:10:00,53.776608359954615
2016-05-03 05:20:00,57.15654094275898
2016-05-03 05:30:00,56.81057271947632
2016-05-03 05:40:00,40.80542996211091
2016-05-03 05:50:00,48.930526783145126
2016-05-03 06:00:00,64.00483135970174
2016-05-03 06:10:00,62.294643600055096
2016-05-03 06:20:00,61.84351797747731
2016-05-03 06:30:00,78.68825441165562
2016-05-03 06:40:00,70.86866527681643
2016-05-03 06:50:00,56.64378179591866
2016-05-03 07:00:00,58.893539941411355
2016-05-03 07:10:00,64.6026748191723
2016-05-03 07:20:00,62.052535600022736
2016-05-03 07:30:00,52.61730172987816
2016-05-03 07:40:00,50.149619027958785
2016-05-03 07:50:00,53.918214455506664
2016-05-03 08:00:00,59.1508589841326
2016-05-03 08:10:00,58.95806018330596
2016-05-03 08:20:00,64.40017194348121
2016-05-03 08:30:00,56.50381530031294
2016-05-03 08:40:00,55.886981229095625
2016-05-03 08:50:00,49.19101473179027
2016-05-03 09:00:00,48.38620379222487
2016-05-03 09:10:00,51.48624641564413
2016-05-03 09:20:00,43.88822584842007
2016-05-03 09:30:00,47.44111945848093
2016-05-03 09:40:00,49.34526647132754
2016-05-03 09:50:00,57.04044807105309
2016-05-03 10:00:00,62.54388070039375
2016-05-03 10:10:00,60.78105225117954
2016-05-03 10:20:00,55.22525032722712
2016-05-03 10:30:00,55.89768616629643
2016-05-03 10:40:00,53.750011574753366
2016-05-03 10:50:00,48.57544610777155
2016-05-03 11:00:00,56.80319315569848
2016-05-03 11:10:00,57.209653934804926
2016-05-03 11:20:00,55.93087941260618
2016-05-03 11:30:00,56.366473243146714
2016-05-03 11:40:00,55.361298701300605
2016-05-03 11:50:00,48.43614387035284
2016-05-03 12:00:00,47.79750752909876
2016-05-03 12:10:00,52.23574033412966
2016-05-03 12:20:00,54.0895120530706
2016-05-03 12:30:00,57.75549365967636
2016-05-03 12:40:00,48.7636639891474
2016-05-03 12:50:00,56.60531323482411
2016-05-03 13:00:00,62.260312067259974
2016-05-03 13:10:00,52.45172745304721
2016-05-03 13:20:00,54.72563276770588
2016-05-03 13:30:00,45.75639425130794
2016-05-03 13:40:00,43.347570371756454
2016-05-03 13:50:00,49.587090218841674
2016-05-03 14:00:00,50.30842704761191
2016-05-03 14:10:00,64.14222285844362
2016-05-03 14:20:00,61.031311284079905
2016-05-03 14:30:00,67.7635006347136
2016-05-03 14:40:00,61.02916003593112
2016-05-03 14:50:00,55.83074138068838
2016-05-03 15:00:00,50.65021224861047
2016-05-03 15:10:00,51.33221395943173
2016-05-03 15:20:00,50.41606052231622
2016-05-03 15:30:00,55.272778948668865
2016-05-03 15:40:00,56.72451423124411
2016-05-03 15:50:00,53.19073248543116
2016-05-03 16:00:00,56.26021638746132
2016-05-03 16:10:00,50.42856650346837
2016-05-03 16:20:00,54.22641018066458
2016-05-03 16:30:00,56.67815268331257
2016-05-03 16:40:00,55.72396928387747
2016-05-03 16:50:00,54.74091413938281
2016-05-03 17:00:00,90.58763087770548
2016-05-03 17:10:00,87.62755723479385
2016-05-03 17:20:00,141.4703648691095
2016-05-03 17:30:00,246.22181780823672
2016-05-03 17:40:00,218.72354525836747
2016-05-03 17:50:00,176.66303025477902
2016-05-03 18:00:00,177.63292668919766
2016-05-03 18:10:00,130.8202029835913
2016-05-03 18:20:00,129.3089538664711
2016-05-03 18:30:00,121.82061496519927
2016-05-03 18:40:00,119.85081198200318
2016-05-03 18:50:00,132.44374571848613
2016-05-03 19:00:00,134.72387803889072
2016-05-03 19:10:00,142.26094804196558
2016-05-03 19:20:00,127.2632319063805
2016-05-03 19:30:00,129.41026363340666
2016-05-03 19:40:00,124.8327209277323
2016-05-03 19:50:00,99.22071016924782
2016-05-03 20:00:00,97.72443031616716
2016-05-03 20:10:00,103.7669025523321
2016-05-03 20:20:00,97.63973775052037
2016-05-03 20:30:00,104.26784260278714
2016-05-03 20:40:00,97.65760009185594
2016-05-03 20:50:00,97.80451874360486
2016-05-03 21:00:00,91.99843113027532
2016-05-03 21:10:00,84.81484674874662
2016-05-03 21:20:00,58.9559903627833
2016-05-03 21:30:00,51.286646814221896
2016-05-03 21:40:00,49.78313714934564
2016-05-03 21:50:00,54.16362097310721
2016-05-03 22:00:00,54.669276059896205
2016-05-03 22:10:00,50.42567568055995
2016-05-03 22:20:00,51.675340363947186
2016-05-03 22:30:00,53.02514296841428
2016-05-03 22:40:00,53.52766819811912
2016-05-03 22:50:00,49.28800686217273
2016-05-03 23:00:00,44.716242759051326
2016-05-03 23:10:00,55.52351765634777
2016-05-03 23:20:00,56.086261207894196
2016-05-03 23:30:00,53.17894519298633
2016-05-03 23:40:00,45.85454932149687
2016-05-03 23:50:00,42.26956619586945
2016-05-04 00:00:00,52.11784434388343
2016-05-04 00:10:00,54.14116458695721
2016-05-04 00:20:00,53.014833641344914
2016-05-04 00:30:00,53.671545318688274
2016-05-04 00:40:00,55.43247435272285
2016-05-04 00:50:00,53.007515942848485
2016-05-04 01:00:00,50.37797504299016
2016-05-04 01:10:00,52.8652440246733
2016-05-04 01:20:00,53.80167778705763
2016-05-04 01:30:00,49.299345270135454
2016-05-04 01:40:00,50.77677313280443
2016-05-04 01:50:00,48.49173358338445
2016-05-04 02:00:00,47.49676163385422
2016-05-04 02:10:00,48.57706894060408
2016-05-04 02:20:00,49.68690558495634
2016-05-04 02:30:00,45.55080591260844
2016-05-04 02:40:00,52.73997811611323
2016-05-04 02:50:00,55.061338426914176
2016-05-04 03:00:00,53.854494299471625
2016-05-04 03:10:00,51.70456284935893
2016-05-04 03:20:00,44.78775913548464
2016-05-04 03:30:00,44.488538771427145
2016-05-04 03:40:00,48.75888802263819
2016-05-04 03:50:00,39.598415572296126
2016-05-04 04:00:00,46.086984900736965
2016-05-04 04:10:00,53.49747817582743
2016-05-04 04:20:00,54.32223563770893
2016-05-04 04:30:00,57.31836534891163
2016-05-04 04:40:00,56.032493234298755
2016-05-04 04:50:00,56.21568581351661
2016-05-04 05:00:00,49.78866916582367
2016-05-04 05:10:00,53.94080703126978
2016-05-04 05:20:00,58.758054341339836
2016-05-04 05:30:00,58.789115887902526
2016-05-04 05:40:00,57.23850397187061
2016-05-04 05:50:00,55.85047212988155
2016-05-04 06:00:00,57.67237533079174
2016-05-04 06:10:00,47.924482722488214
2016-05-04 06:20:00,54.51436359801019
2016-05-04 06:30:00,151.12815372839052
2016-05-04 06:40:00,79.1660559742487
2016-05-04 06:50:00,62.494785000043485
2016-05-04 07:00:00,60.61743721353356
2016-05-04 07:10:00,58.405094529121754
2016-05-04 07:20:00,60.446139844273844
2016-05-04 07:30:00,51.008916644288355
2016-05-04 07:40:00,58.340028368570636
2016-05-04 07:50:00,66.4081886073819
2016-05-04 08:00:00,68.73614814820156
2016-05-04 08:10:00,86.00863258110957
2016-05-04 08:20:00,77.84628318569517
2016-05-04 08:30:00,106.35084392063708
2016-05-04 08:40:00,82.68261148381816
2016-05-04 08:50:00,65.48663114103014
2016-05-04 09:00:00,63.45530960128528
2016-05-04 09:10:00,68.17948251576352
2016-05-04 09:20:00,69.90303734305941
2016-05-04 09:30:00,60.98290900537506
2016-05-04 09:40:00,61.78064987338404
2016-05-04 09:50:00,63.88973513832269
2016-05-04 10:00:00,60.30232491414563
2016-05-04 10:10:00,73.96614020897651
2016-05-04 10:20:00,78.8044237356478
2016-05-04 10:30:00,73.8798428638279
2016-05-04 10:40:00,66.66392605779824
2016-05-04 10:50:00,91.88530054966587
2016-05-04 11:00:00,81.068822858503
2016-05-04 11:10:00,61.97255757589967
2016-05-04 11:20:00,69.53823179217079
2016-05-04 11:30:00,62.23026919792887
2016-05-04 11:40:00,80.06569457746896
2016-05-04 11:50:00,74.08946424496331
2016-05-04 12:00:00,73.4397412840477
2016-05-04 12:10:00,71.3090248677438
2016-05-04 12:20:00,56.99902359197524
2016-05-04 12:30:00,62.78006343650504
2016-05-04 12:40:00,57.32395939725736
2016-05-04 12:50:00,59.716834856812916
2016-05-04 13:00:00,66.15802504088934
2016-05-04 13:10:00,64.62051678679254
2016-05-04 13:20:00,71.48719936799391
2016-05-04 13:30:00,64.39204047351393
2016-05-04 13:40:00,60.9020671164249
2016-05-04 13:50:00,60.039311343379914
2016-05-04 14:00:00,57.32038674368899
2016-05-04 14:10:00,65.49046500521747
2016-05-04 14:20:00,59.219065284621955
2016-05-04 14:30:00,69.65604845271423
2016-05-04 14:40:00,71.50819388807238
2016-05-04 14:50:00,67.05459923288095
2016-05-04 15:00:00,75.42591092036008
2016-05-04 15:10:00,70.59663096344066
2016-05-04 15:20:00,76.31321551897052
2016-05-04 15:30:00,69.60589224765471
2016-05-04 15:40:00,67.81584189722565
2016-05-04 15:50:00,53.17549300920616
2016-05-04 16:00:00,61.52426533243702
2016-05-04 16:10:00,83.56420740412844
2016-05-04 16:20:00,89.3940840540064
2016-05-04 16:30:00,87.27310349248411
2016-05-04 16:40:00,78.27312523202062
2016-05-04 16:50:00,79.4042229048416
2016-05-04 17:00:00,72.56497070452114
2016-05-04 17:10:00,81.24248919488986
2016-05-04 17:20:00,109.64603531095376
2016-05-04 17:30:00,143.2314098339652
2016-05-04 17:40:00,224.30694463322905
2016-05-04 17:50:00,179.58516081600018
2016-05-04 18:00:00,167.90896341784742
2016-05-04 18:10:00,144.58535319969167
2016-05-04 18:20:00,159.45380633134045
2016-05-04 18:30:00,136.13394894659788
2016-05-04 18:40:00,200.13178470779303
2016-05-04 18:50:00,133.13293155631513
2016-05-04 19:00:00,122.60698137215851
2016-05-04 19:10:00,126.83584853052488
2016-05-04 19:20:00,134.8675361002889
2016-05-04 19:30:00,132.52332927630098
2016-05-04 19:40:00,116.20823931683786
2016-05-04 19:50:00,122.756317852115
2016-05-04 20:00:00,110.82585882799532
2016-05-04 20:10:00,108.71059606923433
2016-05-04 20:20:00,96.86719711749622
2016-05-04 20:30:00,96.38866407135687
2016-05-04 20:40:00,106.41407670140399
2016-05-04 20:50:00,106.27497365858926
2016-05-04 21:00:00,104.31265230724931
2016-05-04 21:10:00,96.26105267866816
2016-05-04 21:20:00,76.52144139753304
2016-05-04 21:30:00,71.72541232404598
2016-05-04 21:40:00,67.67977492890489
2016-05-04 21:50:00,58.90165992057819
2016-05-04 22:00:00,61.6857521627978
2016-05-04 22:10:00,54.09734844819279
2016-05-04 22:20:00,49.23010997954944
2016-05-04 22:30:00,57.68066893187683
2016-05-04 22:40:00,55.00944360096087
2016-05-04 22:50:00,57.9255001248691
2016-05-04 23:00:00,55.66326798707231
2016-05-04 23:10:00,53.98174652624122
2016-05-04 23:20:00,58.33518071519895
2016-05-04 23:30:00,55.199231628884654
2016-05-04 23:40:00,52.718923937831015
2016-05-04 23:50:00,56.79071652200933
2016-05-05 00:00:00,54.1048564996874
2016-05-05 00:10:00,55.40515983016189
2016-05-05 00:20:00,47.57268561310877
2016-05-05 00:30:00,47.680684997310685
2016-05-05 00:40:00,44.24895997929124
2016-05-05 00:50:00,54.433754760237974
2016-05-05 01:00:00,57.89562423616953
2016-05-05 01:10:00,56.519478041433466
2016-05-05 01:20:00,55.0456307882111
2016-05-05 01:30:00,55.94015509508632
2016-05-05 01:40:00,56.033098169361
2016-05-05 01:50:00,55.017092632532744
2016-05-05 02:00:00,54.16133975216355
2016-05-05 02:10:00,50.66114154118897
2016-05-05 02:20:00,49.80711761012182
2016-05-05 02:30:00,51.9039902871693
2016-05-05 02:40:00,48.95541439595852
2016-05-05 02:50:00,52.22165529338295
2016-05-05 03:00:00,55.33810744817738
2016-05-05 03:10:00,55.08665938977871
2016-05-05 03:20:00,53.34822729470025
2016-05-05 03:30:00,51.70948753663069
2016-05-05 03:40:00,51.229915888319596
2016-05-05 03:50:00,46.24471485412065
2016-05-05 04:00:00,45.370018307169374
2016-05-05 04:10:00,48.84926424656999
2016-05-05 04:20:00,47.68837084298366
2016-05-05 04:30:00,52.723677695811226
2016-05-05 04:40:00,56.520783938468846
2016-05-05 04:50:00,54.21591658892085
2016-05-05 05:00:00,54.421957990679275
2016-05-05 05:10:00,50.28480487083371
2016-05-05 05:20:00,40.430590869797136
2016-05-05 05:30:00,40.5385105905473
2016-05-05 05:40:00,53.767578515467
2016-05-05 05:50:00,57.27553868044366
2016-05-05 06:00:00,58.947401013927724
2016-05-05 06:10:00,61.51766987638304
2016-05-05 06:20:00,61.74244823989639
2016-05-05 06:30:00,59.98667993515683
2016-05-05 06:40:00,55.4001699205901
2016-05-05 06:50:00,58.15124189277785
2016-05-05 07:00:00,56.58429222974092
2016-05-05 07:10:00,60.18342312934341
2016-05-05 07:20:00,98.8829415657812
2016-05-05 07:30:00,111.6624105143611
2016-05-05 07:40:00,83.90853605209014
2016-05-05 07:50:00,71.81206107803648
2016-05-05 08:00:00,103.16968158257859
2016-05-05 08:10:00,96.87755490952291
2016-05-05 08:20:00,111.82446333674474
2016-05-05 08:30:00,104.4581003671341
2016-05-05 08:40:00,192.04268577772422
2016-05-05 08:50:00,364.2475006390927
2016-05-05 09:00:00,356.43069433903634
2016-05-05 09:10:00,233.90744590566825
2016-05-05 09:20:00,109.64091906244647
2016-05-05 09:30:00,80.76822370255637
2016-05-05 09:40:00,83.84751317716962
2016-05-05 09:50:00,78.05985898410515
2016-05-05 10:00:00,70.15124717696926
2016-05-05 10:10:00,76.73958729261719
2016-05-05 10:20:00,136.51493773639595
2016-05-05 10:30:00,108.00517468521149
2016-05-05 10:40:00,116.51331831874674
2016-05-05 10:50:00,128.09256285260835
2016-05-05 11:00:00,124.6322785930086
2016-05-05 11:10:00,110.72546629491772
2016-05-05 11:20:00,107.64655290525059
2016-05-05 11:30:00,117.932693239443
2016-05-05 11:40:00,113.80295755587125
2016-05-05 11:50:00,112.22421069442083
2016-05-05 12:00:00,112.77955050892561
2016-05-05 12:10:00,108.53698387775133
2016-05-05 12:20:00,105.79866839523815
2016-05-05 12:30:00,146.78223470335655
2016-05-05 12:40:00,138.6748561253943
2016-05-05 12:50:00,104.32562236235567
2016-05-05 13:00:00,103.9560839852475
2016-05-05 13:10:00,106.79430770594028
2016-05-05 13:20:00,73.38578031172217
2016-05-05 13:30:00,59.806054850217585
2016-05-05 13:40:00,62.27432020005544
2016-05-05 13:50:00,53.79324784264188
2016-05-05 14:00:00,71.01159139869779
2016-05-05 14:10:00,64.83933566118517
2016-05-05 14:20:00,60.88204950824049
2016-05-05 14:30:00,55.78855935140856
2016-05-05 14:40:00,54.55806663753464
2016-05-05 14:50:00,52.54539037726161
2016-05-05 15:00:00,52.03070130455118
2016-05-05 15:10:00,54.24860498506096
2016-05-05 15:20:00,55.13964494808546
2016-05-05 15:30:00,64.86021213866137
2016-05-05 15:40:00,58.09021068127316
2016-05-05 15:50:00,53.53231155152901
2016-05-05 16:00:00,52.92370193637771
2016-05-05 16:10:00,49.53641909430171
2016-05-05 16:20:00,51.01416479465913
2016-05-05 16:30:00,53.33078083355059
2016-05-05 16:40:00,59.03987169667135
2016-05-05 16:50:00,51.65594371105888
2016-05-05 17:00:00,58.633981286771316
2016-05-05 17:10:00,57.053887270828056
2016-05-05 17:20:00,60.5007900085665
2016-05-05 17:30:00,57.57284577184292
2016-05-05 17:40:00,64.92040522983181
2016-05-05 17:50:00,238.41278355035948
2016-05-05 18:00:00,208.70108094774938
2016-05-05 18:10:00,212.9773320075622
2016-05-05 18:20:00,180.34967504094638
2016-05-05 18:30:00,151.9408111005013
2016-05-05 18:40:00,122.74651018076037
2016-05-05 18:50:00,130.01903413229823
2016-05-05 19:00:00,135.48514070866173
2016-05-05 19:10:00,132.3301795712279
2016-05-05 19:20:00,111.51127676454438
2016-05-05 19:30:00,126.82787063900889
2016-05-05 19:40:00,110.50681043896203
2016-05-05 19:50:00,85.95945718792221
2016-05-05 20:00:00,87.18154318080254
2016-05-05 20:10:00,80.923461412061
2016-05-05 20:20:00,85.94612197635804
2016-05-05 20:30:00,87.5715959168733
2016-05-05 20:40:00,85.09276727769978
2016-05-05 20:50:00,85.79096330691834
2016-05-05 21:00:00,96.98938694960998
2016-05-05 21:10:00,82.8954120924336
2016-05-05 21:20:00,73.36936916047325
2016-05-05 21:30:00,73.66627179762351
2016-05-05 21:40:00,57.97851057361639
2016-05-05 21:50:00,46.22373837506691
2016-05-05 22:00:00,47.886349296962734
2016-05-05 22:10:00,57.42286760056182
2016-05-05 22:20:00,56.0793403068907
2016-05-05 22:30:00,49.20992225954176
2016-05-05 22:40:00,56.989516673483834
2016-05-05 22:50:00,52.55728237872855
2016-05-05 23:00:00,53.73166209379565
2016-05-05 23:10:00,50.01644732174075
2016-05-05 23:20:00,49.30663117142814
2016-05-05 23:30:00,56.05156536990353
2016-05-05 23:40:00,52.87737400797918
2016-05-05 23:50:00,49.42861166749234
2016-05-06 00:00:00,53.68609988262128
2016-05-06 00:10:00,54.14580760609372
2016-05-06 00:20:00,48.59700024130845
2016-05-06 00:30:00,46.394319126649584
2016-05-06 00:40:00,39.27573412963866
2016-05-06 00:50:00,51.94568251005158
2016-05-06 01:00:00,56.17446385894217
2016-05-06 01:10:00,56.26631065679189
2016-05-06 01:20:00,56.73487906879742
2016-05-06 01:30:00,53.4317421354186
2016-05-06 01:40:00,54.12298510841164
2016-05-06 01:50:00,54.39163260903065
2016-05-06 02:00:00,53.62601687716903
2016-05-06 02:10:00,52.75578377461421
2016-05-06 02:20:00,47.902342753531954
2016-05-06 02:30:00,42.9939471555575
2016-05-06 02:40:00,50.25506439378443
2016-05-06 02:50:00,55.433834036653266
2016-05-06 03:00:00,50.78654215175693
2016-05-06 03:10:00,53.198474403304004
2016-05-06 03:20:00,54.078582794662665
2016-05-06 03:30:00,53.081282184168614
2016-05-06 03:40:00,47.447339399100656
2016-05-06 03:50:00,50.11060808073311
2016-05-06 04:00:00,55.86958393002534
2016-05-06 04:10:00,49.91305020431261
2016-05-06 04:20:00,45.13105985315897
2016-05-06 04:30:00,46.71851515309123
2016-05-06 04:40:00,51.52642836557047
2016-05-06 04:50:00,49.405220345786084
2016-05-06 05:00:00,55.20253814806947
2016-05-06 05:10:00,54.60226131085597
2016-05-06 05:20:00,54.80558749581856
2016-05-06 05:30:00,49.92127056187458
2016-05-06 05:40:00,47.19981082244146
2016-05-06 05:50:00,50.13551104097338
2016-05-06 06:00:00,49.19696083131502
2016-05-06 06:10:00,56.559963206031426
2016-05-06 06:20:00,56.936648274160184
2016-05-06 06:30:00,54.79641462430328
2016-05-06 06:40:00,63.03600257572339
2016-05-06 06:50:00,84.23795749153442
2016-05-06 07:00:00,73.46585470884088
2016-05-06 07:10:00,69.80953840646046
2016-05-06 07:20:00,66.0907061473722
2016-05-06 07:30:00,70.20441484319119
2016-05-06 07:40:00,77.99984617330779
2016-05-06 07:50:00,188.97929614376605
2016-05-06 08:00:00,116.85280192659441
2016-05-06 08:10:00,119.46599552652927
2016-05-06 08:20:00,73.60081886510856
2016-05-06 08:30:00,94.08703521910981
2016-05-06 08:40:00,88.48027152469385
2016-05-06 08:50:00,72.99912605324661
2016-05-06 09:00:00,90.42100413734482
2016-05-06 09:10:00,102.23396944459245
2016-05-06 09:20:00,161.98279361577272
2016-05-06 09:30:00,177.00366983156954
2016-05-06 09:40:00,260.2308552594339
2016-05-06 09:50:00,243.54294504188223
2016-05-06 10:00:00,245.745973185611
2016-05-06 10:10:00,125.47721245471695
2016-05-06 10:20:00,138.26654835749807
2016-05-06 10:30:00,129.91049058083428
2016-05-06 10:40:00,112.06062253495827
2016-05-06 10:50:00,140.93908094030874
2016-05-06 11:00:00,111.35070478038891
2016-05-06 11:10:00,111.82039371423214
2016-05-06 11:20:00,91.52331755619831
2016-05-06 11:30:00,89.46270855802854
2016-05-06 11:40:00,102.79469415285267
2016-05-06 11:50:00,90.34765539867757
2016-05-06 12:00:00,95.90202272943172
2016-05-06 12:10:00,208.04368380069727
2016-05-06 12:20:00,195.7907093233143
2016-05-06 12:30:00,91.01074801732383
2016-05-06 12:40:00,84.14713187582973
2016-05-06 12:50:00,91.67416425785035
2016-05-06 13:00:00,95.85999517498507
2016-05-06 13:10:00,79.27083448419049
2016-05-06 13:20:00,86.34868629254863
2016-05-06 13:30:00,96.9419969022588
2016-05-06 13:40:00,94.30967348070922
2016-05-06 13:50:00,85.55825173015839
2016-05-06 14:00:00,86.81824962351398
2016-05-06 14:10:00,88.40312743130494
2016-05-06 14:20:00,85.2074470494997
2016-05-06 14:30:00,84.10080538504101
2016-05-06 14:40:00,137.8320815254042
2016-05-06 14:50:00,193.24513738160454
2016-05-06 15:00:00,134.34110908338303
2016-05-06 15:10:00,122.39935322674897
2016-05-06 15:20:00,94.9311753442777
2016-05-06 15:30:00,94.43420137849482
2016-05-06 15:40:00,89.88815477108521
2016-05-06 15:50:00,88.64276275380143
2016-05-06 16:00:00,79.05338227035391
2016-05-06 16:10:00,76.55314237733232
2016-05-06 16:20:00,77.91437442730181
2016-05-06 16:30:00,75.8918385336075
2016-05-06 16:40:00,76.02250762349244
2016-05-06 16:50:00,63.66318609056498
2016-05-06 17:00:00,77.57063006986863
2016-05-06 17:10:00,91.38799779096553
2016-05-06 17:20:00,109.71409424237496
2016-05-06 17:30:00,111.48191084040499
2016-05-06 17:40:00,163.57108103474968
2016-05-06 17:50:00,152.58470431426448
2016-05-06 18:00:00,174.60032794768927
2016-05-06 18:10:00,153.90031245804153
2016-05-06 18:20:00,235.3903341682819
2016-05-06 18:30:00,173.23764743293611
2016-05-06 18:40:00,147.4998767191646
2016-05-06 18:50:00,139.00398699538408
2016-05-06 19:00:00,111.45151617915005
2016-05-06 19:10:00,118.72251935332561
2016-05-06 19:20:00,126.55538804580917
2016-05-06 19:30:00,137.50576617507937
2016-05-06 19:40:00,139.40050673567055
2016-05-06 19:50:00,140.27691656880117
2016-05-06 20:00:00,127.57970736389146
2016-05-06 20:10:00,115.59218741135928
2016-05-06 20:20:00,108.18164799530304
2016-05-06 20:30:00,106.59237644324088
2016-05-06 20:40:00,107.60763752956423
2016-05-06 20:50:00,102.83096104259694
2016-05-06 21:00:00,96.42025250297513
2016-05-06 21:10:00,76.18212337913889
2016-05-06 21:20:00,80.25031349747061
2016-05-06 21:30:00,74.08815658797867
2016-05-06 21:40:00,69.3279613250108
2016-05-06 21:50:00,65.62751447818863
2016-05-06 22:00:00,50.106056102769905
2016-05-06 22:10:00,50.868426214666854
2016-05-06 22:20:00,57.152135336859494
2016-05-06 22:30:00,56.34153122016937
2016-05-06 22:40:00,54.86531228902372
2016-05-06 22:50:00,54.67864700562843
2016-05-06 23:00:00,55.42848964745575
2016-05-06 23:10:00,58.8931794755476
2016-05-06 23:20:00,59.1022538423307
2016-05-06 23:30:00,57.109840491405734
2016-05-06 23:40:00,55.59394715152212
2016-05-06 23:50:00,57.82040724561263
2016-05-07 00:00:00,54.692250621584854
2016-05-07 00:10:00,55.74151250851779
2016-05-07 00:20:00,53.85053385624735
2016-05-07 00:30:00,52.51720688527655
2016-05-07 00:40:00,53.86906051254218
2016-05-07 00:50:00,54.848657852197775
2016-05-07 01:00:00,57.528745227783546
2016-05-07 01:10:00,55.317363172336535
2016-05-07 01:20:00,55.94305504545238
2016-05-07 01:30:00,56.56504886589496
2016-05-07 01:40:00,55.9995158607341
2016-05-07 01:50:00,55.22107924517319
2016-05-07 02:00:00,54.499821197184936
2016-05-07 02:10:00,45.3073450108191
2016-05-07 02:20:00,53.91850680018847
2016-05-07 02:30:00,52.92159194700517
2016-05-07 02:40:00,56.56914927764366
2016-05-07 02:50:00,51.9709913822278
2016-05-07 03:00:00,55.349486982434975
2016-05-07 03:10:00,57.04089537939228
2016-05-07 03:20:00,52.16851420002221
2016-05-07 03:30:00,56.26874718110515
2016-05-07 03:40:00,52.19508128063455
2016-05-07 03:50:00,53.59067798441101
2016-05-07 04:00:00,50.41881803200521
2016-05-07 04:10:00,49.52606294445889
2016-05-07 04:20:00,51.93118637573724
2016-05-07 04:30:00,55.98385548743063
2016-05-07 04:40:00,49.90627507076257
2016-05-07 04:50:00,54.408684535501834
2016-05-07 05:00:00,56.59315615237052
2016-05-07 05:10:00,55.861568886392426
2016-05-07 05:20:00,53.81272411979688
2016-05-07 05:30:00,47.308666076245785
2016-05-07 05:40:00,48.48807480739094
2016-05-07 05:50:00,52.840398715096576
2016-05-07 06:00:00,55.33011695976601
2016-05-07 06:10:00,54.99021159795585
2016-05-07 06:20:00,49.0174850409135
2016-05-07 06:30:00,53.576531484599045
2016-05-07 06:40:00,56.57905733391543
2016-05-07 06:50:00,58.64705017010066
2016-05-07 07:00:00,58.10907980244642
2016-05-07 07:10:00,55.64996504531117
2016-05-07 07:20:00,49.17209239963232
2016-05-07 07:30:00,54.25636962132828
2016-05-07 07:40:00,62.28925791711404
2016-05-07 07:50:00,147.855426473729
2016-05-07 08:00:00,102.96902217204565
2016-05-07 08:10:00,73.66324107342552
2016-05-07 08:20:00,74.99934766827927
2016-05-07 08:30:00,79.30914698659136
2016-05-07 08:40:00,87.4954690088119
2016-05-07 08:50:00,96.69183916800343
2016-05-07 09:00:00,166.3608603252451
2016-05-07 09:10:00,173.33894181727965
2016-05-07 09:20:00,115.08837990932345
2016-05-07 09:30:00,259.29047258156294
2016-05-07 09:40:00,229.7329965858538
2016-05-07 09:50:00,202.678080399792
2016-05-07 10:00:00,98.18014181690633
2016-05-07 10:10:00,101.86163526973725
2016-05-07 10:20:00,100.73674168503095
2016-05-07 10:30:00,105.34433178572881
2016-05-07 10:40:00,132.95776902402088
2016-05-07 10:50:00,293.52454476197374
2016-05-07 11:00:00,225.99195257414442
2016-05-07 11:10:00,130.62093629829957
2016-05-07 11:20:00,130.5778218666244
2016-05-07 11:30:00,126.1496419387061
2016-05-07 11:40:00,113.06416325998515
2016-05-07 11:50:00,189.30716741493288
2016-05-07 12:00:00,225.09851806011076
2016-05-07 12:10:00,124.98919083011697
2016-05-07 12:20:00,112.5530673045322
2016-05-07 12:30:00,102.73052201272367
2016-05-07 12:40:00,106.40020094973065
2016-05-07 12:50:00,96.84792303386925
2016-05-07 13:00:00,104.82984772423008
2016-05-07 13:10:00,104.28449186820747
2016-05-07 13:20:00,97.63720640348339
2016-05-07 13:30:00,95.21830916312567
2016-05-07 13:40:00,91.538634900639
2016-05-07 13:50:00,92.6614190077736
2016-05-07 14:00:00,85.41741746575049
2016-05-07 14:10:00,83.14787439486803
2016-05-07 14:20:00,81.86235057043422
2016-05-07 14:30:00,87.6263284833799
2016-05-07 14:40:00,103.94656135656014
2016-05-07 14:50:00,97.85563074611004
2016-05-07 15:00:00,95.20725364828765
2016-05-07 15:10:00,99.18979975759515
2016-05-07 15:20:00,106.22188317773247
2016-05-07 15:30:00,107.85320854968414
2016-05-07 15:40:00,105.44007084444299
2016-05-07 15:50:00,115.99519815046857
2016-05-07 16:00:00,112.70063633984073
2016-05-07 16:10:00,106.54760074724534
2016-05-07 16:20:00,113.51590541453842
2016-05-07 16:30:00,110.53990520158968
2016-05-07 16:40:00,120.09837862909609
2016-05-07 16:50:00,108.4840439268136
2016-05-07 17:00:00,111.87962836956372
2016-05-07 17:10:00,101.94255873707769
2016-05-07 17:20:00,119.31707332648367
2016-05-07 17:30:00,113.14658550790195
2016-05-07 17:40:00,130.64799262713623
2016-05-07 17:50:00,133.24796542551422
2016-05-07 18:00:00,116.18672036826302
2016-05-07 18:10:00,118.54274641643914
2016-05-07 18:20:00,143.03015105573843
2016-05-07 18:30:00,270.6808314049433
2016-05-07 18:40:00,206.4361958003563
2016-05-07 18:50:00,188.27409563878467
2016-05-07 19:00:00,140.74876338126748
2016-05-07 19:10:00,137.69647343945715
2016-05-07 19:20:00,130.24751732692957
2016-05-07 19:30:00,129.37733955188799
2016-05-07 19:40:00,135.66442238341722
2016-05-07 19:50:00,147.50421865190177
2016-05-07 20:00:00,131.60202135693916
2016-05-07 20:10:00,130.08723004905445
2016-05-07 20:20:00,124.3760059121424
2016-05-07 20:30:00,120.22060881297283
2016-05-07 20:40:00,116.37387459220899
2016-05-07 20:50:00,107.55443087489223
2016-05-07 21:00:00,83.10065828865453
2016-05-07 21:10:00,59.797401685769344
2016-05-07 21:20:00,63.66151510913417
2016-05-07 21:30:00,63.75252889378362
2016-05-07 21:40:00,57.663964047589786
2016-05-07 21:50:00,50.83471683560214
2016-05-07 22:00:00,51.85748011920228
2016-05-07 22:10:00,53.944880946282666
2016-05-07 22:20:00,60.81123036313964
2016-05-07 22:30:00,56.215721044095105
2016-05-07 22:40:00,57.56230141811046
2016-05-07 22:50:00,48.91497832185633
2016-05-07 23:00:00,50.21659561543588
2016-05-07 23:10:00,55.030169054156985
2016-05-07 23:20:00,59.11359128912844
2016-05-07 23:30:00,54.8015572761731
2016-05-07 23:40:00,50.376219785435616
2016-05-07 23:50:00,55.30798315070267
2016-05-08 00:00:00,56.82224392917516
2016-05-08 00:10:00,54.279889681633854
2016-05-08 00:20:00,52.42754087649652
2016-05-08 00:30:00,53.07883948226464
2016-05-08 00:40:00,55.10728302426886
2016-05-08 00:50:00,52.477252729559325
2016-05-08 01:00:00,56.35629644453985
2016-05-08 01:10:00,58.13455809334047
2016-05-08 01:20:00,57.07285225743581
2016-05-08 01:30:00,50.938101914019
2016-05-08 01:40:00,44.67952839804023
2016-05-08 01:50:00,55.971980064524004
2016-05-08 02:00:00,57.14883885898785
2016-05-08 02:10:00,54.79429785143091
2016-05-08 02:20:00,52.225609132106726
2016-05-08 02:30:00,55.83601774809348
2016-05-08 02:40:00,54.18209225611618
2016-05-08 02:50:00,55.32899025892276
2016-05-08 03:00:00,55.992794527185744
2016-05-08 03:10:00,51.36335950740543
2016-05-08 03:20:00,54.50269850408981
2016-05-08 03:30:00,53.02569239659792
2016-05-08 03:40:00,55.770094967850106
2016-05-08 03:50:00,56.422092406768144
2016-05-08 04:00:00,51.26051682192787
2016-05-08 04:10:00,53.83766302889239
2016-05-08 04:20:00,52.22606373666892
2016-05-08 04:30:00,46.94823228787245
2016-05-08 04:40:00,53.28200495318511
2016-05-08 04:50:00,56.85772104207193
2016-05-08 05:00:00,56.76709544359054
2016-05-08 05:10:00,57.61184053379045
2016-05-08 05:20:00,57.37828975739494
2016-05-08 05:30:00,56.13488989807258
2016-05-08 05:40:00,50.0788176799219
2016-05-08 05:50:00,54.57228873567858
2016-05-08 06:00:00,54.59723751931924
2016-05-08 06:10:00,56.966843672134026
2016-05-08 06:20:00,54.443605857691814
2016-05-08 06:30:00,56.292427360008986
2016-05-08 06:40:00,54.07877424864299
2016-05-08 06:50:00,52.45127304448347
2016-05-08 07:00:00,54.02017775344852
2016-05-08 07:10:00,51.02616727973549
2016-05-08 07:20:00,58.302147546040295
2016-05-08 07:30:00,55.58452668270103
2016-05-08 07:40:00,57.72870301982062
2016-05-08 07:50:00,67.04139920288371
2016-05-08 08:00:00,83.9292905024006
2016-05-08 08:10:00,70.03442930042786
2016-05-08 08:20:00,67.66171419564718
2016-05-08 08:30:00,61.904412377016754
2016-05-08 08:40:00,147.2002247200315
2016-05-08 08:50:00,83.7511273063628
2016-05-08 09:00:00,141.2502349335611
2016-05-08 09:10:00,87.03891149436697
2016-05-08 09:20:00,114.68568945055092
2016-05-08 09:30:00,112.1473942263107
2016-05-08 09:40:00,73.99877667364417
2016-05-08 09:50:00,83.98074855977494
2016-05-08 10:00:00,95.41885301090393
2016-05-08 10:10:00,99.87092226597717
2016-05-08 10:20:00,133.84864016013634
2016-05-08 10:30:00,103.29318973871099
2016-05-08 10:40:00,63.15081731232853
2016-05-08 10:50:00,62.57439900314819
2016-05-08 11:00:00,57.02050139373875
2016-05-08 11:10:00,61.60629160829974
2016-05-08 11:20:00,52.01790261343672
2016-05-08 11:30:00,54.07989125913311
2016-05-08 11:40:00,61.7809578846947
2016-05-08 11:50:00,61.38605298285986
2016-05-08 12:00:00,65.56185908434783
2016-05-08 12:10:00,51.32317135202304
2016-05-08 12:20:00,59.2395428504504
2016-05-08 12:30:00,54.713663220402026
2016-05-08 12:40:00,59.022148005179396
2016-05-08 12:50:00,58.30991285771612
2016-05-08 13:00:00,54.87535328257434
2016-05-08 13:10:00,49.73001449116264
2016-05-08 13:20:00,55.14742440109397
2016-05-08 13:30:00,57.19890214678912
2016-05-08 13:40:00,51.931276793402695
2016-05-08 13:50:00,55.51228818928398
2016-05-08 14:00:00,57.352387397888286
2016-05-08 14:10:00,52.08436682138748
2016-05-08 14:20:00,55.36497413737735
2016-05-08 14:30:00,57.94904221011109
2016-05-08 14:40:00,52.36887879791609
2016-05-08 14:50:00,56.14495249790595
2016-05-08 15:00:00,53.72639955053552
2016-05-08 15:10:00,59.347720255589735
2016-05-08 15:20:00,50.29936977893488
2016-05-08 15:30:00,53.815981727024806
2016-05-08 15:40:00,57.53792312571327
2016-05-08 15:50:00,56.12713816059503
2016-05-08 16:00:00,54.36363860467389
2016-05-08 16:10:00,59.04470655580035
2016-05-08 16:20:00,62.515931758833446
2016-05-08 16:30:00,53.836081481787964
2016-05-08 16:40:00,60.12889956265413
2016-05-08 16:50:00,57.605210780559396
2016-05-08 17:00:00,62.58263597009461
2016-05-08 17:10:00,55.437267580549005
2016-05-08 17:20:00,71.04237717140482
2016-05-08 17:30:00,58.00923373170809
2016-05-08 17:40:00,63.013122533184415
2016-05-08 17:50:00,66.92716775311557
2016-05-08 18:00:00,63.612211701715495
2016-05-08 18:10:00,50.77163325831081
2016-05-08 18:20:00,72.01996133702842
2016-05-08 18:30:00,61.9383907440838
2016-05-08 18:40:00,68.40208155425445
2016-05-08 18:50:00,60.38163495690971
2016-05-08 19:00:00,64.73435003665726
2016-05-08 19:10:00,78.23078860074325
2016-05-08 19:20:00,63.73211025020326
2016-05-08 19:30:00,70.51686052268477
2016-05-08 19:40:00,63.25315196315067
2016-05-08 19:50:00,59.941962761062356
2016-05-08 20:00:00,71.84278863834501
2016-05-08 20:10:00,129.97656433301702
2016-05-08 20:20:00,93.03974309477215
2016-05-08 20:30:00,114.22843553180361
2016-05-08 20:40:00,103.6904795658274
2016-05-08 20:50:00,104.59358483762894
2016-05-08 21:00:00,83.7103852613449
2016-05-08 21:10:00,83.88867020421516
2016-05-08 21:20:00,77.74292309299437
2016-05-08 21:30:00,78.56983995975553
2016-05-08 21:40:00,64.36015239991589
2016-05-08 21:50:00,55.93459425398451
2016-05-08 22:00:00,62.94800723387229
2016-05-08 22:10:00,65.32891354669472
2016-05-08 22:20:00,63.73855869776342
2016-05-08 22:30:00,60.479056973859066
2016-05-08 22:40:00,59.069600195784474
2016-05-08 22:50:00,59.80130481697601
2016-05-08 23:00:00,54.30356255679553
2016-05-08 23:10:00,60.64518685965346
2016-05-08 23:20:00,57.21638463990978
2016-05-08 23:30:00,60.54059722440809
2016-05-08 23:40:00,56.103013624100626
2016-05-08 23:50:00,59.1286714006949
2016-05-09 00:00:00,60.289262220102344
2016-05-09 00:10:00,48.496200763130396
2016-05-09 00:20:00,56.53312458673264
2016-05-09 00:30:00,57.36764942102805
2016-05-09 00:40:00,55.92952019179685
2016-05-09 00:50:00,54.911864745522244
2016-05-09 01:00:00,57.943206736233115
2016-05-09 01:10:00,59.11680570586085
2016-05-09 01:20:00,53.459238975494166
2016-05-09 01:30:00,58.58301017215302
2016-05-09 01:40:00,54.52199464533167
2016-05-09 01:50:00,55.59844156328045
2016-05-09 02:00:00,56.40987592320508
2016-05-09 02:10:00,56.0376217916586
2016-05-09 02:20:00,51.219708495624786
2016-05-09 02:30:00,54.10020488948774
2016-05-09 02:40:00,56.72892642714331
2016-05-09 02:50:00,56.35157325520283
2016-05-09 03:00:00,50.51128830281428
2016-05-09 03:10:00,49.63029927470463
2016-05-09 03:20:00,53.0553537121523
2016-05-09 03:30:00,58.68079230794773
2016-05-09 03:40:00,51.470081357928166
2016-05-09 03:50:00,52.291518654592714
2016-05-09 04:00:00,57.62240079368727
2016-05-09 04:10:00,58.39786182722631
2016-05-09 04:20:00,52.9937768828199
2016-05-09 04:30:00,54.045100621569766
2016-05-09 04:40:00,56.177117937249086
2016-05-09 04:50:00,51.76577721429638
2016-05-09 05:00:00,54.44402764618993
2016-05-09 05:10:00,56.576391459975866
2016-05-09 05:20:00,71.65149912386921
2016-05-09 05:30:00,62.555411635459755
2016-05-09 05:40:00,50.59041708483119
2016-05-09 05:50:00,53.24062761322596
2016-05-09 06:00:00,61.05895764150175
2016-05-09 06:10:00,55.14500435826209
2016-05-09 06:20:00,56.909813456893275
2016-05-09 06:30:00,48.76917392058061
2016-05-09 06:40:00,59.588005527459345
2016-05-09 06:50:00,57.54545812307716
2016-05-09 07:00:00,56.7563244452196
2016-05-09 07:10:00,51.256292146057596
2016-05-09 07:20:00,56.42373256950674
2016-05-09 07:30:00,55.04553393735184
2016-05-09 07:40:00,56.181607550841655
2016-05-09 07:50:00,58.111477318825735
2016-05-09 08:00:00,56.26196111573964
2016-05-09 08:10:00,50.63609747113719
2016-05-09 08:20:00,51.436397576244154
2016-05-09 08:30:00,81.39384507209142
2016-05-09 08:40:00,63.83357248884734
2016-05-09 08:50:00,75.42497600266026
2016-05-09 09:00:00,62.45273442393163
2016-05-09 09:10:00,70.35734415900316
2016-05-09 09:20:00,72.61152053430096
2016-05-09 09:30:00,62.77781607079599
2016-05-09 09:40:00,60.123621672978565
2016-05-09 09:50:00,57.694247047355994
2016-05-09 10:00:00,55.53840353444526
2016-05-09 10:10:00,60.114538504887086
2016-05-09 10:20:00,62.32091983212033
2016-05-09 10:30:00,58.98027059039743
2016-05-09 10:40:00,51.591480446177435
2016-05-09 10:50:00,56.660586726083125
2016-05-09 11:00:00,53.992588845969266
2016-05-09 11:10:00,52.77278391405246
2016-05-09 11:20:00,54.18968968766617
2016-05-09 11:30:00,55.074536557339506
2016-05-09 11:40:00,60.93147522097962
2016-05-09 11:50:00,65.66913766501126
2016-05-09 12:00:00,82.4263399921319
2016-05-09 12:10:00,73.66433750343943
2016-05-09 12:20:00,66.57263854003106
2016-05-09 12:30:00,55.308852185529595
2016-05-09 12:40:00,135.23909625105063
2016-05-09 12:50:00,100.75612086259027
2016-05-09 13:00:00,105.26758555572279
2016-05-09 13:10:00,75.30803268805072
2016-05-09 13:20:00,77.52932763492748
2016-05-09 13:30:00,71.09520491084302
2016-05-09 13:40:00,144.07415882163198
2016-05-09 13:50:00,118.40080440604663
2016-05-09 14:00:00,75.18390021412011
2016-05-09 14:10:00,64.10794574645442
2016-05-09 14:20:00,68.8559934798486
2016-05-09 14:30:00,133.57528345242204
2016-05-09 14:40:00,82.18884322304599
2016-05-09 14:50:00,66.51232601785406
2016-05-09 15:00:00,75.29152073968811
2016-05-09 15:10:00,69.22872381782078
2016-05-09 15:20:00,69.5265707466236
2016-05-09 15:30:00,72.79803108474032
2016-05-09 15:40:00,61.092391761936994
2016-05-09 15:50:00,75.54839075648965
2016-05-09 16:00:00,76.63588991853007
2016-05-09 16:10:00,77.8691486692011
2016-05-09 16:20:00,85.48199232612552
2016-05-09 16:30:00,74.62827197991561
2016-05-09 16:40:00,76.11192883963557
2016-05-09 16:50:00,73.61083967468024
2016-05-09 17:00:00,121.7456940930905
2016-05-09 17:10:00,119.02897859990455
2016-05-09 17:20:00,140.51084719135912
2016-05-09 17:30:00,139.73374595104633
2016-05-09 17:40:00,277.5294987326953
2016-05-09 17:50:00,240.1335574378408
2016-05-09 18:00:00,222.08060646917107
2016-05-09 18:10:00,191.49089440791295
2016-05-09 18:20:00,136.6573908556813
2016-05-09 18:30:00,133.03563574469453
2016-05-09 18:40:00,136.8633373178781
2016-05-09 18:50:00,141.7597641711073
2016-05-09 19:00:00,152.09120993722135
2016-05-09 19:10:00,115.20466693237488
2016-05-09 19:20:00,122.89568054650826
2016-05-09 19:30:00,113.75328467937325
2016-05-09 19:40:00,110.56235940852004
2016-05-09 19:50:00,108.08873856404173
2016-05-09 20:00:00,103.41555429769896
2016-05-09 20:10:00,107.25800859470398
2016-05-09 20:20:00,103.21554321565544
2016-05-09 20:30:00,100.44042140287074
2016-05-09 20:40:00,97.50306944858008
2016-05-09 20:50:00,103.39186779570487
2016-05-09 21:00:00,81.06980501499886
2016-05-09 21:10:00,69.11368481999516
2016-05-09 21:20:00,70.58877277440229
2016-05-09 21:30:00,69.18962458513894
2016-05-09 21:40:00,66.96893726920649
2016-05-09 21:50:00,63.57097682495814
2016-05-09 22:00:00,69.07088189923613
2016-05-09 22:10:00,67.07017331598608
2016-05-09 22:20:00,65.76699416094107
2016-05-09 22:30:00,70.86807036002153
2016-05-09 22:40:00,67.17045725468849
2016-05-09 22:50:00,66.07761579961937
2016-05-09 23:00:00,72.12323344888803
2016-05-09 23:10:00,61.81422077337217
2016-05-09 23:20:00,57.28174448460431
2016-05-09 23:30:00,56.42971990329633
2016-05-09 23:40:00,58.29768106768817
2016-05-09 23:50:00,59.05705903910805
2016-05-10 00:00:00,53.985920680919236
2016-05-10 00:10:00,60.403709205611975
2016-05-10 00:20:00,57.10512565135355
2016-05-10 00:30:00,54.97107291495725
2016-05-10 00:40:00,58.6411219062061
2016-05-10 00:50:00,57.91159001446609
2016-05-10 01:00:00,56.92507938332385
2016-05-10 01:10:00,56.36150994832195
2016-05-10 01:20:00,57.34060802184368
2016-05-10 01:30:00,57.357839814983876
2016-05-10 01:40:00,56.69990935352539
2016-05-10 01:50:00,59.05177707538623
2016-05-10 02:00:00,56.70329041221894
2016-05-10 02:10:00,60.92050089132693
2016-05-10 02:20:00,59.38865471253683
2016-05-10 02:30:00,52.97923181249909
2016-05-10 02:40:00,59.441924946330595
2016-05-10 02:50:00,56.05678857394812
2016-05-10 03:00:00,57.45823831643286
2016-05-10 03:10:00,54.05230193381947
2016-05-10 03:20:00,60.40091503672023
2016-05-10 03:30:00,56.31517810472804
2016-05-10 03:40:00,56.37303123904954
2016-05-10 03:50:00,53.70315084152349
2016-05-10 04:00:00,57.26259092394257
2016-05-10 04:10:00,55.92305359485626
2016-05-10 04:20:00,54.17847422507384
2016-05-10 04:30:00,55.028691113082246
2016-05-10 04:40:00,56.05250140905491
2016-05-10 04:50:00,56.61644288714246
2016-05-10 05:00:00,56.30791869351991
2016-05-10 05:10:00,56.55370621994592
2016-05-10 05:20:00,83.26882172162749
2016-05-10 05:30:00,64.89472953859902
2016-05-10 05:40:00,77.1378107091921
2016-05-10 05:50:00,66.45926240687241
2016-05-10 06:00:00,72.16610752000607
2016-05-10 06:10:00,64.48772197499194
2016-05-10 06:20:00,60.393447875421785
2016-05-10 06:30:00,62.51291405669339
2016-05-10 06:40:00,55.61612926865847
2016-05-10 06:50:00,57.73504924696963
2016-05-10 07:00:00,57.319612929273966
2016-05-10 07:10:00,57.521647121193524
2016-05-10 07:20:00,59.04966823680735
2016-05-10 07:30:00,67.66771799964773
2016-05-10 07:40:00,55.6572750308926
2016-05-10 07:50:00,56.64170141723585
2016-05-10 08:00:00,54.097967878443086
2016-05-10 08:10:00,59.09974929044944
2016-05-10 08:20:00,57.13412364677525
2016-05-10 08:30:00,58.15036306236449
2016-05-10 08:40:00,55.97761812025483
2016-05-10 08:50:00,58.73748652617508
2016-05-10 09:00:00,60.73533447025549
2016-05-10 09:10:00,59.630693834248454
2016-05-10 09:20:00,59.11835327238561
2016-05-10 09:30:00,58.921604643231746
2016-05-10 09:40:00,59.80595943526988
2016-05-10 09:50:00,53.83227811310852
2016-05-10 10:00:00,53.83759113939811
2016-05-10 10:10:00,56.89415482090725
2016-05-10 10:20:00,57.96228891253525
2016-05-10 10:30:00,57.07970904089924
2016-05-10 10:40:00,56.14571980696721
2016-05-10 10:50:00,60.72962166709789
2016-05-10 11:00:00,57.23175220299815
2016-05-10 11:10:00,59.78878959831044
2016-05-10 11:20:00,61.64637636602103
2016-05-10 11:30:00,60.72523105236817
2016-05-10 11:40:00,54.52152815092379
2016-05-10 11:50:00,60.51430710532782
2016-05-10 12:00:00,65.71949976025626
2016-05-10 12:10:00,57.48019166795369
2016-05-10 12:20:00,60.61789740221954
2016-05-10 12:30:00,70.5437605288387
2016-05-10 12:40:00,61.134689836247624
2016-05-10 12:50:00,67.33876693773735
2016-05-10 13:00:00,68.03911730269284
2016-05-10 13:10:00,64.14461276144725
2016-05-10 13:20:00,52.45514201106077
2016-05-10 13:30:00,66.91525104014839
2016-05-10 13:40:00,66.8156658123947
2016-05-10 13:50:00,69.95704135206343
2016-05-10 14:00:00,57.840508539211555
2016-05-10 14:10:00,53.92040816943292
2016-05-10 14:20:00,62.358378787763044
2016-05-10 14:30:00,59.863045517146546
2016-05-10 14:40:00,58.16731457294497
2016-05-10 14:50:00,56.73346510315061
2016-05-10 15:00:00,63.853162632075836
2016-05-10 15:10:00,65.03496397464836
2016-05-10 15:20:00,56.282285315182875
2016-05-10 15:30:00,61.39734778647148
2016-05-10 15:40:00,66.18253023820283
2016-05-10 15:50:00,64.6660523683123
2016-05-10 16:00:00,61.978055161588735
2016-05-10 16:10:00,54.509686240431066
2016-05-10 16:20:00,63.8793345580918
2016-05-10 16:30:00,59.561908232258354
2016-05-10 16:40:00,64.25948182944208
2016-05-10 16:50:00,76.8665716349039
2016-05-10 17:00:00,75.9308910852371
2016-05-10 17:10:00,73.43538142017348
2016-05-10 17:20:00,94.84014651890817
2016-05-10 17:30:00,98.38203427735873
2016-05-10 17:40:00,141.18785020047554
2016-05-10 17:50:00,149.22300687129126
2016-05-10 18:00:00,184.14607722802097
2016-05-10 18:10:00,198.57798547545553
2016-05-10 18:20:00,115.07585519231658
2016-05-10 18:30:00,94.32980144221652
2016-05-10 18:40:00,105.30005858518027
2016-05-10 18:50:00,140.21394891587929
2016-05-10 19:00:00,136.80092763792118
2016-05-10 19:10:00,126.27527994823605
2016-05-10 19:20:00,142.67850099851196
2016-05-10 19:30:00,151.6635976314486
2016-05-10 19:40:00,131.24394229818583
2016-05-10 19:50:00,141.78596207017955
2016-05-10 20:00:00,105.01337606636076
2016-05-10 20:10:00,109.85676719308508
2016-05-10 20:20:00,110.35011372344624
2016-05-10 20:30:00,116.32973575849634
2016-05-10 20:40:00,112.6469346378589
2016-05-10 20:50:00,106.5796230011961
2016-05-10 21:00:00,111.13574759964641
2016-05-10 21:10:00,92.8520569742658
2016-05-10 21:20:00,93.00353516760006
2016-05-10 21:30:00,78.91881303536124
2016-05-10 21:40:00,68.53374535142436
2016-05-10 21:50:00,67.17798220110143
2016-05-10 22:00:00,60.401569965815405
2016-05-10 22:10:00,63.90416854386616
2016-05-10 22:20:00,61.764923353045106
2016-05-10 22:30:00,60.505082806511936
2016-05-10 22:40:00,55.19106328414253
2016-05-10 22:50:00,59.797418592356784
2016-05-10 23:00:00,61.91099240161378
2016-05-10 23:10:00,60.490048332150174
2016-05-10 23:20:00,58.97195531615903
2016-05-10 23:30:00,54.02335916306486
2016-05-10 23:40:00,59.093176830347055
2016-05-10 23:50:00,56.36926158176807
2016-05-11 00:00:00,63.93660481967832
2016-05-11 00:10:00,55.642522117572135
2016-05-11 00:20:00,56.81039703196861
2016-05-11 00:30:00,50.80879828604261
2016-05-11 00:40:00,56.06085844881817
2016-05-11 00:50:00,58.95544016934937
2016-05-11 01:00:00,60.3932649578298
2016-05-11 01:10:00,57.63072692624577
2016-05-11 01:20:00,58.14910593460504
2016-05-11 01:30:00,56.17566539046996
2016-05-11 01:40:00,58.23865434999426
2016-05-11 01:50:00,56.18817621919676
2016-05-11 02:00:00,60.85225575971306
2016-05-11 02:10:00,57.05907077232627
2016-05-11 02:20:00,57.19615440093788
2016-05-11 02:30:00,54.72292099450234
2016-05-11 02:40:00,57.292637783836
2016-05-11 02:50:00,58.83283264228905
2016-05-11 03:00:00,57.66957842782151
2016-05-11 03:10:00,53.47781092770944
2016-05-11 03:20:00,56.50769888769701
2016-05-11 03:30:00,55.8792145456131
2016-05-11 03:40:00,54.945404087659725
2016-05-11 03:50:00,55.274209675403156
2016-05-11 04:00:00,56.016474985526315
2016-05-11 04:10:00,59.19334809277402
2016-05-11 04:20:00,56.461294618789566
2016-05-11 04:30:00,54.64895269974731
2016-05-11 04:40:00,55.148762718419036
2016-05-11 04:50:00,56.443106686588166
2016-05-11 05:00:00,56.9472906097186
2016-05-11 05:10:00,60.15723943397515
2016-05-11 05:20:00,60.26190520976027
2016-05-11 05:30:00,56.30939281348849
2016-05-11 05:40:00,58.17470256104376
2016-05-11 05:50:00,85.07196785395227
2016-05-11 06:00:00,76.26420034070702
2016-05-11 06:10:00,74.2198194661167
2016-05-11 06:20:00,199.604298425059
2016-05-11 06:30:00,98.18518713077317
2016-05-11 06:40:00,77.6102670861578
2016-05-11 06:50:00,80.59441705018753
2016-05-11 07:00:00,78.32166910161085
2016-05-11 07:10:00,77.64877353453821
2016-05-11 07:20:00,65.04778787526432
2016-05-11 07:30:00,73.27065527482561
2016-05-11 07:40:00,78.89551866037328
2016-05-11 07:50:00,71.89752473876274
2016-05-11 08:00:00,70.04817293357772
2016-05-11 08:10:00,84.5624195340551
2016-05-11 08:20:00,137.0584908458775
2016-05-11 08:30:00,97.29680433317594
2016-05-11 08:40:00,63.79930976825868
2016-05-11 08:50:00,62.2861177374089
2016-05-11 09:00:00,73.52507271733279
2016-05-11 09:10:00,70.24880777489433
2016-05-11 09:20:00,54.04322008173483
2016-05-11 09:30:00,58.954177839859085
2016-05-11 09:40:00,73.01493474544904
2016-05-11 09:50:00,70.62581484631808
2016-05-11 10:00:00,79.02642678282244
2016-05-11 10:10:00,61.33384141459796
2016-05-11 10:20:00,55.89798000697216
2016-05-11 10:30:00,51.6327821174586
2016-05-11 10:40:00,70.20475039300744
2016-05-11 10:50:00,80.31526452826732
2016-05-11 11:00:00,60.74707073398488
2016-05-11 11:10:00,50.89084740843475
2016-05-11 11:20:00,53.48425838812265
2016-05-11 11:30:00,60.24301668730972
2016-05-11 11:40:00,60.05351162501714
2016-05-11 11:50:00,53.042748910944944
2016-05-11 12:00:00,57.59055348112602
2016-05-11 12:10:00,55.59648209976486
2016-05-11 12:20:00,66.20694425770559
2016-05-11 12:30:00,56.82595146392046
2016-05-11 12:40:00,58.636952097567615
2016-05-11 12:50:00,55.34796704147626
2016-05-11 13:00:00,59.28854641962368
2016-05-11 13:10:00,55.80378243386146
2016-05-11 13:20:00,65.32499282682343
2016-05-11 13:30:00,68.79579728098007
2016-05-11 13:40:00,73.20345604163639
2016-05-11 13:50:00,56.35306786446399
2016-05-11 14:00:00,82.18277841134594
2016-05-11 14:10:00,73.80689673671482
2016-05-11 14:20:00,81.27574488605173
2016-05-11 14:30:00,70.09775168242814
2016-05-11 14:40:00,82.2330749411296
2016-05-11 14:50:00,74.86587578180331
2016-05-11 15:00:00,77.43951930903532
2016-05-11 15:10:00,81.10065315482025
2016-05-11 15:20:00,79.565997698195
2016-05-11 15:30:00,81.37169446603491
2016-05-11 15:40:00,79.02075146872465
2016-05-11 15:50:00,71.98833267106342
2016-05-11 16:00:00,81.21236832139171
2016-05-11 16:10:00,77.05947255018125
2016-05-11 16:20:00,74.62145268656415
2016-05-11 16:30:00,76.00676971283919
2016-05-11 16:40:00,87.28293863976255
2016-05-11 16:50:00,81.08219016112008
2016-05-11 17:00:00,88.74151209626561
2016-05-11 17:10:00,93.58582552100133
2016-05-11 17:20:00,84.52104371669556
2016-05-11 17:30:00,137.59386877468307
2016-05-11 17:40:00,119.00531611180253
2016-05-11 17:50:00,159.95700489853292
2016-05-11 18:00:00,181.71162926737426
2016-05-11 18:10:00,151.70692989755136
2016-05-11 18:20:00,153.60779120378558
2016-05-11 18:30:00,134.88041502358203
2016-05-11 18:40:00,152.4158893849202
2016-05-11 18:50:00,146.1158359827337
2016-05-11 19:00:00,141.89520674720535
2016-05-11 19:10:00,146.80240804576422
2016-05-11 19:20:00,125.819928746933
2016-05-11 19:30:00,154.12637376025344
2016-05-11 19:40:00,126.80235590126581
2016-05-11 19:50:00,126.88901502335122
2016-05-11 20:00:00,115.30619655593999
2016-05-11 20:10:00,124.0187795839903
2016-05-11 20:20:00,130.84126129632443
2016-05-11 20:30:00,116.11441269615781
2016-05-11 20:40:00,118.4696494488542
2016-05-11 20:50:00,111.35425756247434
2016-05-11 21:00:00,103.54842016963724
2016-05-11 21:10:00,102.43131188288936
2016-05-11 21:20:00,87.84164955913255
2016-05-11 21:30:00,76.05267494857078
2016-05-11 21:40:00,63.021914196507936
2016-05-11 21:50:00,74.02827226497904
2016-05-11 22:00:00,68.95587426819273
2016-05-11 22:10:00,63.538147600274556
2016-05-11 22:20:00,56.91364163977651
2016-05-11 22:30:00,62.722831602300865
2016-05-11 22:40:00,54.80019065886487
2016-05-11 22:50:00,61.8500204743646
2016-05-11 23:00:00,68.85829059538024
2016-05-11 23:10:00,58.016299543383376
2016-05-11 23:20:00,54.25400773945907
2016-05-11 23:30:00,59.716129343349365
2016-05-11 23:40:00,57.68358991986237
2016-05-11 23:50:00,59.872045361351276
2016-05-12 00:00:00,58.89415856775201
2016-05-12 00:10:00,57.89778613718776
2016-05-12 00:20:00,57.32404396661135
2016-05-12 00:30:00,54.17860574582794
2016-05-12 00:40:00,58.03312117309832
2016-05-12 00:50:00,60.172818293601615
2016-05-12 01:00:00,59.399880623626274
2016-05-12 01:10:00,55.07724762030475
2016-05-12 01:20:00,57.319224867527204
2016-05-12 01:30:00,56.60129948928565
2016-05-12 01:40:00,58.935722283723585
2016-05-12 01:50:00,59.989172991407166
2016-05-12 02:00:00,58.72569446815385
2016-05-12 02:10:00,54.565864832229536
2016-05-12 02:20:00,57.25206423981769
2016-05-12 02:30:00,56.40871280134044
2016-05-12 02:40:00,61.95288027823275
2016-05-12 02:50:00,57.21409396213728
2016-05-12 03:00:00,57.32784392165715
2016-05-12 03:10:00,54.90509732784104
2016-05-12 03:20:00,54.44033077369017
2016-05-12 03:30:00,56.01239015740085
2016-05-12 03:40:00,56.37619598237517
2016-05-12 03:50:00,56.86384672284701
2016-05-12 04:00:00,56.57461885365178
2016-05-12 04:10:00,56.47116242316619
2016-05-12 04:20:00,59.03653975841085
2016-05-12 04:30:00,56.68201367278876
2016-05-12 04:40:00,61.10654713327282
2016-05-12 04:50:00,56.732059199218426
2016-05-12 05:00:00,54.39080413531724
2016-05-12 05:10:00,58.63946816312336
2016-05-12 05:20:00,60.05237654808117
2016-05-12 05:30:00,56.670599868770424
2016-05-12 05:40:00,58.11294382021298
2016-05-12 05:50:00,77.12769863173789
2016-05-12 06:00:00,62.55331924966419
2016-05-12 06:10:00,65.49872117604379
2016-05-12 06:20:00,61.716826885307796
2016-05-12 06:30:00,53.831072461096504
2016-05-12 06:40:00,57.78907358851664
2016-05-12 06:50:00,55.707832685714685
2016-05-12 07:00:00,58.39237712384629
2016-05-12 07:10:00,61.143051938918944
2016-05-12 07:20:00,61.385772931417804
2016-05-12 07:30:00,60.185654425444596
2016-05-12 07:40:00,53.52585190643437
2016-05-12 07:50:00,62.52399207294708
2016-05-12 08:00:00,61.42770293982985
2016-05-12 08:10:00,78.7055464456898
2016-05-12 08:20:00,70.47828535126976
2016-05-12 08:30:00,66.04089678084553
2016-05-12 08:40:00,57.797687336834926
2016-05-12 08:50:00,55.33296010547183
2016-05-12 09:00:00,58.04906675343558
2016-05-12 09:10:00,57.79509817489409
2016-05-12 09:20:00,53.71315248778151
2016-05-12 09:30:00,59.24912065807301
2016-05-12 09:40:00,56.442450622714986
2016-05-12 09:50:00,58.16874367590037
2016-05-12 10:00:00,57.789707664972255
2016-05-12 10:10:00,60.42580237357692
2016-05-12 10:20:00,60.194439425500036
2016-05-12 10:30:00,57.97853751777184
2016-05-12 10:40:00,58.13757685206421
2016-05-12 10:50:00,51.97423844117221
2016-05-12 11:00:00,61.851290093917285
2016-05-12 11:10:00,63.259847542936754
2016-05-12 11:20:00,55.2989748346717
2016-05-12 11:30:00,53.22260501991578
2016-05-12 11:40:00,54.972191344914
2016-05-12 11:50:00,57.422054132130945
2016-05-12 12:00:00,56.57909050086365
2016-05-12 12:10:00,56.282535630142405
2016-05-12 12:20:00,56.19557723968743
2016-05-12 12:30:00,62.136339681879285
2016-05-12 12:40:00,65.44300960182167
2016-05-12 12:50:00,57.106844186442444
2016-05-12 13:00:00,60.88802227265466
2016-05-12 13:10:00,57.10689496998519
2016-05-12 13:20:00,62.57259578964573
2016-05-12 13:30:00,64.20122227880785
2016-05-12 13:40:00,61.17363163674458
2016-05-12 13:50:00,54.45875150713658
2016-05-12 14:00:00,61.32101074167216
2016-05-12 14:10:00,59.12429553374514
2016-05-12 14:20:00,63.41564496600597
2016-05-12 14:30:00,65.45203533483021
2016-05-12 14:40:00,62.70974222982082
2016-05-12 14:50:00,55.48214255793436
2016-05-12 15:00:00,72.70811426386366
2016-05-12 15:10:00,53.956457184229144
2016-05-12 15:20:00,55.948319217266665
2016-05-12 15:30:00,67.49985806195419
2016-05-12 15:40:00,84.13086510681657
2016-05-12 15:50:00,69.14871413490151
2016-05-12 16:00:00,79.09507661732214
2016-05-12 16:10:00,82.51324489824935
2016-05-12 16:20:00,99.8501972579821
2016-05-12 16:30:00,99.48457248514984
2016-05-12 16:40:00,105.70118678607948
2016-05-12 16:50:00,167.93332264305562
2016-05-12 17:00:00,102.54390338186163
2016-05-12 17:10:00,109.26419891537448
2016-05-12 17:20:00,115.73091114499252
2016-05-12 17:30:00,147.85400726368013
2016-05-12 17:40:00,169.83817915458562
2016-05-12 17:50:00,147.0584421722201
2016-05-12 18:00:00,252.46391844287217
2016-05-12 18:10:00,171.54874637104334
2016-05-12 18:20:00,119.57167462396369
2016-05-12 18:30:00,125.80861888458902
2016-05-12 18:40:00,133.33128378288447
2016-05-12 18:50:00,126.25932890678781
2016-05-12 19:00:00,133.4677893426256
2016-05-12 19:10:00,131.47049889042006
2016-05-12 19:20:00,152.22281306497513
2016-05-12 19:30:00,126.95184569963935
2016-05-12 19:40:00,122.22059393319634
2016-05-12 19:50:00,117.23000819178134
2016-05-12 20:00:00,114.73635444085046
2016-05-12 20:10:00,110.76657774410639
2016-05-12 20:20:00,112.72612326729192
2016-05-12 20:30:00,108.90641663876325
2016-05-12 20:40:00,87.88022090365912
2016-05-12 20:50:00,76.44275593763847
2016-05-12 21:00:00,76.93833087885523
2016-05-12 21:10:00,97.22972702305084
2016-05-12 21:20:00,77.35627163740655
2016-05-12 21:30:00,71.9634151787883
2016-05-12 21:40:00,75.43859596341878
2016-05-12 21:50:00,75.8794711071806
2016-05-12 22:00:00,63.65559445410315
2016-05-12 22:10:00,57.17910093331106
2016-05-12 22:20:00,61.33314806488104
2016-05-12 22:30:00,61.827335186604884
2016-05-12 22:40:00,65.6059992051217
2016-05-12 22:50:00,55.66839485919883
2016-05-12 23:00:00,58.225806703950596
2016-05-12 23:10:00,60.701922254230155
2016-05-12 23:20:00,60.57944311859903
2016-05-12 23:30:00,58.97516692440383
2016-05-12 23:40:00,57.923649701232755
2016-05-12 23:50:00,54.66775898645101
2016-05-13 00:00:00,59.00719949804724
2016-05-13 00:10:00,56.825790661323474
2016-05-13 00:20:00,61.86124819621365
2016-05-13 00:30:00,57.921532494616365
2016-05-13 00:40:00,58.781952799900594
2016-05-13 00:50:00,52.6130525660099
2016-05-13 01:00:00,58.56294862907253
2016-05-13 01:10:00,58.99265629134452
2016-05-13 01:20:00,56.68360855455001
2016-05-13 01:30:00,56.28823855636469
2016-05-13 01:40:00,56.54787970607994
2016-05-13 01:50:00,59.487370926532655
2016-05-13 02:00:00,59.399335954430434
2016-05-13 02:10:00,55.39067193916398
2016-05-13 02:20:00,57.25672735977096
2016-05-13 02:30:00,58.956679898046886
2016-05-13 02:40:00,55.70622648703917
2016-05-13 02:50:00,57.29469533971894
2016-05-13 03:00:00,58.28917660756694
2016-05-13 03:10:00,58.150546346774156
2016-05-13 03:20:00,57.14569733009429
2016-05-13 03:30:00,56.655458269639034
2016-05-13 03:40:00,52.878427057031836
2016-05-13 03:50:00,57.110730409887
2016-05-13 04:00:00,59.25086191485482
2016-05-13 04:10:00,59.03139314777546
2016-05-13 04:20:00,54.16762484255701
2016-05-13 04:30:00,53.93658937967217
2016-05-13 04:40:00,56.32886272219138
2016-05-13 04:50:00,57.08819000842966
2016-05-13 05:00:00,57.193755864735664
2016-05-13 05:10:00,56.77138925824534
2016-05-13 05:20:00,56.704969553973925
2016-05-13 05:30:00,59.711545514517226
2016-05-13 05:40:00,58.00095697731062
2016-05-13 05:50:00,58.90593391073262
2016-05-13 06:00:00,59.89678849003705
2016-05-13 06:10:00,63.335831741743235
2016-05-13 06:20:00,59.856632549832526
2016-05-13 06:30:00,61.70088345826601
2016-05-13 06:40:00,137.9230958941091
2016-05-13 06:50:00,132.524941800324
2016-05-13 07:00:00,86.60343566200434
2016-05-13 07:10:00,84.54256891175102
2016-05-13 07:20:00,96.93475439778769
2016-05-13 07:30:00,88.29918249088279
2016-05-13 07:40:00,126.68964935800841
2016-05-13 07:50:00,146.88054407745946
2016-05-13 08:00:00,207.98556086498843
2016-05-13 08:10:00,356.0752090122075
2016-05-13 08:20:00,243.48235244954756
2016-05-13 08:30:00,291.5402548668196
2016-05-13 08:40:00,273.43685033692793
2016-05-13 08:50:00,213.0350236626069
2016-05-13 09:00:00,175.8232926569007
2016-05-13 09:10:00,149.68908016340885
2016-05-13 09:20:00,150.71804536396593
2016-05-13 09:30:00,147.97265260992086
2016-05-13 09:40:00,150.05129962085388
2016-05-13 09:50:00,161.6338099833717
2016-05-13 10:00:00,177.30327985291396
2016-05-13 10:10:00,147.55289710220407
2016-05-13 10:20:00,120.74234639057717
2016-05-13 10:30:00,108.26877633078537
2016-05-13 10:40:00,134.10943372730335
2016-05-13 10:50:00,107.63068386368228
2016-05-13 11:00:00,127.20308507825015
2016-05-13 11:10:00,113.10521055594947
2016-05-13 11:20:00,150.7395275520068
2016-05-13 11:30:00,275.829399709703
2016-05-13 11:40:00,243.7401934556489
2016-05-13 11:50:00,271.92249437906906
2016-05-13 12:00:00,250.2654039213746
2016-05-13 12:10:00,222.42321063396057
2016-05-13 12:20:00,170.1493739114282
2016-05-13 12:30:00,139.7264222420823
2016-05-13 12:40:00,158.7590273360855
2016-05-13 12:50:00,168.40654699465335
2016-05-13 13:00:00,347.4796670573059
2016-05-13 13:10:00,303.7191475452581
2016-05-13 13:20:00,277.889425991715
2016-05-13 13:30:00,255.17466497933145
2016-05-13 13:40:00,247.52660209822326
2016-05-13 13:50:00,199.7716889090133
2016-05-13 14:00:00,157.56816453571068
2016-05-13 14:10:00,163.19243410989054
2016-05-13 14:20:00,168.51734247977643
2016-05-13 14:30:00,194.04375498947763
2016-05-13 14:40:00,365.5574632778907
2016-05-13 14:50:00,290.1426211110077
2016-05-13 15:00:00,184.1118057315608
2016-05-13 15:10:00,233.0915418682834
2016-05-13 15:20:00,249.53433009624038
2016-05-13 15:30:00,205.87969962367467
2016-05-13 15:40:00,159.54842673166425
2016-05-13 15:50:00,163.82342110455764
2016-05-13 16:00:00,161.29091174847585
2016-05-13 16:10:00,256.8459248032211
2016-05-13 16:20:00,301.9020256998003
2016-05-13 16:30:00,268.7504463185957
2016-05-13 16:40:00,325.1953597406187
2016-05-13 16:50:00,289.053953026972
2016-05-13 17:00:00,257.59449220456094
2016-05-13 17:10:00,236.52260009070372
2016-05-13 17:20:00,193.50937717613243
2016-05-13 17:30:00,153.81234180516228
2016-05-13 17:40:00,139.27363078789963
2016-05-13 17:50:00,158.35516139888924
2016-05-13 18:00:00,147.12390867250113
2016-05-13 18:10:00,248.56788273219004
2016-05-13 18:20:00,219.28653305272155
2016-05-13 18:30:00,259.6455299189559
2016-05-13 18:40:00,225.53866618587008
2016-05-13 18:50:00,234.5898685152192
2016-05-13 19:00:00,218.6718250863053
2016-05-13 19:10:00,152.51272610774828
2016-05-13 19:20:00,174.93274924712424
2016-05-13 19:30:00,161.13486290154802
2016-05-13 19:40:00,130.0062985123892
2016-05-13 19:50:00,125.53549396815328
2016-05-13 20:00:00,140.7235214731731
2016-05-13 20:10:00,140.54002085688145
2016-05-13 20:20:00,129.4768416681902
2016-05-13 20:30:00,122.96622591331085
2016-05-13 20:40:00,122.83838369527858
2016-05-13 20:50:00,112.15411426046914
2016-05-13 21:00:00,117.18027032445858
2016-05-13 21:10:00,99.65865719519424
2016-05-13 21:20:00,76.1587431348474
2016-05-13 21:30:00,60.65256707781305
2016-05-13 21:40:00,58.85759326254715
2016-05-13 21:50:00,58.60337207777489
2016-05-13 22:00:00,56.825792958500315
2016-05-13 22:10:00,55.77731218942171
2016-05-13 22:20:00,55.16130318613483
2016-05-13 22:30:00,52.68905158486543
2016-05-13 22:40:00,53.24627443798828
2016-05-13 22:50:00,55.139382900990455
2016-05-13 23:00:00,57.76031729592877
2016-05-13 23:10:00,57.64396732961121
2016-05-13 23:20:00,55.89808850237445
2016-05-13 23:30:00,57.86392547001706
2016-05-13 23:40:00,55.496317294207806
2016-05-13 23:50:00,54.44521153444337
2016-05-14 00:00:00,55.388406057286154
2016-05-14 00:10:00,55.99553300415862
2016-05-14 00:20:00,53.685214616418975
2016-05-14 00:30:00,55.7738308931632
2016-05-14 00:40:00,55.359229904541934
2016-05-14 00:50:00,56.6162941114182
2016-05-14 01:00:00,57.10478518199898
2016-05-14 01:10:00,58.684334490179744
2016-05-14 01:20:00,56.14947137015405
2016-05-14 01:30:00,56.73728162835945
2016-05-14 01:40:00,55.5520195103829
2016-05-14 01:50:00,54.966926247437705
2016-05-14 02:00:00,58.35299864286128
2016-05-14 02:10:00,57.08931151324047
2016-05-14 02:20:00,55.26624613145268
2016-05-14 02:30:00,50.99940107351924
2016-05-14 02:40:00,55.413811994851486
2016-05-14 02:50:00,57.9114191720087
2016-05-14 03:00:00,57.30976854304695
2016-05-14 03:10:00,58.73306319344399
2016-05-14 03:20:00,56.463393596887585
2016-05-14 03:30:00,57.64343383543253
2016-05-14 03:40:00,55.96802063147663
2016-05-14 03:50:00,54.85776719504659
2016-05-14 04:00:00,52.05236037154779
2016-05-14 04:10:00,56.337390076316375
2016-05-14 04:20:00,58.59528306317871
2016-05-14 04:30:00,55.2744868829146
2016-05-14 04:40:00,56.261201344870166
2016-05-14 04:50:00,57.57883190998143
2016-05-14 05:00:00,57.51247642401707
2016-05-14 05:10:00,59.23708043685378
2016-05-14 05:20:00,57.255548237853624
2016-05-14 05:30:00,55.73392232461519
2016-05-14 05:40:00,56.061004656909304
2016-05-14 05:50:00,54.00454878634485
2016-05-14 06:00:00,57.40279993812196
2016-05-14 06:10:00,56.65352977652974
2016-05-14 06:20:00,58.17330387335722
2016-05-14 06:30:00,64.92011324075241
2016-05-14 06:40:00,59.40142827876392
2016-05-14 06:50:00,63.12944516532488
2016-05-14 07:00:00,60.9966515147661
2016-05-14 07:10:00,62.949661682187866
2016-05-14 07:20:00,62.555266460164006
2016-05-14 07:30:00,56.8326125300864
2016-05-14 07:40:00,80.33916348942216
2016-05-14 07:50:00,67.54417713892207
2016-05-14 08:00:00,81.60320023751895
2016-05-14 08:10:00,146.47900393476297
2016-05-14 08:20:00,98.51189679891544
2016-05-14 08:30:00,84.82892393211239
2016-05-14 08:40:00,66.77296671881662
2016-05-14 08:50:00,70.39640819744137
2016-05-14 09:00:00,72.05844031548531
2016-05-14 09:10:00,67.01452047375261
2016-05-14 09:20:00,62.25378219823119
2016-05-14 09:30:00,101.52736757931801
2016-05-14 09:40:00,131.8058174627614
2016-05-14 09:50:00,131.1530827459081
2016-05-14 10:00:00,102.32788525844848
2016-05-14 10:10:00,142.44558565231102
2016-05-14 10:20:00,110.18414050922458
2016-05-14 10:30:00,71.70473020068872
2016-05-14 10:40:00,69.5389029195977
2016-05-14 10:50:00,71.85516169046808
2016-05-14 11:00:00,76.05303882348029
2016-05-14 11:10:00,72.53266158669649
2016-05-14 11:20:00,76.03298426464785
2016-05-14 11:30:00,85.62367168203671
2016-05-14 11:40:00,93.78114821323423
2016-05-14 11:50:00,117.6500768227017
2016-05-14 12:00:00,116.21714229603437
2016-05-14 12:10:00,121.44041145887512
2016-05-14 12:20:00,136.93547381289494
2016-05-14 12:30:00,139.2927345656865
2016-05-14 12:40:00,142.764359723172
2016-05-14 12:50:00,132.76994255738822
2016-05-14 13:00:00,135.26745918011167
2016-05-14 13:10:00,155.3329307795727
2016-05-14 13:20:00,129.67867978980777
2016-05-14 13:30:00,135.6500957242051
2016-05-14 13:40:00,134.45860511032444
2016-05-14 13:50:00,128.23438198662504
2016-05-14 14:00:00,110.52794653636835
2016-05-14 14:10:00,111.4433548491763
2016-05-14 14:20:00,114.00633686285539
2016-05-14 14:30:00,121.93884482870791
2016-05-14 14:40:00,122.60292545797562
2016-05-14 14:50:00,117.55752622265219
2016-05-14 15:00:00,113.85989303300322
2016-05-14 15:10:00,140.5161428696568
2016-05-14 15:20:00,130.08472003529715
2016-05-14 15:30:00,136.91940308425194
2016-05-14 15:40:00,125.26327833583377
2016-05-14 15:50:00,121.65919689511823
2016-05-14 16:00:00,121.97574782293466
2016-05-14 16:10:00,122.77052683487192
2016-05-14 16:20:00,121.19165455846554
2016-05-14 16:30:00,118.23154144770972
2016-05-14 16:40:00,119.38401243634104
2016-05-14 16:50:00,120.66433263226952
2016-05-14 17:00:00,121.55928316076222
2016-05-14 17:10:00,128.01177627192095
2016-05-14 17:20:00,125.51331799717724
2016-05-14 17:30:00,123.14153466935223
2016-05-14 17:40:00,118.42549106218051
2016-05-14 17:50:00,130.2102014304159
2016-05-14 18:00:00,249.86587402343983
2016-05-14 18:10:00,204.70468565745335
2016-05-14 18:20:00,207.17780188086041
2016-05-14 18:30:00,158.11963792490093
2016-05-14 18:40:00,140.79221949603485
2016-05-14 18:50:00,138.1781397800573
2016-05-14 19:00:00,132.172591495551
2016-05-14 19:10:00,135.03625167053335
2016-05-14 19:20:00,135.03247422128854
2016-05-14 19:30:00,129.48612010346866
2016-05-14 19:40:00,117.9683984188875
2016-05-14 19:50:00,112.00886621380984
2016-05-14 20:00:00,104.90099789970252
2016-05-14 20:10:00,93.82380689347788
2016-05-14 20:20:00,104.8069206259621
2016-05-14 20:30:00,93.96387326802653
2016-05-14 20:40:00,82.97790560275973
2016-05-14 20:50:00,81.74482793733607
2016-05-14 21:00:00,82.6503381722765
2016-05-14 21:10:00,74.83770468052506
2016-05-14 21:20:00,67.31824467359722
2016-05-14 21:30:00,62.999403389598655
2016-05-14 21:40:00,55.71936125576868
2016-05-14 21:50:00,58.71838358852671
2016-05-14 22:00:00,56.06486287245532
2016-05-14 22:10:00,55.25549350316648
2016-05-14 22:20:00,67.49791174214445
2016-05-14 22:30:00,60.84089871271477
2016-05-14 22:40:00,47.78191655866374
2016-05-14 22:50:00,48.19415821955179
2016-05-14 23:00:00,53.10124686742099
2016-05-14 23:10:00,57.879840552311755
2016-05-14 23:20:00,54.606607383715684
2016-05-14 23:30:00,46.53494870610515
2016-05-14 23:40:00,51.95600235687982
2016-05-14 23:50:00,55.24145962128095
2016-05-15 00:00:00,54.72789083465508
2016-05-15 00:10:00,52.33178107683969
2016-05-15 00:20:00,54.80584244249322
2016-05-15 00:30:00,54.110581255436585
2016-05-15 00:40:00,55.28214751620208
2016-05-15 00:50:00,53.20727905704204
2016-05-15 01:00:00,51.201537221289854
2016-05-15 01:10:00,51.93916054597872
2016-05-15 01:20:00,53.36670631522284
2016-05-15 01:30:00,56.070748173668065
2016-05-15 01:40:00,53.454263295990785
2016-05-15 01:50:00,50.270327604911884
2016-05-15 02:00:00,53.87207187592747
2016-05-15 02:10:00,55.73940496142169
2016-05-15 02:20:00,51.4305923572202
2016-05-15 02:30:00,52.928039991142256
2016-05-15 02:40:00,51.43303559497086
2016-05-15 02:50:00,54.78281104902139
2016-05-15 03:00:00,53.18429392956943
2016-05-15 03:10:00,46.076157422243284
2016-05-15 03:20:00,54.6683206968717
2016-05-15 03:30:00,49.611693868986606
2016-05-15 03:40:00,50.692218314970525
2016-05-15 03:50:00,49.216088039946364
2016-05-15 04:00:00,53.791666488172964
2016-05-15 04:10:00,55.46436212622645
2016-05-15 04:20:00,56.154360690640814
2016-05-15 04:30:00,57.41969618207913
2016-05-15 04:40:00,54.44426662438699
2016-05-15 04:50:00,54.91695584047188
2016-05-15 05:00:00,48.126249021885634
2016-05-15 05:10:00,51.410640386769735
2016-05-15 05:20:00,56.789638661748235
2016-05-15 05:30:00,53.19892870480567
2016-05-15 05:40:00,55.69638078509801
2016-05-15 05:50:00,56.973413876388996
2016-05-15 06:00:00,56.18264794672299
2016-05-15 06:10:00,54.57991008177286
2016-05-15 06:20:00,48.79778713038183
2016-05-15 06:30:00,49.85635700461116
2016-05-15 06:40:00,56.6576227478771
2016-05-15 06:50:00,53.546310074657306
2016-05-15 07:00:00,57.057000775733044
2016-05-15 07:10:00,56.30955673341837
2016-05-15 07:20:00,67.10366154816685
2016-05-15 07:30:00,71.44223969776489
2016-05-15 07:40:00,54.31339930735453
2016-05-15 07:50:00,54.81957359553231
2016-05-15 08:00:00,64.41542897116285
2016-05-15 08:10:00,106.06246310352475
2016-05-15 08:20:00,84.75417832675073
2016-05-15 08:30:00,83.77408699443104
2016-05-15 08:40:00,74.02446544207196
2016-05-15 08:50:00,69.75651942585807
2016-05-15 09:00:00,118.90116225897634
2016-05-15 09:10:00,104.75645984031537
2016-05-15 09:20:00,132.0240884637359
2016-05-15 09:30:00,159.1903494189953
2016-05-15 09:40:00,134.22353232828772
2016-05-15 09:50:00,155.75867709020932
2016-05-15 10:00:00,158.60437316043976
2016-05-15 10:10:00,155.67568827014776
2016-05-15 10:20:00,97.7815478612785
2016-05-15 10:30:00,101.03345331167107
2016-05-15 10:40:00,105.32684331598216
2016-05-15 10:50:00,159.10890214063159
2016-05-15 11:00:00,83.62766221463028
2016-05-15 11:10:00,83.79761209722977
2016-05-15 11:20:00,81.46910816289083
2016-05-15 11:30:00,84.04535295035882
2016-05-15 11:40:00,89.15128350212535
2016-05-15 11:50:00,83.85178135331608
2016-05-15 12:00:00,96.23906255905267
2016-05-15 12:10:00,102.97230164569793
2016-05-15 12:20:00,96.79864521885216
2016-05-15 12:30:00,102.27205064964228
2016-05-15 12:40:00,100.77196000295436
2016-05-15 12:50:00,111.29636478988328
2016-05-15 13:00:00,106.10801120020189
2016-05-15 13:10:00,98.16310666756354
2016-05-15 13:20:00,112.4014099989457
2016-05-15 13:30:00,114.37827347869676
2016-05-15 13:40:00,109.73760515916689
2016-05-15 13:50:00,162.10532660181684
2016-05-15 14:00:00,118.96117894731734
2016-05-15 14:10:00,91.40407828680098
2016-05-15 14:20:00,87.98977970120397
2016-05-15 14:30:00,95.04700646139018
2016-05-15 14:40:00,97.80320777217372
2016-05-15 14:50:00,76.18483847871178
2016-05-15 15:00:00,117.2418822570481
2016-05-15 15:10:00,151.83607763023625
2016-05-15 15:20:00,138.91519921229278
2016-05-15 15:30:00,106.40730074139613
2016-05-15 15:40:00,117.09720612682841
2016-05-15 15:50:00,130.5982611664565
2016-05-15 16:00:00,119.0915877305646
2016-05-15 16:10:00,133.291010523288
2016-05-15 16:20:00,132.64237950686817
2016-05-15 16:30:00,146.76209933419622
2016-05-15 16:40:00,157.36806294333
2016-05-15 16:50:00,131.75213102544242
2016-05-15 17:00:00,127.86319817066294
2016-05-15 17:10:00,248.93972715740315
2016-05-15 17:20:00,205.46229451149094
2016-05-15 17:30:00,152.73158344954425
2016-05-15 17:40:00,132.66168992643378
2016-05-15 17:50:00,212.0936386071448
2016-05-15 18:00:00,202.2994696293774
2016-05-15 18:10:00,179.07029414465063
2016-05-15 18:20:00,137.18932489207
2016-05-15 18:30:00,135.71591629248948
2016-05-15 18:40:00,139.2223955791306
2016-05-15 18:50:00,148.53443357912826
2016-05-15 19:00:00,136.31427924815435
2016-05-15 19:10:00,111.27498940196014
2016-05-15 19:20:00,118.85460177286726
2016-05-15 19:30:00,110.38542749315852
2016-05-15 19:40:00,106.77184981799267
2016-05-15 19:50:00,82.15391940393638
2016-05-15 20:00:00,93.23155164581036
2016-05-15 20:10:00,88.32749234389436
2016-05-15 20:20:00,90.97333732076103
2016-05-15 20:30:00,84.72441614322884
2016-05-15 20:40:00,121.09018644899062
2016-05-15 20:50:00,137.4921707710433
2016-05-15 21:00:00,133.34343536072012
2016-05-15 21:10:00,138.92327001761825
2016-05-15 21:20:00,129.83883654644265
2016-05-15 21:30:00,119.57371030965479
2016-05-15 21:40:00,118.19941288386765
2016-05-15 21:50:00,113.65600293561101
2016-05-15 22:00:00,106.31107536490875
2016-05-15 22:10:00,95.46601000425804
2016-05-15 22:20:00,98.8920682250179
2016-05-15 22:30:00,98.9820064210204
2016-05-15 22:40:00,81.58037987937757
2016-05-15 22:50:00,67.42276937498993
2016-05-15 23:00:00,78.48152705665385
2016-05-15 23:10:00,57.97749724801166
2016-05-15 23:20:00,60.74377650622969
2016-05-15 23:30:00,61.98327299566112
2016-05-15 23:40:00,61.21518055826644
2016-05-15 23:50:00,60.633024346531904
2016-05-16 00:00:00,63.73373483842501
2016-05-16 00:10:00,63.11110638072614
2016-05-16 00:20:00,57.452596557774086
2016-05-16 00:30:00,52.77607157673393
2016-05-16 00:40:00,46.85530429796315
2016-05-16 00:50:00,54.37958080290156
2016-05-16 01:00:00,57.5046226146124
2016-05-16 01:10:00,55.896594448463205
2016-05-16 01:20:00,55.14692477080349
2016-05-16 01:30:00,57.70822944727046
2016-05-16 01:40:00,56.86862589373908
2016-05-16 01:50:00,55.47306936261906
2016-05-16 02:00:00,55.89540782240314
2016-05-16 02:10:00,58.59108450074331
2016-05-16 02:20:00,57.3009877198087
2016-05-16 02:30:00,59.77329767492269
2016-05-16 02:40:00,56.194824029898896
2016-05-16 02:50:00,56.04768652388513
2016-05-16 03:00:00,57.00981334979111
2016-05-16 03:10:00,54.26473140665758
2016-05-16 03:20:00,58.22220703922476
2016-05-16 03:30:00,55.51370255496948
2016-05-16 03:40:00,52.737873180919216
2016-05-16 03:50:00,52.949813727103304
2016-05-16 04:00:00,54.49322820700747
2016-05-16 04:10:00,55.5879716430329
2016-05-16 04:20:00,55.23170243364568
2016-05-16 04:30:00,55.29143937558672
2016-05-16 04:40:00,57.67904648260642
2016-05-16 04:50:00,55.762596795427626
2016-05-16 05:00:00,56.75188262440718
2016-05-16 05:10:00,57.60309337560523
2016-05-16 05:20:00,53.96209447029759
2016-05-16 05:30:00,56.56466582505688
2016-05-16 05:40:00,55.895433814899356
2016-05-16 05:50:00,55.25601868254294
2016-05-16 06:00:00,55.65203888780857
2016-05-16 06:10:00,56.137447941231976
2016-05-16 06:20:00,56.25875376834293
2016-05-16 06:30:00,55.80517024545497
2016-05-16 06:40:00,55.567389296021176
2016-05-16 06:50:00,58.678796070294354
2016-05-16 07:00:00,56.868881069807124
2016-05-16 07:10:00,58.60268305410037
2016-05-16 07:20:00,60.11277835714062
2016-05-16 07:30:00,59.67692051212783
2016-05-16 07:40:00,55.23948347256094
2016-05-16 07:50:00,54.43511680747759
2016-05-16 08:00:00,80.99257494708755
2016-05-16 08:10:00,73.95206018578554
2016-05-16 08:20:00,63.86102675742141
2016-05-16 08:30:00,65.25983164127021
2016-05-16 08:40:00,69.60056107947571
2016-05-16 08:50:00,66.33102650667315
2016-05-16 09:00:00,93.16335240997407
2016-05-16 09:10:00,87.97508512275493
2016-05-16 09:20:00,75.71666761353275
2016-05-16 09:30:00,67.1819095319511
2016-05-16 09:40:00,60.10554893029199
2016-05-16 09:50:00,64.29354496703561
2016-05-16 10:00:00,75.36038262368298
2016-05-16 10:10:00,80.32126182976697
2016-05-16 10:20:00,139.39288804350997
2016-05-16 10:30:00,82.00592788284129
2016-05-16 10:40:00,76.1936160632927
2016-05-16 10:50:00,80.54914637726834
2016-05-16 11:00:00,90.2491052074076
2016-05-16 11:10:00,89.33546776954341
2016-05-16 11:20:00,100.87295303901787
2016-05-16 11:30:00,176.53046350726342
2016-05-16 11:40:00,210.61704272519145
2016-05-16 11:50:00,241.096886167847
2016-05-16 12:00:00,174.4511914824002
2016-05-16 12:10:00,145.46461391548073
2016-05-16 12:20:00,194.45104142935205
2016-05-16 12:30:00,157.6265441288677
2016-05-16 12:40:00,123.96959634471466
2016-05-16 12:50:00,94.53835698758698
2016-05-16 13:00:00,108.86987827116498
2016-05-16 13:10:00,110.63219263657321
2016-05-16 13:20:00,112.98846596750609
2016-05-16 13:30:00,268.23652290935667
2016-05-16 13:40:00,298.15767506928296
2016-05-16 13:50:00,258.975203270067
2016-05-16 14:00:00,241.4093677715596
2016-05-16 14:10:00,111.00147033029945
2016-05-16 14:20:00,94.40101896982092
2016-05-16 14:30:00,97.38305694780901
2016-05-16 14:40:00,87.90930388843542
2016-05-16 14:50:00,84.11063279924716
2016-05-16 15:00:00,96.6782376021689
2016-05-16 15:10:00,130.73560039757598
2016-05-16 15:20:00,127.54874679671968
2016-05-16 15:30:00,87.44812363979477
2016-05-16 15:40:00,218.02893342662378
2016-05-16 15:50:00,115.1404485168961
2016-05-16 16:00:00,116.63788819287309
2016-05-16 16:10:00,113.05251843387681
2016-05-16 16:20:00,115.35265429760152
2016-05-16 16:30:00,115.7248921746172
2016-05-16 16:40:00,91.66717692634282
2016-05-16 16:50:00,114.7066569726287
2016-05-16 17:00:00,110.10298787112532
2016-05-16 17:10:00,129.14997826809073
2016-05-16 17:20:00,134.08548681165934
2016-05-16 17:30:00,208.20975530941354
2016-05-16 17:40:00,196.75977389221566
2016-05-16 17:50:00,224.54388152185334
2016-05-16 18:00:00,303.9347935188463
2016-05-16 18:10:00,222.33628149083904
2016-05-16 18:20:00,221.2942649043262
2016-05-16 18:30:00,139.93887503546657
2016-05-16 18:40:00,137.38012968502144
2016-05-16 18:50:00,138.7670448561233
2016-05-16 19:00:00,132.44189562584734
2016-05-16 19:10:00,145.19981261877808
2016-05-16 19:20:00,111.82018754783537
2016-05-16 19:30:00,122.55838299465641
2016-05-16 19:40:00,122.34426547186712
2016-05-16 19:50:00,116.64596386538554
2016-05-16 20:00:00,115.53783758684762
2016-05-16 20:10:00,112.81057539900448
2016-05-16 20:20:00,107.74623515245689
2016-05-16 20:30:00,103.30786160154445
2016-05-16 20:40:00,114.47095230555266
2016-05-16 20:50:00,92.25222823434738
2016-05-16 21:00:00,81.9173982653313
2016-05-16 21:10:00,77.28258586957668
2016-05-16 21:20:00,76.0358482808927
2016-05-16 21:30:00,74.5616672277352
2016-05-16 21:40:00,65.95160477923298
2016-05-16 21:50:00,54.45000241014507
2016-05-16 22:00:00,52.976804441290234
2016-05-16 22:10:00,55.430806458727076
2016-05-16 22:20:00,52.438831395206954
2016-05-16 22:30:00,50.33197853669125
2016-05-16 22:40:00,47.61826073246536
2016-05-16 22:50:00,54.970933946593206
2016-05-16 23:00:00,52.76757512126649
2016-05-16 23:10:00,51.02520416824416
2016-05-16 23:20:00,54.07569027950758
2016-05-16 23:30:00,58.45358698314559
2016-05-16 23:40:00,61.57979358483085
2016-05-16 23:50:00,56.12979231153777
2016-05-17 00:00:00,56.141015093229704
2016-05-17 00:10:00,47.14698237940144
2016-05-17 00:20:00,42.04853651448404
2016-05-17 00:30:00,51.87620110946045
2016-05-17 00:40:00,56.329372870101565
2016-05-17 00:50:00,55.931357748447496
2016-05-17 01:00:00,53.62301901721073
2016-05-17 01:10:00,54.649993949234236
2016-05-17 01:20:00,52.11287728362139
2016-05-17 01:30:00,53.169030441076316
2016-05-17 01:40:00,50.39749918198411
2016-05-17 01:50:00,53.02054065372093
2016-05-17 02:00:00,51.075437876694444
2016-05-17 02:10:00,53.28186910034531
2016-05-17 02:20:00,50.93456969275075
2016-05-17 02:30:00,43.79108491216897
2016-05-17 02:40:00,53.49617705230438
2016-05-17 02:50:00,52.71115236960328
2016-05-17 03:00:00,57.258404091406554
2016-05-17 03:10:00,54.92532316894483
2016-05-17 03:20:00,54.27641016771856
2016-05-17 03:30:00,53.971645553316684
2016-05-17 03:40:00,48.37851371446652
2016-05-17 03:50:00,52.484316917674114
2016-05-17 04:00:00,46.59970136134514
2016-05-17 04:10:00,51.29532786001324
2016-05-17 04:20:00,54.66354081075468
2016-05-17 04:30:00,54.68601747667087
2016-05-17 04:40:00,53.53657615977472
2016-05-17 04:50:00,55.35619065742673
2016-05-17 05:00:00,53.10952520698027
2016-05-17 05:10:00,54.22943896233771
2016-05-17 05:20:00,57.92936735846458
2016-05-17 05:30:00,62.13922285769629
2016-05-17 05:40:00,51.86731442810289
2016-05-17 05:50:00,47.45362558356443
2016-05-17 06:00:00,52.67024321874877
2016-05-17 06:10:00,56.52467781270822
2016-05-17 06:20:00,59.13131690048413
2016-05-17 06:30:00,52.670835944222304
2016-05-17 06:40:00,54.275536206212514
2016-05-17 06:50:00,52.92997883956242
2016-05-17 07:00:00,64.35790128580939
2016-05-17 07:10:00,68.3294271148133
2016-05-17 07:20:00,63.18251631204414
2016-05-17 07:30:00,65.42451058250239
2016-05-17 07:40:00,81.23002351189204
2016-05-17 07:50:00,69.59170870958772
2016-05-17 08:00:00,61.84503088079558
2016-05-17 08:10:00,59.94724554491116
2016-05-17 08:20:00,60.04928914856812
2016-05-17 08:30:00,65.40207297106922
2016-05-17 08:40:00,57.95916667586717
2016-05-17 08:50:00,61.84293379683411
2016-05-17 09:00:00,63.74436413581017
2016-05-17 09:10:00,56.311727578374644
2016-05-17 09:20:00,53.814703485067156
2016-05-17 09:30:00,54.62959144109294
2016-05-17 09:40:00,56.09922995175049
2016-05-17 09:50:00,56.80488553813918
2016-05-17 10:00:00,56.40978241645862
2016-05-17 10:10:00,63.587277107217915
2016-05-17 10:20:00,58.67328661118154
2016-05-17 10:30:00,56.207301552777636
2016-05-17 10:40:00,61.07899671691356
2016-05-17 10:50:00,57.86780737108788
2016-05-17 11:00:00,59.46799816302857
2016-05-17 11:10:00,56.02967821827254
2016-05-17 11:20:00,59.21789428887283
2016-05-17 11:30:00,51.91660802191215
2016-05-17 11:40:00,58.86376183165229
2016-05-17 11:50:00,55.70468791301873
2016-05-17 12:00:00,60.2413221758032
2016-05-17 12:10:00,60.59721678349409
2016-05-17 12:20:00,61.16108705405802
2016-05-17 12:30:00,57.2083416478169
2016-05-17 12:40:00,54.67908938333129
2016-05-17 12:50:00,62.444750571943985
2016-05-17 13:00:00,56.63530732761368
2016-05-17 13:10:00,53.67863150959906
2016-05-17 13:20:00,51.42158273051546
2016-05-17 13:30:00,59.11727618097553
2016-05-17 13:40:00,64.85294562543724
2016-05-17 13:50:00,55.08301212773961
2016-05-17 14:00:00,46.210452525160235
2016-05-17 14:10:00,54.233382880289405
2016-05-17 14:20:00,58.16106030312853
2016-05-17 14:30:00,66.25327345243838
2016-05-17 14:40:00,63.50209867608933
2016-05-17 14:50:00,52.205407466155286
2016-05-17 15:00:00,56.74257678681222
2016-05-17 15:10:00,54.174180244658736
2016-05-17 15:20:00,53.20315755171124
2016-05-17 15:30:00,51.065796375455875
2016-05-17 15:40:00,56.46442314000018
2016-05-17 15:50:00,67.7349713602991
2016-05-17 16:00:00,63.48217398055681
2016-05-17 16:10:00,51.58762176235875
2016-05-17 16:20:00,55.81418507635229
2016-05-17 16:30:00,61.31984591074721
2016-05-17 16:40:00,52.61280337737974
2016-05-17 16:50:00,82.14208761969851
2016-05-17 17:00:00,78.59496895165474
2016-05-17 17:10:00,85.2366823454996
2016-05-17 17:20:00,88.93636998831441
2016-05-17 17:30:00,95.56254901616691
2016-05-17 17:40:00,129.7987270041387
2016-05-17 17:50:00,180.76664658000075
2016-05-17 18:00:00,245.9519442051884
2016-05-17 18:10:00,196.22837512522082
2016-05-17 18:20:00,110.94565380079416
2016-05-17 18:30:00,108.29272275962667
2016-05-17 18:40:00,114.78838015063891
2016-05-17 18:50:00,115.16160921275568
2016-05-17 19:00:00,124.13797212418655
2016-05-17 19:10:00,122.42254252798907
2016-05-17 19:20:00,132.39800453351688
2016-05-17 19:30:00,147.09884349122632
2016-05-17 19:40:00,121.29039413319813
2016-05-17 19:50:00,111.54001550787338
2016-05-17 20:00:00,102.49574295478979
2016-05-17 20:10:00,100.13607862521958
2016-05-17 20:20:00,102.35748910044386
2016-05-17 20:30:00,102.52460526655481
2016-05-17 20:40:00,96.27363973934064
2016-05-17 20:50:00,96.03357663149667
2016-05-17 21:00:00,95.99556865031425
2016-05-17 21:10:00,86.41949599544186
2016-05-17 21:20:00,77.05260147674498
2016-05-17 21:30:00,59.09806850576763
2016-05-17 21:40:00,67.27221110580318
2016-05-17 21:50:00,52.982034575636156
2016-05-17 22:00:00,54.59096973623781
2016-05-17 22:10:00,52.54351640467884
2016-05-17 22:20:00,56.32769896426138
2016-05-17 22:30:00,64.49662379437203
2016-05-17 22:40:00,54.26836716924397
2016-05-17 22:50:00,45.02110534541469
2016-05-17 23:00:00,41.48315153750216
2016-05-17 23:10:00,54.62492094809067
2016-05-17 23:20:00,57.05176326440624
2016-05-17 23:30:00,59.62048703043014
2016-05-17 23:40:00,58.861323102006835
2016-05-17 23:50:00,57.17305396059755
2016-05-18 00:00:00,55.70520151727398
2016-05-18 00:10:00,54.33494651822881
2016-05-18 00:20:00,51.60140109096952
2016-05-18 00:30:00,54.913056402241324
2016-05-18 00:40:00,55.92077084334329
2016-05-18 00:50:00,54.28032779310395
2016-05-18 01:00:00,53.13859916375041
2016-05-18 01:10:00,52.603669390152284
2016-05-18 01:20:00,52.460956604922124
2016-05-18 01:30:00,47.3997190944571
2016-05-18 01:40:00,54.144500861721
2016-05-18 01:50:00,53.86899512103386
2016-05-18 02:00:00,54.83517684344787
2016-05-18 02:10:00,56.01987036064974
2016-05-18 02:20:00,54.750125503121026
2016-05-18 02:30:00,49.10911325991656
2016-05-18 02:40:00,51.43866401487163
2016-05-18 02:50:00,50.24846769461295
2016-05-18 03:00:00,49.42550261413345
2016-05-18 03:10:00,54.46992367496412
2016-05-18 03:20:00,47.67018516157425
2016-05-18 03:30:00,54.003624496546365
2016-05-18 03:40:00,51.581183592749674
2016-05-18 03:50:00,55.164160122982814
2016-05-18 04:00:00,56.216790472947096
2016-05-18 04:10:00,50.29302412168558
2016-05-18 04:20:00,52.755816874756825
2016-05-18 04:30:00,49.58621202537567
2016-05-18 04:40:00,54.29417016992328
2016-05-18 04:50:00,51.68692401745325
2016-05-18 05:00:00,49.63908351470821
2016-05-18 05:10:00,45.889272360998575
2016-05-18 05:20:00,61.37369721874764
2016-05-18 05:30:00,63.64859632257475
2016-05-18 05:40:00,58.897935896041844
2016-05-18 05:50:00,50.67848212104689
2016-05-18 06:00:00,63.01920752240221
2016-05-18 06:10:00,64.61645742848054
2016-05-18 06:20:00,59.851681548560926
2016-05-18 06:30:00,98.00788452847576
2016-05-18 06:40:00,72.36430545473088
2016-05-18 06:50:00,71.82606800016309
2016-05-18 07:00:00,58.08714270012796
2016-05-18 07:10:00,55.86822165436816
2016-05-18 07:20:00,58.41648221467793
2016-05-18 07:30:00,57.24044393441679
2016-05-18 07:40:00,56.91321141669883
2016-05-18 07:50:00,53.45304756863442
2016-05-18 08:00:00,55.587677155354925
2016-05-18 08:10:00,59.20490123307301
2016-05-18 08:20:00,54.15616297968274
2016-05-18 08:30:00,62.08874555774561
2016-05-18 08:40:00,66.2864313003431
2016-05-18 08:50:00,71.6803586796172
2016-05-18 09:00:00,53.76643846745621
2016-05-18 09:10:00,50.833854047845215
2016-05-18 09:20:00,56.40600806396457
2016-05-18 09:30:00,53.00060360781711
2016-05-18 09:40:00,76.45219937412652
2016-05-18 09:50:00,68.45483508319784
2016-05-18 10:00:00,74.33918608686581
2016-05-18 10:10:00,70.0314843553355
2016-05-18 10:20:00,57.1968907424863
2016-05-18 10:30:00,45.835695928325364
2016-05-18 10:40:00,58.84945666993772
2016-05-18 10:50:00,60.70457446554533
2016-05-18 11:00:00,55.69048904819961
2016-05-18 11:10:00,73.89528184027107
2016-05-18 11:20:00,80.36739914096852
2016-05-18 11:30:00,76.49141800823031
2016-05-18 11:40:00,57.89232304476142
2016-05-18 11:50:00,67.52344619345004
2016-05-18 12:00:00,54.19028823126293
2016-05-18 12:10:00,58.11064604356365
2016-05-18 12:20:00,54.74725087162426
2016-05-18 12:30:00,53.41229207077855
2016-05-18 12:40:00,53.86936022461909
2016-05-18 12:50:00,48.88697554669139
2016-05-18 13:00:00,74.4059437125811
2016-05-18 13:10:00,74.49202836938267
2016-05-18 13:20:00,81.92554463194595
2016-05-18 13:30:00,77.66473920900523
2016-05-18 13:40:00,81.50776681315406
2016-05-18 13:50:00,76.9975861034376
2016-05-18 14:00:00,80.2284251401579
2016-05-18 14:10:00,81.58915505831226
2016-05-18 14:20:00,81.36828809003447
2016-05-18 14:30:00,77.00491676641856
2016-05-18 14:40:00,74.73203039101413
2016-05-18 14:50:00,78.2619526945455
2016-05-18 15:00:00,76.34502492179176
2016-05-18 15:10:00,75.9623047093854
2016-05-18 15:20:00,83.14326474058329
2016-05-18 15:30:00,85.54805087291022
2016-05-18 15:40:00,85.93528570877767
2016-05-18 15:50:00,84.3958497686036
2016-05-18 16:00:00,85.76405190219322
2016-05-18 16:10:00,81.38383962099459
2016-05-18 16:20:00,80.01022685964456
2016-05-18 16:30:00,61.23814672079508
2016-05-18 16:40:00,77.541301732498
2016-05-18 16:50:00,143.06881215273586
2016-05-18 17:00:00,159.23268629491542
2016-05-18 17:10:00,85.94445198063633
2016-05-18 17:20:00,89.7112774204607
2016-05-18 17:30:00,102.57575807476346
2016-05-18 17:40:00,119.93292080228505
2016-05-18 17:50:00,139.73364531734825
2016-05-18 18:00:00,139.51066141999502
2016-05-18 18:10:00,249.92936453192115
2016-05-18 18:20:00,134.366504845736
2016-05-18 18:30:00,147.27718090979278
2016-05-18 18:40:00,132.487476864963
2016-05-18 18:50:00,189.0306081402317
2016-05-18 19:00:00,155.02761290110786
2016-05-18 19:10:00,130.91280402476414
2016-05-18 19:20:00,139.94337663254058
2016-05-18 19:30:00,147.4218379733158
2016-05-18 19:40:00,141.60599175470128
2016-05-18 19:50:00,143.11386118166166
2016-05-18 20:00:00,129.5542668366958
2016-05-18 20:10:00,131.8557624841589
2016-05-18 20:20:00,130.5186807904775
2016-05-18 20:30:00,119.68975807462594
2016-05-18 20:40:00,115.73882716633895
2016-05-18 20:50:00,137.03775007678104
2016-05-18 21:00:00,119.1240951566036
2016-05-18 21:10:00,109.6253651860329
2016-05-18 21:20:00,97.23589863499544
2016-05-18 21:30:00,102.44248456727951
2016-05-18 21:40:00,90.35268332287745
2016-05-18 21:50:00,69.62269615983865
2016-05-18 22:00:00,58.31899645262408
2016-05-18 22:10:00,54.976233888458815
2016-05-18 22:20:00,51.013082062014824
2016-05-18 22:30:00,52.37725817899053
2016-05-18 22:40:00,49.49801825539453
2016-05-18 22:50:00,52.09299681354299
2016-05-18 23:00:00,46.63601930907867
2016-05-18 23:10:00,51.84996544571883
2016-05-18 23:20:00,54.90995015175112
2016-05-18 23:30:00,54.65190295722852
2016-05-18 23:40:00,56.342153100932514
2016-05-18 23:50:00,52.541708434271435
2016-05-19 00:00:00,56.67863500644707
2016-05-19 00:10:00,54.30684384255703
2016-05-19 00:20:00,52.34864182813173
2016-05-19 00:30:00,48.50368104602686
2016-05-19 00:40:00,53.63299516087014
2016-05-19 00:50:00,51.09341832463053
2016-05-19 01:00:00,52.7538714751712
2016-05-19 01:10:00,54.26606405273638
2016-05-19 01:20:00,50.738216983049924
2016-05-19 01:30:00,52.841308805085625
2016-05-19 01:40:00,53.95632619297645
2016-05-19 01:50:00,55.99301414388406
2016-05-19 02:00:00,53.04340479053461
2016-05-19 02:10:00,53.78910246188692
2016-05-19 02:20:00,51.430684002616864
2016-05-19 02:30:00,49.8635174884245
2016-05-19 02:40:00,51.53025334393646
2016-05-19 02:50:00,52.73549508761537
2016-05-19 03:00:00,55.55252499205375
2016-05-19 03:10:00,48.979472565227844
2016-05-19 03:20:00,51.01152825607498
2016-05-19 03:30:00,49.49875047808507
2016-05-19 03:40:00,55.54828694893292
2016-05-19 03:50:00,52.9699700049631
2016-05-19 04:00:00,55.337080180047636
2016-05-19 04:10:00,56.71584446908907
2016-05-19 04:20:00,55.46947436636603
2016-05-19 04:30:00,54.32970949275289
2016-05-19 04:40:00,48.39110095558609
2016-05-19 04:50:00,53.65591442044747
2016-05-19 05:00:00,52.97375966001903
2016-05-19 05:10:00,55.86749647615873
2016-05-19 05:20:00,53.313585944654406
2016-05-19 05:30:00,61.191743568655816
2016-05-19 05:40:00,51.96159644499244
2016-05-19 05:50:00,51.31531906334273
2016-05-19 06:00:00,54.545071710560634
2016-05-19 06:10:00,58.476614680316175
2016-05-19 06:20:00,60.38544635005008
2016-05-19 06:30:00,57.05279181807225
2016-05-19 06:40:00,60.15281786507801
2016-05-19 06:50:00,56.502944955822606
2016-05-19 07:00:00,48.66482030605118
2016-05-19 07:10:00,49.521532921707845
2016-05-19 07:20:00,54.585249179003405
2016-05-19 07:30:00,53.0935263590849
2016-05-19 07:40:00,58.24328818665345
2016-05-19 07:50:00,53.94309986724935
2016-05-19 08:00:00,58.1679844606575
2016-05-19 08:10:00,57.233025690729235
2016-05-19 08:20:00,59.015227599419546
2016-05-19 08:30:00,55.76516748582781
2016-05-19 08:40:00,57.90243074918996
2016-05-19 08:50:00,55.52015071499655
2016-05-19 09:00:00,53.29049966550297
2016-05-19 09:10:00,54.34959963393722
2016-05-19 09:20:00,55.44343346285259
2016-05-19 09:30:00,51.345150722497785
2016-05-19 09:40:00,41.42266101312214
2016-05-19 09:50:00,55.115438075482665
2016-05-19 10:00:00,58.30129709886372
2016-05-19 10:10:00,58.03774714092519
2016-05-19 10:20:00,61.01305268786933
2016-05-19 10:30:00,57.68315164583364
2016-05-19 10:40:00,58.03521307410826
2016-05-19 10:50:00,53.09942543733751
2016-05-19 11:00:00,53.87438800254604
2016-05-19 11:10:00,60.88208392465947
2016-05-19 11:20:00,53.49728549501009
2016-05-19 11:30:00,55.06471701280362
2016-05-19 11:40:00,56.3540544190507
2016-05-19 11:50:00,55.24199472380794
2016-05-19 12:00:00,57.71455246968831
2016-05-19 12:10:00,56.67153919120962
2016-05-19 12:20:00,54.53202025956241
2016-05-19 12:30:00,47.23619765111648
2016-05-19 12:40:00,59.75422552973093
2016-05-19 12:50:00,55.25005874323017
2016-05-19 13:00:00,56.0823947426495
2016-05-19 13:10:00,46.44854023607777
2016-05-19 13:20:00,52.299428537005966
2016-05-19 13:30:00,53.08125962573071
2016-05-19 13:40:00,56.01551575506884
2016-05-19 13:50:00,57.19928825188974
2016-05-19 14:00:00,53.55775899137717
2016-05-19 14:10:00,59.24017821256916
2016-05-19 14:20:00,53.0567119553365
2016-05-19 14:30:00,57.66035425460765
2016-05-19 14:40:00,52.75031505673157
2016-05-19 14:50:00,58.5666849551843
2016-05-19 15:00:00,82.98665912741288
2016-05-19 15:10:00,80.26069939877746
2016-05-19 15:20:00,80.26546105606984
2016-05-19 15:30:00,79.78577383827883
2016-05-19 15:40:00,79.55325731586768
2016-05-19 15:50:00,78.81907501780866
2016-05-19 16:00:00,88.29631971802358
2016-05-19 16:10:00,79.8802693709764
2016-05-19 16:20:00,101.61806821258808
2016-05-19 16:30:00,94.74831780896668
2016-05-19 16:40:00,104.21793568115487
2016-05-19 16:50:00,107.3528705947003
2016-05-19 17:00:00,110.37500739506426
2016-05-19 17:10:00,95.21591257894791
2016-05-19 17:20:00,85.680926289395
2016-05-19 17:30:00,150.44762060385787
2016-05-19 17:40:00,113.49375731740352
2016-05-19 17:50:00,188.90118480603797
2016-05-19 18:00:00,269.60526752724076
2016-05-19 18:10:00,196.78441237144764
2016-05-19 18:20:00,145.8831250055619
2016-05-19 18:30:00,121.96579196005901
2016-05-19 18:40:00,193.8865439473758
2016-05-19 18:50:00,140.9448945033035
2016-05-19 19:00:00,130.65760539464165
2016-05-19 19:10:00,146.38712090905528
2016-05-19 19:20:00,150.73607958852944
2016-05-19 19:30:00,147.00523372888247
2016-05-19 19:40:00,116.60595546075656
2016-05-19 19:50:00,109.0067609763933
2016-05-19 20:00:00,105.4168847217406
2016-05-19 20:10:00,97.72427540089795
2016-05-19 20:20:00,116.63274771788197
2016-05-19 20:30:00,94.6397767020835
2016-05-19 20:40:00,103.25210210660846
2016-05-19 20:50:00,103.05739759050417
2016-05-19 21:00:00,90.28963202973597
2016-05-19 21:10:00,77.20011052851602
2016-05-19 21:20:00,66.22985948768924
2016-05-19 21:30:00,70.6493266382833
2016-05-19 21:40:00,63.055710521665006
2016-05-19 21:50:00,53.727971411923576
2016-05-19 22:00:00,52.53862439035534
2016-05-19 22:10:00,52.30134266782683
2016-05-19 22:20:00,49.52816652244227
2016-05-19 22:30:00,50.051861480012334
2016-05-19 22:40:00,52.78009544524191
2016-05-19 22:50:00,53.78273753500432
2016-05-19 23:00:00,53.39628797868868
2016-05-19 23:10:00,52.319204143536176
2016-05-19 23:20:00,55.8109001225164
2016-05-19 23:30:00,52.50444806585809
2016-05-19 23:40:00,54.2886800256241
2016-05-19 23:50:00,55.30790821525181
2016-05-20 00:00:00,49.31355235606627
2016-05-20 00:10:00,52.796400160741356
2016-05-20 00:20:00,46.54092009019776
2016-05-20 00:30:00,52.347671189148976
2016-05-20 00:40:00,55.178586470956276
2016-05-20 00:50:00,57.10289128549555
2016-05-20 01:00:00,50.71656642122715
2016-05-20 01:10:00,56.344822936734666
2016-05-20 01:20:00,54.436311516721865
2016-05-20 01:30:00,50.92004100778301
2016-05-20 01:40:00,53.94026793951195
2016-05-20 01:50:00,52.063691761411974
2016-05-20 02:00:00,54.613951748675184
2016-05-20 02:10:00,46.22693143769587
2016-05-20 02:20:00,49.63044006799974
2016-05-20 02:30:00,49.37193162140826
2016-05-20 02:40:00,44.42387181994584
2016-05-20 02:50:00,42.61440742820233
2016-05-20 03:00:00,52.99322134443447
2016-05-20 03:10:00,57.30343120835614
2016-05-20 03:20:00,59.928765066004885
2016-05-20 03:30:00,57.9743132931116
2016-05-20 03:40:00,54.05852429377498
2016-05-20 03:50:00,55.970116301685
2016-05-20 04:00:00,57.44688917082286
2016-05-20 04:10:00,54.23908478053459
2016-05-20 04:20:00,52.16658160632025
2016-05-20 04:30:00,52.86679008184791
2016-05-20 04:40:00,53.88398816344614
2016-05-20 04:50:00,53.322827952515446
2016-05-20 05:00:00,52.14475979038413
2016-05-20 05:10:00,54.72109587940972
2016-05-20 05:20:00,61.02467419660279
2016-05-20 05:30:00,62.592471213890605
2016-05-20 05:40:00,49.577786564089045
2016-05-20 05:50:00,49.936230000534316
2016-05-20 06:00:00,58.18117926859645
2016-05-20 06:10:00,51.67412459427419
2016-05-20 06:20:00,55.95255217247661
2016-05-20 06:30:00,54.944949592985886
2016-05-20 06:40:00,52.91148656399874
2016-05-20 06:50:00,58.170078790110765
2016-05-20 07:00:00,85.62074585445988
2016-05-20 07:10:00,81.04825488249989
2016-05-20 07:20:00,75.75820417714493
2016-05-20 07:30:00,81.03818140549383
2016-05-20 07:40:00,82.07950165525561
2016-05-20 07:50:00,85.51355978835684
2016-05-20 08:00:00,84.55757689313805
2016-05-20 08:10:00,86.84390019179129
2016-05-20 08:20:00,107.42598837702816
2016-05-20 08:30:00,105.26552122969174
2016-05-20 08:40:00,131.39950576211
2016-05-20 08:50:00,100.93712404433595
2016-05-20 09:00:00,112.57982512852325
2016-05-20 09:10:00,98.9128642499681
2016-05-20 09:20:00,105.61599142965707
2016-05-20 09:30:00,135.25860866300076
2016-05-20 09:40:00,208.54261055176474
2016-05-20 09:50:00,115.9606287967006
2016-05-20 10:00:00,95.85071462370496
2016-05-20 10:10:00,80.68166069107322
2016-05-20 10:20:00,92.73124306544089
2016-05-20 10:30:00,84.56931645808004
2016-05-20 10:40:00,75.4581269303265
2016-05-20 10:50:00,81.72088812198501
2016-05-20 11:00:00,76.6873227980924
2016-05-20 11:10:00,78.01842964624798
2016-05-20 11:20:00,75.72613128590066
2016-05-20 11:30:00,80.72773299658695
2016-05-20 11:40:00,75.23417867023858
2016-05-20 11:50:00,73.24237287203259
2016-05-20 12:00:00,104.5380100918394
2016-05-20 12:10:00,78.65029902428361
2016-05-20 12:20:00,81.41105797805679
2016-05-20 12:30:00,78.275207661025
2016-05-20 12:40:00,86.28025005722971
2016-05-20 12:50:00,80.9339032514133
2016-05-20 13:00:00,73.60823003159703
2016-05-20 13:10:00,72.70939532532593
2016-05-20 13:20:00,69.1336626123559
2016-05-20 13:30:00,60.94621896407285
2016-05-20 13:40:00,65.60791095145845
2016-05-20 13:50:00,61.24892263951693
2016-05-20 14:00:00,53.97890714633698
2016-05-20 14:10:00,60.36065580469729
2016-05-20 14:20:00,62.68707996076582
2016-05-20 14:30:00,70.57012582626338
2016-05-20 14:40:00,60.36789469129649
2016-05-20 14:50:00,57.54905851976578
2016-05-20 15:00:00,53.181636714550805
2016-05-20 15:10:00,62.331801455235215
2016-05-20 15:20:00,58.801746008394296
2016-05-20 15:30:00,49.89983042981601
2016-05-20 15:40:00,56.17316809567847
2016-05-20 15:50:00,59.125922115221364
2016-05-20 16:00:00,57.91676232888598
2016-05-20 16:10:00,48.70272773381787
2016-05-20 16:20:00,44.42642886899286
2016-05-20 16:30:00,54.09074746154581
2016-05-20 16:40:00,54.11645221054356
2016-05-20 16:50:00,65.66093051226977
2016-05-20 17:00:00,68.91841778492153
2016-05-20 17:10:00,71.97878789043605
2016-05-20 17:20:00,93.74384560895255
2016-05-20 17:30:00,69.32171109383687
2016-05-20 17:40:00,93.60475581716663
2016-05-20 17:50:00,103.00191245822968
2016-05-20 18:00:00,140.0811143345849
2016-05-20 18:10:00,105.6977449426566
2016-05-20 18:20:00,149.83972148916135
2016-05-20 18:30:00,134.57412959495935
2016-05-20 18:40:00,110.00068670769339
2016-05-20 18:50:00,81.46418179544796
2016-05-20 19:00:00,75.21754739768551
2016-05-20 19:10:00,102.66907055137712
2016-05-20 19:20:00,80.03503813324718
2016-05-20 19:30:00,64.9699580035042
2016-05-20 19:40:00,67.81081536945374
2016-05-20 19:50:00,99.23642578803988
2016-05-20 20:00:00,83.1031389934896
2016-05-20 20:10:00,98.9190443611465
2016-05-20 20:20:00,94.67560385471704
2016-05-20 20:30:00,96.51753922222957
2016-05-20 20:40:00,93.58386600548127
2016-05-20 20:50:00,88.80835501828194
2016-05-20 21:00:00,106.10162470582203
2016-05-20 21:10:00,75.56895298254912
2016-05-20 21:20:00,77.38094186327304
2016-05-20 21:30:00,66.50375896903304
2016-05-20 21:40:00,85.92177896201515
2016-05-20 21:50:00,74.45144898890403
2016-05-20 22:00:00,52.497914653506236
2016-05-20 22:10:00,55.18806993555597
2016-05-20 22:20:00,47.448026489788056
2016-05-20 22:30:00,63.51265469999605
2016-05-20 22:40:00,59.48822036125714
2016-05-20 22:50:00,59.28416610227451
2016-05-20 23:00:00,57.592537757571705
2016-05-20 23:10:00,49.11258702172958
2016-05-20 23:20:00,48.489838299720056
2016-05-20 23:30:00,52.3298510229248
2016-05-20 23:40:00,55.4653894721217
2016-05-20 23:50:00,54.8912385609653
2016-05-21 00:00:00,47.71113765681901
2016-05-21 00:10:00,42.769149378062906
2016-05-21 00:20:00,53.0210320922688
2016-05-21 00:30:00,56.423378983870414
2016-05-21 00:40:00,56.02436348435399
2016-05-21 00:50:00,58.247085661260364
2016-05-21 01:00:00,58.58131188552083
2016-05-21 01:10:00,54.41531040893333
2016-05-21 01:20:00,55.41187461034697
2016-05-21 01:30:00,53.39279817743495
2016-05-21 01:40:00,52.7187894942272
2016-05-21 01:50:00,52.92508257817086
2016-05-21 02:00:00,53.33618557230592
2016-05-21 02:10:00,53.42026345411521
2016-05-21 02:20:00,55.467944459225684
2016-05-21 02:30:00,52.54148510098699
2016-05-21 02:40:00,53.77824694672812
2016-05-21 02:50:00,50.35964984428027
2016-05-21 03:00:00,53.673110174708135
2016-05-21 03:10:00,55.46422529772522
2016-05-21 03:20:00,46.1942043414796
2016-05-21 03:30:00,50.043871482364246
2016-05-21 03:40:00,54.218624527841186
2016-05-21 03:50:00,51.46777604355139
2016-05-21 04:00:00,56.201970265710045
2016-05-21 04:10:00,54.898507267792155
2016-05-21 04:20:00,56.158244519102794
2016-05-21 04:30:00,56.05417407899935
2016-05-21 04:40:00,54.99863104323418
2016-05-21 04:50:00,49.72611102217968
2016-05-21 05:00:00,54.18218103841184
2016-05-21 05:10:00,54.001447123460984
2016-05-21 05:20:00,59.82184627495
2016-05-21 05:30:00,50.647473105678124
2016-05-21 05:40:00,52.3377941404132
2016-05-21 05:50:00,55.16180740652058
2016-05-21 06:00:00,55.900606557954866
2016-05-21 06:10:00,55.549288864199184
2016-05-21 06:20:00,53.704845907114695
2016-05-21 06:30:00,57.60114831730712
2016-05-21 06:40:00,58.51607872237722
2016-05-21 06:50:00,54.014394638313235
2016-05-21 07:00:00,57.332230397093404
2016-05-21 07:10:00,71.02522401632484
2016-05-21 07:20:00,74.75211922906851
2016-05-21 07:30:00,58.22370569658321
2016-05-21 07:40:00,54.60726015233496
2016-05-21 07:50:00,68.69711480213427
2016-05-21 08:00:00,66.94157232229776
2016-05-21 08:10:00,64.64770968698664
2016-05-21 08:20:00,81.24982100640287
2016-05-21 08:30:00,142.3479011695275
2016-05-21 08:40:00,89.83931459138208
2016-05-21 08:50:00,88.31886254711603
2016-05-21 09:00:00,147.4365555650949
2016-05-21 09:10:00,113.0320409233124
2016-05-21 09:20:00,117.32812711960175
2016-05-21 09:30:00,127.74600143573912
2016-05-21 09:40:00,181.63466322419853
2016-05-21 09:50:00,205.7395565359596
2016-05-21 10:00:00,176.15657932729766
2016-05-21 10:10:00,254.39158305189142
2016-05-21 10:20:00,238.9915716452103
2016-05-21 10:30:00,201.051097621962
2016-05-21 10:40:00,177.36882606583293
2016-05-21 10:50:00,147.9385803157474
2016-05-21 11:00:00,135.38695138850588
2016-05-21 11:10:00,195.62774711032182
2016-05-21 11:20:00,125.97505365623569
2016-05-21 11:30:00,245.00940150590063
2016-05-21 11:40:00,235.02227629394355
2016-05-21 11:50:00,256.8654694549606
2016-05-21 12:00:00,181.52603999925438
2016-05-21 12:10:00,219.2225195825874
2016-05-21 12:20:00,250.94207612090037
2016-05-21 12:30:00,155.73913683216438
2016-05-21 12:40:00,170.91282344629866
2016-05-21 12:50:00,154.90526877958317
2016-05-21 13:00:00,177.51981848611328
2016-05-21 13:10:00,155.84091234513946
2016-05-21 13:20:00,154.25735796897834
2016-05-21 13:30:00,383.9422692626824
2016-05-21 13:40:00,323.6349758539936
2016-05-21 13:50:00,263.1476016247069
2016-05-21 14:00:00,291.43173112016177
2016-05-21 14:10:00,242.81556485775974
2016-05-21 14:20:00,212.10862274828168
2016-05-21 14:30:00,148.0728909151177
2016-05-21 14:40:00,147.35428314360237
2016-05-21 14:50:00,142.49303915278986
2016-05-21 15:00:00,356.43694205319434
2016-05-21 15:10:00,311.2816437924602
2016-05-21 15:20:00,302.1592084808733
2016-05-21 15:30:00,285.0941703231537
2016-05-21 15:40:00,259.6379299320472
2016-05-21 15:50:00,225.69797615169972
2016-05-21 16:00:00,136.90857160383567
2016-05-21 16:10:00,145.212207217607
2016-05-21 16:20:00,160.8327040358636
2016-05-21 16:30:00,160.35449479156517
2016-05-21 16:40:00,179.0121031652677
2016-05-21 16:50:00,147.10018490053488
2016-05-21 17:00:00,135.23404134127722
2016-05-21 17:10:00,161.97730322659854
2016-05-21 17:20:00,174.00714176288128
2016-05-21 17:30:00,147.09590184668303
2016-05-21 17:40:00,122.36965473426679
2016-05-21 17:50:00,121.10637241354215
2016-05-21 18:00:00,137.92068970356368
2016-05-21 18:10:00,126.0174016281473
2016-05-21 18:20:00,181.23788108762395
2016-05-21 18:30:00,136.16557682920083
2016-05-21 18:40:00,122.92476229086974
2016-05-21 18:50:00,112.96639271602976
2016-05-21 19:00:00,111.11761404678633
2016-05-21 19:10:00,112.93882413608658
2016-05-21 19:20:00,117.17896986986372
2016-05-21 19:30:00,128.47103694072504
2016-05-21 19:40:00,133.40543244947833
2016-05-21 19:50:00,132.55417217371522
2016-05-21 20:00:00,129.1797419993284
2016-05-21 20:10:00,123.01135878283434
2016-05-21 20:20:00,124.78770971870644
2016-05-21 20:30:00,120.49917304974369
2016-05-21 20:40:00,116.6427718521831
2016-05-21 20:50:00,114.01241342186358
2016-05-21 21:00:00,83.76933190737512
2016-05-21 21:10:00,95.087328071665
2016-05-21 21:20:00,103.23750848248129
2016-05-21 21:30:00,105.05099957268754
2016-05-21 21:40:00,138.7714146317601
2016-05-21 21:50:00,93.61084813850692
2016-05-21 22:00:00,94.72565626310258
2016-05-21 22:10:00,88.8734554207974
2016-05-21 22:20:00,91.47140191578107
2016-05-21 22:30:00,65.79374406195346
2016-05-21 22:40:00,63.588855082629436
2016-05-21 22:50:00,65.24578625644021
2016-05-21 23:00:00,61.91000272993836
2016-05-21 23:10:00,61.52611705326292
2016-05-21 23:20:00,61.73818497204585
2016-05-21 23:30:00,126.22744292936181
2016-05-21 23:40:00,153.71250954927112
2016-05-21 23:50:00,98.94945035805483
2016-05-22 00:00:00,69.92862657789627
2016-05-22 00:10:00,59.22307004687876
2016-05-22 00:20:00,60.305707618233605
2016-05-22 00:30:00,58.43757584866814
2016-05-22 00:40:00,56.806612416343135
2016-05-22 00:50:00,58.000717903952165
2016-05-22 01:00:00,60.37390072655121
2016-05-22 01:10:00,60.56703432120735
2016-05-22 01:20:00,56.2607884795982
2016-05-22 01:30:00,62.79276684872479
2016-05-22 01:40:00,64.55287188847603
2016-05-22 01:50:00,60.31629408219453
2016-05-22 02:00:00,61.09522109800638
2016-05-22 02:10:00,61.368272210723866
2016-05-22 02:20:00,56.720934729658524
2016-05-22 02:30:00,55.23978285071924
2016-05-22 02:40:00,57.309497524504756
2016-05-22 02:50:00,57.29694402914592
2016-05-22 03:00:00,56.52629691018564
2016-05-22 03:10:00,57.81382165715008
2016-05-22 03:20:00,55.944099018496196
2016-05-22 03:30:00,54.689117922774244
2016-05-22 03:40:00,57.40373494547426
2016-05-22 03:50:00,56.45825985345643
2016-05-22 04:00:00,57.561284774729
2016-05-22 04:10:00,55.714499009059494
2016-05-22 04:20:00,57.409793134941765
2016-05-22 04:30:00,56.08731347602729
2016-05-22 04:40:00,57.36478589363034
2016-05-22 04:50:00,55.94991643652083
2016-05-22 05:00:00,57.215532418619524
2016-05-22 05:10:00,56.0087393139118
2016-05-22 05:20:00,57.23676534836283
2016-05-22 05:30:00,55.60356481855827
2016-05-22 05:40:00,54.96780780546132
2016-05-22 05:50:00,53.13022175985766
2016-05-22 06:00:00,57.00666089694246
2016-05-22 06:10:00,58.563775617093825
2016-05-22 06:20:00,58.014717046877884
2016-05-22 06:30:00,57.12222439492722
2016-05-22 06:40:00,59.06298211869697
2016-05-22 06:50:00,63.761000830026134
2016-05-22 07:00:00,61.22090369287279
2016-05-22 07:10:00,59.56110467658578
2016-05-22 07:20:00,60.4661580682304
2016-05-22 07:30:00,62.32966296993269
2016-05-22 07:40:00,62.584344114076586
2016-05-22 07:50:00,65.14062020837686
2016-05-22 08:00:00,66.3446759550573
2016-05-22 08:10:00,62.175518989006726
2016-05-22 08:20:00,71.88932867778618
2016-05-22 08:30:00,73.78440051514677
2016-05-22 08:40:00,74.07126144829446
2016-05-22 08:50:00,130.2081112616651
2016-05-22 09:00:00,111.96301212021845
2016-05-22 09:10:00,122.51008339691062
2016-05-22 09:20:00,92.83350654012031
2016-05-22 09:30:00,93.30383495138955
2016-05-22 09:40:00,92.61202198857542
2016-05-22 09:50:00,113.97326408159968
2016-05-22 10:00:00,131.98952181838112
2016-05-22 10:10:00,227.40271458173663
2016-05-22 10:20:00,257.83065015007014
2016-05-22 10:30:00,245.86005777965826
2016-05-22 10:40:00,203.94362030820352
2016-05-22 10:50:00,244.17683125074095
2016-05-22 11:00:00,215.10586580179026
2016-05-22 11:10:00,166.87096801923076
2016-05-22 11:20:00,230.17419520673766
2016-05-22 11:30:00,195.78139087933192
2016-05-22 11:40:00,186.86894076742755
2016-05-22 11:50:00,170.5448684915877
2016-05-22 12:00:00,124.77093084637916
2016-05-22 12:10:00,134.1019894420718
2016-05-22 12:20:00,123.970544571495
2016-05-22 12:30:00,133.08451452293258
2016-05-22 12:40:00,150.67656032016637
2016-05-22 12:50:00,156.28452409385918
2016-05-22 13:00:00,152.39168365666634
2016-05-22 13:10:00,141.81585816235238
2016-05-22 13:20:00,167.8952083825656
2016-05-22 13:30:00,156.45636996908456
2016-05-22 13:40:00,182.52588197521393
2016-05-22 13:50:00,144.26947788682622
2016-05-22 14:00:00,126.13831782440056
2016-05-22 14:10:00,125.03827965130925
2016-05-22 14:20:00,132.78897909042658
2016-05-22 14:30:00,129.55267981562875
2016-05-22 14:40:00,123.00097918179361
2016-05-22 14:50:00,125.32360908484925
2016-05-22 15:00:00,118.38335035822298
2016-05-22 15:10:00,116.58575082838313
2016-05-22 15:20:00,109.66331978306046
2016-05-22 15:30:00,113.03461400140766
2016-05-22 15:40:00,113.10002954294872
2016-05-22 15:50:00,114.90668269473214
2016-05-22 16:00:00,105.92666560792935
2016-05-22 16:10:00,103.70374318528076
2016-05-22 16:20:00,102.4398012049021
2016-05-22 16:30:00,95.36129860548144
2016-05-22 16:40:00,103.781432930009
2016-05-22 16:50:00,100.78079226339634
2016-05-22 17:00:00,104.17197135093953
2016-05-22 17:10:00,101.45108862435704
2016-05-22 17:20:00,172.29599376299439
2016-05-22 17:30:00,173.57993064076442
2016-05-22 17:40:00,186.0896075206751
2016-05-22 17:50:00,183.46169007545444
2016-05-22 18:00:00,165.22984553437564
2016-05-22 18:10:00,143.3641136446807
2016-05-22 18:20:00,135.12541694952833
2016-05-22 18:30:00,143.6766524378273
2016-05-22 18:40:00,154.42265459033752
2016-05-22 18:50:00,151.27551516856818
2016-05-22 19:00:00,149.2428568580722
2016-05-22 19:10:00,140.32811039097405
2016-05-22 19:20:00,121.56351906179327
2016-05-22 19:30:00,117.56187344273032
2016-05-22 19:40:00,115.80516290367379
2016-05-22 19:50:00,110.87713112729183
2016-05-22 20:00:00,104.60450863943795
2016-05-22 20:10:00,105.13570972134498
2016-05-22 20:20:00,110.86697166641076
2016-05-22 20:30:00,118.46987725848264
2016-05-22 20:40:00,116.6661274258757
2016-05-22 20:50:00,115.91828492398933
2016-05-22 21:00:00,111.21143148462184
2016-05-22 21:10:00,102.75525788135494
2016-05-22 21:20:00,88.87447474620578
2016-05-22 21:30:00,100.41543969723098
2016-05-22 21:40:00,101.27922450792806
2016-05-22 21:50:00,89.96953994979975
2016-05-22 22:00:00,78.77192293379906
2016-05-22 22:10:00,70.18819648397934
2016-05-22 22:20:00,73.90884902693904
2016-05-22 22:30:00,62.640393521018936
2016-05-22 22:40:00,69.36319063555163
2016-05-22 22:50:00,83.31208024559972
2016-05-22 23:00:00,72.80785398945213
2016-05-22 23:10:00,63.09989032708968
2016-05-22 23:20:00,58.58922146122333
2016-05-22 23:30:00,69.68810701234108
2016-05-22 23:40:00,70.54734028656979
2016-05-22 23:50:00,67.10351951095211
2016-05-23 00:00:00,63.154642640238905
2016-05-23 00:10:00,59.244771924503574
2016-05-23 00:20:00,58.28702271481457
2016-05-23 00:30:00,58.763208381937616
2016-05-23 00:40:00,59.428154978340636
2016-05-23 00:50:00,59.802865173441944
2016-05-23 01:00:00,59.66917505686423
2016-05-23 01:10:00,55.868165175982426
2016-05-23 01:20:00,55.68556622386321
2016-05-23 01:30:00,57.30015742023522
2016-05-23 01:40:00,57.948819739640335
2016-05-23 01:50:00,57.833033729778144
2016-05-23 02:00:00,57.21252603880609
2016-05-23 02:10:00,59.1345071816716
2016-05-23 02:20:00,57.08107841815376
2016-05-23 02:30:00,58.20583015092955
2016-05-23 02:40:00,58.809495956511924
2016-05-23 02:50:00,58.39777924028363
2016-05-23 03:00:00,58.13186718191526
2016-05-23 03:10:00,57.673030291503885
2016-05-23 03:20:00,54.8657428339435
2016-05-23 03:30:00,57.72348189565716
2016-05-23 03:40:00,56.65898789974658
2016-05-23 03:50:00,56.01462109185576
2016-05-23 04:00:00,56.13040735684434
2016-05-23 04:10:00,56.64620919011701
2016-05-23 04:20:00,56.712304480466265
2016-05-23 04:30:00,56.32938425738351
2016-05-23 04:40:00,52.31351509902902
2016-05-23 04:50:00,56.21769285460486
2016-05-23 05:00:00,57.735875240199746
2016-05-23 05:10:00,59.55631243422504
2016-05-23 05:20:00,70.36440050213977
2016-05-23 05:30:00,63.294133433460104
2016-05-23 05:40:00,64.0858830479999
2016-05-23 05:50:00,67.7507325529982
2016-05-23 06:00:00,60.11507384263475
2016-05-23 06:10:00,62.028576602692475
2016-05-23 06:20:00,62.69407901665822
2016-05-23 06:30:00,62.94040430813119
2016-05-23 06:40:00,59.409120353167154
2016-05-23 06:50:00,66.87662547925468
2016-05-23 07:00:00,60.362250017224255
2016-05-23 07:10:00,59.74508021731527
2016-05-23 07:20:00,60.364202618355165
2016-05-23 07:30:00,56.406548545140744
2016-05-23 07:40:00,64.4355906984049
2016-05-23 07:50:00,59.39112812046658
2016-05-23 08:00:00,61.70903278332087
2016-05-23 08:10:00,60.20213645263209
2016-05-23 08:20:00,58.16286647587556
2016-05-23 08:30:00,58.15011633424832
2016-05-23 08:40:00,60.797002369093406
2016-05-23 08:50:00,64.69255625593465
2016-05-23 09:00:00,74.12093392767412
2016-05-23 09:10:00,69.94139295352312
2016-05-23 09:20:00,70.19083329793439
2016-05-23 09:30:00,64.19114987872909
2016-05-23 09:40:00,69.81937497947504
2016-05-23 09:50:00,65.16003889697348
2016-05-23 10:00:00,65.2610872249346
2016-05-23 10:10:00,58.89571824829189
2016-05-23 10:20:00,56.49593699263308
2016-05-23 10:30:00,58.34980148932767
2016-05-23 10:40:00,55.522666639893636
2016-05-23 10:50:00,69.50237989427883
2016-05-23 11:00:00,68.42438005586979
2016-05-23 11:10:00,71.14467365795562
2016-05-23 11:20:00,70.68875663638323
2016-05-23 11:30:00,73.89147349053353
2016-05-23 11:40:00,70.00402030696834
2016-05-23 11:50:00,71.69203959478641
2016-05-23 12:00:00,72.08702400792328
2016-05-23 12:10:00,67.99036429767733
2016-05-23 12:20:00,50.59777931156127
2016-05-23 12:30:00,55.475856904128534
2016-05-23 12:40:00,67.48769396026412
2016-05-23 12:50:00,69.46446983787163
2016-05-23 13:00:00,76.66858184126822
2016-05-23 13:10:00,77.6735835156218
2016-05-23 13:20:00,56.00264754602258
2016-05-23 13:30:00,60.52048510453959
2016-05-23 13:40:00,67.31837358862708
2016-05-23 13:50:00,59.261463724100494
2016-05-23 14:00:00,63.42594306066137
2016-05-23 14:10:00,63.382673477787094
2016-05-23 14:20:00,62.2775050418753
2016-05-23 14:30:00,51.644477709989545
2016-05-23 14:40:00,56.73135970022897
2016-05-23 14:50:00,48.69654009413316
2016-05-23 15:00:00,69.65696630491489
2016-05-23 15:10:00,77.177015088544
2016-05-23 15:20:00,73.41561618034666
2016-05-23 15:30:00,72.65150590193238
2016-05-23 15:40:00,80.34418745336657
2016-05-23 15:50:00,59.841273188689875
2016-05-23 16:00:00,88.8936905682555
2016-05-23 16:10:00,79.41758902662637
2016-05-23 16:20:00,72.28312121268031
2016-05-23 16:30:00,59.279173072381866
2016-05-23 16:40:00,69.85319925999615
2016-05-23 16:50:00,109.57908128040344
2016-05-23 17:00:00,180.97617127441868
2016-05-23 17:10:00,184.90244034067217
2016-05-23 17:20:00,211.245514461406
2016-05-23 17:30:00,203.95765682571945
2016-05-23 17:40:00,195.02444714228557
2016-05-23 17:50:00,192.5627146337567
2016-05-23 18:00:00,179.56712654954796
2016-05-23 18:10:00,183.09230966891144
2016-05-23 18:20:00,133.32125702400256
2016-05-23 18:30:00,149.89453639251747
2016-05-23 18:40:00,158.26968441046162
2016-05-23 18:50:00,155.03727018931122
2016-05-23 19:00:00,147.30295968136022
2016-05-23 19:10:00,131.64919694385262
2016-05-23 19:20:00,145.03067973281486
2016-05-23 19:30:00,112.45131795515715
2016-05-23 19:40:00,112.3827159408865
2016-05-23 19:50:00,113.02497884711836
2016-05-23 20:00:00,112.19908358022586
2016-05-23 20:10:00,109.0749470509779
2016-05-23 20:20:00,104.28323293949295
2016-05-23 20:30:00,105.37553937350165
2016-05-23 20:40:00,98.35011758687605
2016-05-23 20:50:00,97.55012610861246
2016-05-23 21:00:00,89.88907909096751
2016-05-23 21:10:00,79.36452735715102
2016-05-23 21:20:00,72.13757534079681
2016-05-23 21:30:00,67.38240587915362
2016-05-23 21:40:00,67.53339365102039
2016-05-23 21:50:00,61.3778006668049
2016-05-23 22:00:00,63.47551158488841
2016-05-23 22:10:00,58.569380271967034
2016-05-23 22:20:00,57.17517778270803
2016-05-23 22:30:00,61.405524596499184
2016-05-23 22:40:00,64.85544401208666
2016-05-23 22:50:00,62.27027088128896
2016-05-23 23:00:00,53.96730871047219
2016-05-23 23:10:00,47.4090047921083
2016-05-23 23:20:00,58.38260878727945
2016-05-23 23:30:00,54.463416861198986
2016-05-23 23:40:00,55.33331928520928
2016-05-23 23:50:00,55.83359963444636
2016-05-24 00:00:00,52.26545991926275
2016-05-24 00:10:00,55.08990246613391
2016-05-24 00:20:00,56.71602101565672
2016-05-24 00:30:00,54.704125946402804
2016-05-24 00:40:00,48.9307905934593
2016-05-24 00:50:00,54.6643014961421
2016-05-24 01:00:00,57.06205884742537
2016-05-24 01:10:00,56.36011310210376
2016-05-24 01:20:00,54.87629555064143
2016-05-24 01:30:00,56.60678928342001
2016-05-24 01:40:00,57.174471759246295
2016-05-24 01:50:00,56.1543073338297
2016-05-24 02:00:00,55.31898632295892
2016-05-24 02:10:00,51.100022369608105
2016-05-24 02:20:00,55.24575510770608
2016-05-24 02:30:00,54.273970576054595
2016-05-24 02:40:00,56.06816591169634
2016-05-24 02:50:00,53.37132516204896
2016-05-24 03:00:00,55.36350863626689
2016-05-24 03:10:00,52.90524072242096
2016-05-24 03:20:00,51.31543960307072
2016-05-24 03:30:00,52.463889625783985
2016-05-24 03:40:00,54.15353588502542
2016-05-24 03:50:00,54.85663329989433
2016-05-24 04:00:00,57.02194774392399
2016-05-24 04:10:00,57.45465279324676
2016-05-24 04:20:00,52.765737158381825
2016-05-24 04:30:00,50.84621243313703
2016-05-24 04:40:00,53.71278298983543
2016-05-24 04:50:00,58.328392544600256
2016-05-24 05:00:00,59.271165930144214
2016-05-24 05:10:00,55.357620146612085
2016-05-24 05:20:00,70.66843373919443
2016-05-24 05:30:00,61.49374530177858
2016-05-24 05:40:00,50.88724419533781
2016-05-24 05:50:00,57.97699586328385
2016-05-24 06:00:00,142.25908704533205
2016-05-24 06:10:00,83.53556764277779
2016-05-24 06:20:00,76.35619998628874
2016-05-24 06:30:00,79.76171984848266
2016-05-24 06:40:00,80.41084188566099
2016-05-24 06:50:00,75.04685937462959
2016-05-24 07:00:00,67.829063657303
2016-05-24 07:10:00,76.72203323990443
2016-05-24 07:20:00,84.24987671740618
2016-05-24 07:30:00,86.59745180342641
2016-05-24 07:40:00,92.21183918271191
2016-05-24 07:50:00,104.16387043861292
2016-05-24 08:00:00,97.17148556291374
2016-05-24 08:10:00,81.23030689468814
2016-05-24 08:20:00,63.69238514240003
2016-05-24 08:30:00,59.19055280990905
2016-05-24 08:40:00,61.94556320298438
2016-05-24 08:50:00,54.557900002521684
2016-05-24 09:00:00,54.406549456048324
2016-05-24 09:10:00,53.186497073799615
2016-05-24 09:20:00,49.12309736401138
2016-05-24 09:30:00,51.907338328283025
2016-05-24 09:40:00,56.02682369602631
2016-05-24 09:50:00,56.63487344821688
2016-05-24 10:00:00,64.15207805290412
2016-05-24 10:10:00,58.38777055313085
2016-05-24 10:20:00,58.68713945965923
2016-05-24 10:30:00,56.518879372389115
2016-05-24 10:40:00,54.41291641806425
2016-05-24 10:50:00,54.04040157896797
2016-05-24 11:00:00,59.734003671764455
2016-05-24 11:10:00,72.17933803033795
2016-05-24 11:20:00,72.89385983012369
2016-05-24 11:30:00,77.86643149917472
2016-05-24 11:40:00,85.54120828177143
2016-05-24 11:50:00,83.97414381010222
2016-05-24 12:00:00,92.1331447140156
2016-05-24 12:10:00,88.81505007611254
2016-05-24 12:20:00,138.71323064082821
2016-05-24 12:30:00,111.27729535713318
2016-05-24 12:40:00,88.96813775181693
2016-05-24 12:50:00,96.44935031759643
2016-05-24 13:00:00,104.02419345730256
2016-05-24 13:10:00,107.64060120353828
2016-05-24 13:20:00,114.83437796484267
2016-05-24 13:30:00,115.73043814841088
2016-05-24 13:40:00,140.86650193668342
2016-05-24 13:50:00,136.45742550072472
2016-05-24 14:00:00,151.13567192261405
2016-05-24 14:10:00,137.4823945692743
2016-05-24 14:20:00,137.3709275716116
2016-05-24 14:30:00,132.93087644944603
2016-05-24 14:40:00,128.59494274137614
2016-05-24 14:50:00,126.98302856909308
2016-05-24 15:00:00,124.72612154457472
2016-05-24 15:10:00,124.28394226751577
2016-05-24 15:20:00,126.40855301141762
2016-05-24 15:30:00,121.06757722556651
2016-05-24 15:40:00,122.98791601138308
2016-05-24 15:50:00,126.88863906723137
2016-05-24 16:00:00,125.79403594077951
2016-05-24 16:10:00,122.64965510059565
2016-05-24 16:20:00,124.81706563623776
2016-05-24 16:30:00,123.82042717080927
2016-05-24 16:40:00,123.89996850776458
2016-05-24 16:50:00,136.61584159857463
2016-05-24 17:00:00,130.21412645073116
2016-05-24 17:10:00,143.1740782883025
2016-05-24 17:20:00,153.53688056911665
2016-05-24 17:30:00,155.61209118902812
2016-05-24 17:40:00,160.97151283626178
2016-05-24 17:50:00,146.81537304396434
2016-05-24 18:00:00,211.23013573200777
2016-05-24 18:10:00,238.27700686576117
2016-05-24 18:20:00,171.51024130114502
2016-05-24 18:30:00,132.12419322407834
2016-05-24 18:40:00,135.76907587285228
2016-05-24 18:50:00,138.814558922792
2016-05-24 19:00:00,134.31906170482782
2016-05-24 19:10:00,130.48328829899958
2016-05-24 19:20:00,129.8539210822566
2016-05-24 19:30:00,156.62549809687724
2016-05-24 19:40:00,124.15922087165332
2016-05-24 19:50:00,123.82622885993327
2016-05-24 20:00:00,124.1728251459793
2016-05-24 20:10:00,123.20787286541535
2016-05-24 20:20:00,117.92650877006925
2016-05-24 20:30:00,107.71725159406925
2016-05-24 20:40:00,100.36695648991561
2016-05-24 20:50:00,109.74973865696026
2016-05-24 21:00:00,90.75102571107915
2016-05-24 21:10:00,75.23289915450907
2016-05-24 21:20:00,73.15615471870784
2016-05-24 21:30:00,74.43147322303128
2016-05-24 21:40:00,70.02272290451893
2016-05-24 21:50:00,59.27954184797487
2016-05-24 22:00:00,57.159840167711565
2016-05-24 22:10:00,69.62744189744363
2016-05-24 22:20:00,63.76881003887708
2016-05-24 22:30:00,62.85052504066071
2016-05-24 22:40:00,58.264928930239016
2016-05-24 22:50:00,57.310345330291334
2016-05-24 23:00:00,62.68251027380189
2016-05-24 23:10:00,55.19563508920514
2016-05-24 23:20:00,58.12163085705044
2016-05-24 23:30:00,51.00156599175888
2016-05-24 23:40:00,52.077231054737716
2016-05-24 23:50:00,54.29334754706892
2016-05-25 00:00:00,50.43626730453669
2016-05-25 00:10:00,53.986108536252466
2016-05-25 00:20:00,55.63403736034195
2016-05-25 00:30:00,53.42085797695125
2016-05-25 00:40:00,55.10602259115436
2016-05-25 00:50:00,53.801714796774064
2016-05-25 01:00:00,53.367524871111705
2016-05-25 01:10:00,53.930860876046616
2016-05-25 01:20:00,54.78697953411144
2016-05-25 01:30:00,54.91099295310555
2016-05-25 01:40:00,54.39175143496179
2016-05-25 01:50:00,54.15998333602016
2016-05-25 02:00:00,58.82936958734482
2016-05-25 02:10:00,55.48360553398817
2016-05-25 02:20:00,55.095619248638386
2016-05-25 02:30:00,51.40330165499469
2016-05-25 02:40:00,50.79262171981859
2016-05-25 02:50:00,56.13490351645518
2016-05-25 03:00:00,57.20677041094971
2016-05-25 03:10:00,56.49297234224129
2016-05-25 03:20:00,45.78524355583611
2016-05-25 03:30:00,50.216367738380555
2016-05-25 03:40:00,55.12080855140157
2016-05-25 03:50:00,55.9647188625881
2016-05-25 04:00:00,55.16995922572634
2016-05-25 04:10:00,53.88502055053549
2016-05-25 04:20:00,53.67183743622453
2016-05-25 04:30:00,56.407325068142946
2016-05-25 04:40:00,57.135285299429206
2016-05-25 04:50:00,52.7974986444065
2016-05-25 05:00:00,50.76683732505486
2016-05-25 05:10:00,56.325060669047154
2016-05-25 05:20:00,58.372107347177426
2016-05-25 05:30:00,62.853097752074916
2016-05-25 05:40:00,56.20397568943995
2016-05-25 05:50:00,53.51073040513185
2016-05-25 06:00:00,55.7334366324922
2016-05-25 06:10:00,54.71903951450078
2016-05-25 06:20:00,48.69330837546542
2016-05-25 06:30:00,56.217769000811494
2016-05-25 06:40:00,59.11973489128259
2016-05-25 06:50:00,57.86836863097811
2016-05-25 07:00:00,64.25680254993944
2016-05-25 07:10:00,65.1321076881081
2016-05-25 07:20:00,63.18445284059641
2016-05-25 07:30:00,70.81761279402444
2016-05-25 07:40:00,57.33374361067865
2016-05-25 07:50:00,62.32530319946755
2016-05-25 08:00:00,69.68553164130455
2016-05-25 08:10:00,69.13591731380315
2016-05-25 08:20:00,72.15204718410182
2016-05-25 08:30:00,88.56814715709663
2016-05-25 08:40:00,72.2960933541497
2016-05-25 08:50:00,88.45113502845605
2016-05-25 09:00:00,75.14641509877288
2016-05-25 09:10:00,74.62415344224078
2016-05-25 09:20:00,83.72017179693054
2016-05-25 09:30:00,81.45644926156754
2016-05-25 09:40:00,73.54909032000369
2016-05-25 09:50:00,75.39826973936077
2016-05-25 10:00:00,74.68277668761934
2016-05-25 10:10:00,76.80654120512978
2016-05-25 10:20:00,60.80943173437972
2016-05-25 10:30:00,78.8285295503051
2016-05-25 10:40:00,75.02831160791996
2016-05-25 10:50:00,89.35124126428568
2016-05-25 11:00:00,79.05593202507919
2016-05-25 11:10:00,65.71638418597935
2016-05-25 11:20:00,67.71349140989253
2016-05-25 11:30:00,59.219205231500354
2016-05-25 11:40:00,58.96113765500315
2016-05-25 11:50:00,57.75925286404179
2016-05-25 12:00:00,58.138624644035545
2016-05-25 12:10:00,54.5908560039253
2016-05-25 12:20:00,62.67800036171873
2016-05-25 12:30:00,67.53546349714081
2016-05-25 12:40:00,63.033068910428184
2016-05-25 12:50:00,52.90832232785985
2016-05-25 13:00:00,57.90451333898672
2016-05-25 13:10:00,72.45522777758546
2016-05-25 13:20:00,57.23673527283071
2016-05-25 13:30:00,66.87569723117991
2016-05-25 13:40:00,77.99791062988744
2016-05-25 13:50:00,72.5308609966833
2016-05-25 14:00:00,80.47747325316372
2016-05-25 14:10:00,70.7839355208994
2016-05-25 14:20:00,76.23305736440648
2016-05-25 14:30:00,78.36906267829856
2016-05-25 14:40:00,76.24142541965642
2016-05-25 14:50:00,77.1957599076969
2016-05-25 15:00:00,65.29226070120927
2016-05-25 15:10:00,88.90503488403724
2016-05-25 15:20:00,85.80376867436253
2016-05-25 15:30:00,91.60837610943199
2016-05-25 15:40:00,77.07491538903487
2016-05-25 15:50:00,83.80066415303855
2016-05-25 16:00:00,87.22886326825167
2016-05-25 16:10:00,84.3978827004133
2016-05-25 16:20:00,96.15480285702328
2016-05-25 16:30:00,199.7944372343619
2016-05-25 16:40:00,150.4097943283845
2016-05-25 16:50:00,185.74959242291592
2016-05-25 17:00:00,133.97052347482312
2016-05-25 17:10:00,148.80672672145946
2016-05-25 17:20:00,113.1543806935949
2016-05-25 17:30:00,127.84565076230729
2016-05-25 17:40:00,156.55786010790956
2016-05-25 17:50:00,190.16479243058836
2016-05-25 18:00:00,165.49159422592865
2016-05-25 18:10:00,112.39743669063134
2016-05-25 18:20:00,117.2036856501247
2016-05-25 18:30:00,136.35069022348148
2016-05-25 18:40:00,154.30404233178996
2016-05-25 18:50:00,126.05140525105874
2016-05-25 19:00:00,131.20886408755854
2016-05-25 19:10:00,134.97118504334497
2016-05-25 19:20:00,133.6964381086936
2016-05-25 19:30:00,125.73214636153787
2016-05-25 19:40:00,124.86674741206775
2016-05-25 19:50:00,121.28738215710294
2016-05-25 20:00:00,120.38172014161998
2016-05-25 20:10:00,113.37646979623844
2016-05-25 20:20:00,108.10989744252159
2016-05-25 20:30:00,129.6451274229758
2016-05-25 20:40:00,123.93698370913816
2016-05-25 20:50:00,116.47011636101242
2016-05-25 21:00:00,92.23819471286303
2016-05-25 21:10:00,105.5733536412871
2016-05-25 21:20:00,94.40941582599517
2016-05-25 21:30:00,76.41125537863302
2016-05-25 21:40:00,60.6168717736306
2016-05-25 21:50:00,53.9985575667431
2016-05-25 22:00:00,54.661980774843066
2016-05-25 22:10:00,44.97513015928622
2016-05-25 22:20:00,48.967771543324
2016-05-25 22:30:00,52.60542621481727
2016-05-25 22:40:00,56.52839597736089
2016-05-25 22:50:00,53.88861497894448
2016-05-25 23:00:00,54.67442689904591
2016-05-25 23:10:00,51.39711918076753
2016-05-25 23:20:00,54.65535193908333
2016-05-25 23:30:00,51.905360583468884
2016-05-25 23:40:00,54.71861784732711
2016-05-25 23:50:00,50.49645456107099
2016-05-26 00:00:00,49.27128462958724
2016-05-26 00:10:00,51.70329615683874
2016-05-26 00:20:00,53.049733202998965
2016-05-26 00:30:00,53.76835415329917
2016-05-26 00:40:00,53.37783778713842
2016-05-26 00:50:00,55.89666112628094
2016-05-26 01:00:00,53.67580669720913
2016-05-26 01:10:00,54.978372018390395
2016-05-26 01:20:00,55.72961547361877
2016-05-26 01:30:00,55.0545362162572
2016-05-26 01:40:00,49.544932037451645
2016-05-26 01:50:00,49.17824356766912
2016-05-26 02:00:00,56.09055657956288
2016-05-26 02:10:00,55.276631933975835
2016-05-26 02:20:00,52.24823623539479
2016-05-26 02:30:00,46.06669547091932
2016-05-26 02:40:00,52.72126928594067
2016-05-26 02:50:00,56.163212934615466
2016-05-26 03:00:00,57.76113664150157
2016-05-26 03:10:00,54.47678386865781
2016-05-26 03:20:00,55.26897316908654
2016-05-26 03:30:00,52.72793776178699
2016-05-26 03:40:00,55.17712470012295
2016-05-26 03:50:00,52.84851948596466
2016-05-26 04:00:00,55.167097531323996
2016-05-26 04:10:00,56.20677203784904
2016-05-26 04:20:00,51.29550652313497
2016-05-26 04:30:00,49.53441755621686
2016-05-26 04:40:00,51.91922947471722
2016-05-26 04:50:00,54.51875352758522
2016-05-26 05:00:00,55.14196216669071
2016-05-26 05:10:00,54.23057877505876
2016-05-26 05:20:00,57.42468024856017
2016-05-26 05:30:00,55.04096098615372
2016-05-26 05:40:00,56.38471669913314
2016-05-26 05:50:00,52.45556247545113
2016-05-26 06:00:00,55.60852212468186
2016-05-26 06:10:00,57.170744189858674
2016-05-26 06:20:00,56.64553706649051
2016-05-26 06:30:00,59.80602586338222
2016-05-26 06:40:00,79.95313203007865
2016-05-26 06:50:00,54.73653210637686
2016-05-26 07:00:00,50.93968860328069
2016-05-26 07:10:00,56.305252852387724
2016-05-26 07:20:00,70.32647072183855
2016-05-26 07:30:00,61.273731898114384
2016-05-26 07:40:00,100.79707805803618
2016-05-26 07:50:00,81.28766504668468
2016-05-26 08:00:00,74.46176720540954
2016-05-26 08:10:00,92.45101881193396
2016-05-26 08:20:00,108.53459931121795
2016-05-26 08:30:00,86.75948376931338
2016-05-26 08:40:00,70.88230010661502
2016-05-26 08:50:00,74.69276739461597
2016-05-26 09:00:00,86.63381539861216
2016-05-26 09:10:00,91.91283715093128
2016-05-26 09:20:00,72.97450017057092
2016-05-26 09:30:00,95.28550469956738
2016-05-26 09:40:00,98.06710626073476
2016-05-26 09:50:00,92.97105365308956
2016-05-26 10:00:00,235.34349750294768
2016-05-26 10:10:00,224.28371032709285
2016-05-26 10:20:00,256.28964717835
2016-05-26 10:30:00,245.0516828098593
2016-05-26 10:40:00,217.9099172789463
2016-05-26 10:50:00,192.7639132838475
2016-05-26 11:00:00,133.25235464685488
2016-05-26 11:10:00,149.25233516711194
2016-05-26 11:20:00,156.46828009734622
2016-05-26 11:30:00,166.38253599156806
2016-05-26 11:40:00,173.84702012427218
2016-05-26 11:50:00,186.466223336954
2016-05-26 12:00:00,309.12666118895976
2016-05-26 12:10:00,259.44361538033934
2016-05-26 12:20:00,256.1869053474618
2016-05-26 12:30:00,230.67294186103788
2016-05-26 12:40:00,217.40133620314066
2016-05-26 12:50:00,186.63438311887847
2016-05-26 13:00:00,144.39628631765706
2016-05-26 13:10:00,163.6765551776155
2016-05-26 13:20:00,169.6563927512757
2016-05-26 13:30:00,147.20129622614928
2016-05-26 13:40:00,150.51251514985444
2016-05-26 13:50:00,128.46257127544462
2016-05-26 14:00:00,129.10005295176867
2016-05-26 14:10:00,106.13097764467267
2016-05-26 14:20:00,106.98715407147091
2016-05-26 14:30:00,94.61875140996666
2016-05-26 14:40:00,91.38255689648132
2016-05-26 14:50:00,93.10614058208192
2016-05-26 15:00:00,75.35063781645287
2016-05-26 15:10:00,73.230108506328
2016-05-26 15:20:00,68.8291115352104
2016-05-26 15:30:00,65.1729324333023
2016-05-26 15:40:00,63.46595976616963
2016-05-26 15:50:00,55.8249146909049
2016-05-26 16:00:00,69.51952405830511
2016-05-26 16:10:00,74.66773748925743
2016-05-26 16:20:00,101.20617935071016
2016-05-26 16:30:00,138.54336398399857
2016-05-26 16:40:00,156.360633766349
2016-05-26 16:50:00,187.70782622563365
2016-05-26 17:00:00,191.00654107264614
2016-05-26 17:10:00,177.4261456067303
2016-05-26 17:20:00,178.24098006160688
2016-05-26 17:30:00,192.21211738972605
2016-05-26 17:40:00,183.02546437477932
2016-05-26 17:50:00,146.52651411904344
2016-05-26 18:00:00,157.6801669395146
2016-05-26 18:10:00,161.6692575803527
2016-05-26 18:20:00,150.12931603119262
2016-05-26 18:30:00,148.1208553286882
2016-05-26 18:40:00,148.84046189015947
2016-05-26 18:50:00,227.82394889055465
2016-05-26 19:00:00,184.3688199326815
2016-05-26 19:10:00,231.23556493232792
2016-05-26 19:20:00,214.76009925282668
2016-05-26 19:30:00,229.60441431900114
2016-05-26 19:40:00,223.44763865493448
2016-05-26 19:50:00,143.1215672926562
2016-05-26 20:00:00,117.65210834618411
2016-05-26 20:10:00,130.06514149469996
2016-05-26 20:20:00,133.13953910897803
2016-05-26 20:30:00,128.8205505229282
2016-05-26 20:40:00,119.59709681607048
2016-05-26 20:50:00,84.96066199314407
2016-05-26 21:00:00,91.7702511284793
2016-05-26 21:10:00,81.45524137455365
2016-05-26 21:20:00,84.02635778838624
2016-05-26 21:30:00,70.91216892752075
2016-05-26 21:40:00,51.534633734912376
2016-05-26 21:50:00,66.19059407848323
2016-05-26 22:00:00,58.59891369099458
2016-05-26 22:10:00,63.84384401820316
2016-05-26 22:20:00,59.45809254657428
2016-05-26 22:30:00,61.027101265216025
2016-05-26 22:40:00,58.539480680625616
2016-05-26 22:50:00,57.89185630725715
2016-05-26 23:00:00,56.970022747384185
2016-05-26 23:10:00,59.68551072388235
2016-05-26 23:20:00,58.31072337360112
2016-05-26 23:30:00,59.867440089437466
2016-05-26 23:40:00,58.18274506908422
2016-05-26 23:50:00,60.03588272087154
2016-05-27 00:00:00,61.722790519435705
2016-05-27 00:10:00,56.58219798555046
2016-05-27 00:20:00,55.3280168612455
2016-05-27 00:30:00,57.50498750634521
2016-05-27 00:40:00,54.756531946672254
2016-05-27 00:50:00,55.888901031071065
2016-05-27 01:00:00,57.036104286887195
2016-05-27 01:10:00,57.11301817468042
2016-05-27 01:20:00,56.53753015372752
2016-05-27 01:30:00,55.76909477843539
2016-05-27 01:40:00,52.392237055217265
2016-05-27 01:50:00,55.50440206580423
2016-05-27 02:00:00,57.579393905381075
2016-05-27 02:10:00,57.19885590682908
2016-05-27 02:20:00,48.01542881344631
2016-05-27 02:30:00,54.27002375995446
2016-05-27 02:40:00,53.34102957295391
2016-05-27 02:50:00,56.51915242868037
2016-05-27 03:00:00,55.6511341745296
2016-05-27 03:10:00,53.62896607257962
2016-05-27 03:20:00,55.83271459896124
2016-05-27 03:30:00,56.68399582416015
2016-05-27 03:40:00,56.161065881231764
2016-05-27 03:50:00,55.00257649498598
2016-05-27 04:00:00,51.04117014618259
2016-05-27 04:10:00,54.95380790383139
2016-05-27 04:20:00,57.04304896366845
2016-05-27 04:30:00,56.71994530377348
2016-05-27 04:40:00,55.50679494910453
2016-05-27 04:50:00,50.83224794182301
2016-05-27 05:00:00,54.717321877118124
2016-05-27 05:10:00,57.369615713905446
2016-05-27 05:20:00,57.14643303322188
2016-05-27 05:30:00,56.34969137881693
2016-05-27 05:40:00,56.121289024280166
2016-05-27 05:50:00,56.74914910130023
2016-05-27 06:00:00,53.411001627153105
2016-05-27 06:10:00,56.87303186196621
2016-05-27 06:20:00,58.208899590438186
2016-05-27 06:30:00,86.21239405567185
2016-05-27 06:40:00,74.88166652387915
2016-05-27 06:50:00,61.19507157988434
2016-05-27 07:00:00,57.11075464910247
2016-05-27 07:10:00,61.64340246584241
2016-05-27 07:20:00,63.11859906176937
2016-05-27 07:30:00,64.82622535796492
2016-05-27 07:40:00,64.26437857148652
2016-05-27 07:50:00,103.1580786440145
2016-05-27 08:00:00,89.83786572355203
2016-05-27 08:10:00,126.4049088491777
2016-05-27 08:20:00,133.28767630213386
2016-05-27 08:30:00,97.15444429367032
2016-05-27 08:40:00,83.8583749066393
2016-05-27 08:50:00,105.32276731064215
2016-05-27 09:00:00,139.77267422603092
2016-05-27 09:10:00,133.66643880770675
2016-05-27 09:20:00,124.47625693570056
2016-05-27 09:30:00,138.38380322418485
2016-05-27 09:40:00,186.0938142426725
2016-05-27 09:50:00,154.44190722480283
2016-05-27 10:00:00,213.5733943842793
2016-05-27 10:10:00,160.57026928844465
2016-05-27 10:20:00,222.52102416563406
2016-05-27 10:30:00,242.16029401226083
2016-05-27 10:40:00,219.06506755172612
2016-05-27 10:50:00,159.4414664350046
2016-05-27 11:00:00,122.37558993994894
2016-05-27 11:10:00,123.36874004755171
2016-05-27 11:20:00,155.1132476485694
2016-05-27 11:30:00,126.27801533554582
2016-05-27 11:40:00,289.1715537792054
2016-05-27 11:50:00,286.79271689167797
2016-05-27 12:00:00,261.43174357320595
2016-05-27 12:10:00,243.07458367143423
2016-05-27 12:20:00,247.3221587767574
2016-05-27 12:30:00,211.65132825032003
2016-05-27 12:40:00,148.54263152479552
2016-05-27 12:50:00,156.11284080328602
2016-05-27 13:00:00,149.77910427778681
2016-05-27 13:10:00,145.39029656064517
2016-05-27 13:20:00,321.4803105429492
2016-05-27 13:30:00,220.68165111076198
2016-05-27 13:40:00,184.4588289756905
2016-05-27 13:50:00,205.25956153878755
2016-05-27 14:00:00,186.02067832303993
2016-05-27 14:10:00,165.69928466529535
2016-05-27 14:20:00,140.03999965167182
2016-05-27 14:30:00,156.912348927793
2016-05-27 14:40:00,116.57339617995463
2016-05-27 14:50:00,92.37987513990744
2016-05-27 15:00:00,79.46832815201945
2016-05-27 15:10:00,71.19184131878151
2016-05-27 15:20:00,66.14526898630213
2016-05-27 15:30:00,67.30890780132482
2016-05-27 15:40:00,72.05258714251899
2016-05-27 15:50:00,71.61322672389753
2016-05-27 16:00:00,62.44015479897127
2016-05-27 16:10:00,86.49698094304915
2016-05-27 16:20:00,98.50972454396386
2016-05-27 16:30:00,99.63109760307218
2016-05-27 16:40:00,105.43833720687451
2016-05-27 16:50:00,132.93412200197707
2016-05-27 17:00:00,121.281936498323
2016-05-27 17:10:00,116.02930816318198
2016-05-27 17:20:00,116.95819417816239
2016-05-27 17:30:00,118.34542505990375
2016-05-27 17:40:00,134.16940550589456
2016-05-27 17:50:00,140.40867716477237
2016-05-27 18:00:00,277.66899454108
